/home/rbruno
9548
target/shopcart-0.3.6/io/micronaut/core/io/buffer/ByteBuffer.class
target/shopcart-0.3.6/io/micronaut/core/io/buffer/ByteBufferFactory.class
target/shopcart-0.3.6/io/micronaut/core/io/service/SoftServiceLoader$UrlServicesLoader.class
target/shopcart-0.3.6/io/micronaut/core/io/service/ServiceDefinition.class
target/shopcart-0.3.6/io/micronaut/core/io/Writable.class
target/shopcart-0.3.6/io/micronaut/core/io/buffer/ReferenceCounted.class
target/shopcart-0.3.6/io/micronaut/core/io/ResourceLoader.class
target/shopcart-0.3.6/io/micronaut/core/io/service/SoftServiceLoader$Optimizations.class
target/shopcart-0.3.6/io/micronaut/core/io/Streamable.class
target/shopcart-0.3.6/io/micronaut/core/annotation/Indexed.class
target/shopcart-0.3.6/io/micronaut/core/io/service/SoftServiceLoader$StaticDefinition.class
target/shopcart-0.3.6/io/micronaut/core/io/service/SoftServiceLoader$1.class
target/shopcart-0.3.6/io/micronaut/core/io/service/DefaultServiceDefinition.class
target/shopcart-0.3.6/io/micronaut/core/io/Readable.class
target/shopcart-0.3.6/io/micronaut/core/io/service/SoftServiceLoader$ServiceInstanceLoader.class
target/shopcart-0.3.6/io/micronaut/core/io/service/SoftServiceLoader$ServiceCollector.class
target/shopcart-0.3.6/io/micronaut/core/io/service/SoftServiceLoader$RecursiveActionValuesCollector.class
target/shopcart-0.3.6/io/micronaut/core/io/service/SoftServiceLoader$StaticServicesLoaderIterator.class
target/shopcart-0.3.6/io/micronaut/core/io/service/SoftServiceLoader$DefaultServiceCollector.class
target/shopcart-0.3.6/io/micronaut/core/io/service/SoftServiceLoader$StaticServiceLoader.class
target/shopcart-0.3.6/io/micronaut/core/io/service/StreamSoftServiceLoader.class
target/shopcart-0.3.6/io/micronaut/core/io/service/SoftServiceLoader$ServiceLoaderIterator.class
target/shopcart-0.3.6/io/micronaut/core/io/scan/ClassPathResourceLoader.class
target/shopcart-0.3.6/io/micronaut/core/io/scan/BeanIntrospectionScanner.class
target/shopcart-0.3.6/io/micronaut/core/io/FileReadable.class
target/shopcart-0.3.6/io/micronaut/core/io/file/FileSystemResourceLoader.class
target/shopcart-0.3.6/io/micronaut/core/io/scan/AnnotationScanner.class
target/shopcart-0.3.6/io/micronaut/core/io/socket/SocketUtils.class
target/shopcart-0.3.6/io/micronaut/core/io/file/DefaultFileSystemResourceLoader.class
target/shopcart-0.3.6/io/micronaut/core/io/file/DefaultFileSystemResourceLoader$BaseDir.class
target/shopcart-0.3.6/io/micronaut/core/io/UrlReadable.class
target/shopcart-0.3.6/io/micronaut/core/io/IOUtils.class
target/shopcart-0.3.6/io/micronaut/core/io/ResourceResolver.class
target/shopcart-0.3.6/io/micronaut/core/annotation/TypeHint$AccessType.class
target/shopcart-0.3.6/io/micronaut/core/annotation/TypeHint.class
target/shopcart-0.3.6/io/micronaut/core/annotation/AnnotationValueProvider.class
target/shopcart-0.3.6/io/micronaut/core/annotation/AnnotationUtil$1.class
target/shopcart-0.3.6/io/micronaut/core/io/service/SoftServiceLoader.class
target/shopcart-0.3.6/io/micronaut/core/io/scan/DefaultClassPathResourceLoader.class
target/shopcart-0.3.6/io/micronaut/core/annotation/AnnotationUtil.class
target/shopcart-0.3.6/io/micronaut/core/annotation/Creator.class
target/shopcart-0.3.6/io/micronaut/core/annotation/AnnotationClassValue.class
target/shopcart-0.3.6/io/micronaut/core/annotation/Blocking.class
target/shopcart-0.3.6/io/micronaut/core/annotation/UsedByGeneratedCode.class
target/shopcart-0.3.6/io/micronaut/core/annotation/Introspected$Visibility.class
target/shopcart-0.3.6/io/micronaut/core/annotation/Generated.class
target/shopcart-0.3.6/io/micronaut/core/annotation/Internal.class
target/shopcart-0.3.6/io/micronaut/core/annotation/Order.class
target/shopcart-0.3.6/io/micronaut/core/annotation/NonNull.class
target/shopcart-0.3.6/io/micronaut/core/annotation/InstantiatedMember.class
target/shopcart-0.3.6/io/micronaut/core/annotation/AnnotationSource$1.class
target/shopcart-0.3.6/io/micronaut/core/annotation/AnnotatedTypeInfo.class
target/shopcart-0.3.6/io/micronaut/core/annotation/Indexes.class
target/shopcart-0.3.6/io/micronaut/core/annotation/Introspected$IndexedAnnotation.class
target/shopcart-0.3.6/io/micronaut/core/annotation/Nullable.class
target/shopcart-0.3.6/io/micronaut/core/annotation/AnnotationMetadataResolver.class
target/shopcart-0.3.6/io/micronaut/core/annotation/Introspected.class
target/shopcart-0.3.6/io/micronaut/core/annotation/ReflectiveAccess.class
target/shopcart-0.3.6/io/micronaut/core/annotation/AnnotationMetadataResolver$1.class
target/shopcart-0.3.6/io/micronaut/core/annotation/ImmutableSortedStringsArrayMap$1.class
target/shopcart-0.3.6/io/micronaut/core/annotation/Experimental.class
target/shopcart-0.3.6/io/micronaut/core/annotation/EntryPoint.class
target/shopcart-0.3.6/io/micronaut/core/annotation/AnnotationMetadataDelegate.class
target/shopcart-0.3.6/io/micronaut/core/annotation/AnnotationSource.class
target/shopcart-0.3.6/io/micronaut/core/annotation/Introspected$AccessKind.class
target/shopcart-0.3.6/io/micronaut/core/annotation/AnnotationMetadataProvider.class
target/shopcart-0.3.6/io/micronaut/core/annotation/ImmutableSortedStringsArrayMap$1$1.class
target/shopcart-0.3.6/io/micronaut/core/annotation/NonBlocking.class
target/shopcart-0.3.6/io/micronaut/core/annotation/AnnotationValueBuilder.class
target/shopcart-0.3.6/io/micronaut/core/annotation/AccessorsStyle.class
target/shopcart-0.3.6/io/micronaut/core/type/Headers.class
target/shopcart-0.3.6/io/micronaut/core/annotation/AnnotationValueResolver.class
target/shopcart-0.3.6/io/micronaut/core/annotation/AnnotatedElement.class
target/shopcart-0.3.6/io/micronaut/core/annotation/EmptyAnnotationMetadata.class
target/shopcart-0.3.6/io/micronaut/core/type/TypeInformation$1.class
target/shopcart-0.3.6/io/micronaut/core/annotation/ImmutableSortedStringsArrayMap.class
target/shopcart-0.3.6/io/micronaut/core/type/DefaultMutableArgumentValue.class
target/shopcart-0.3.6/io/micronaut/core/type/MutableHeaders.class
target/shopcart-0.3.6/io/micronaut/core/annotation/AnnotationMetadata.class
target/shopcart-0.3.6/io/micronaut/core/type/ReturnType.class
target/shopcart-0.3.6/io/micronaut/core/type/GenericPlaceholder.class
target/shopcart-0.3.6/io/micronaut/core/type/RuntimeTypeInformation.class
target/shopcart-0.3.6/io/micronaut/core/type/ArgumentCoercible.class
target/shopcart-0.3.6/io/micronaut/core/type/TypeInformationProvider.class
target/shopcart-0.3.6/io/micronaut/core/type/Executable.class
target/shopcart-0.3.6/io/micronaut/core/type/DefaultGenericPlaceholder.class
target/shopcart-0.3.6/io/micronaut/core/type/ArgumentValue.class
target/shopcart-0.3.6/io/micronaut/core/type/TypeVariableResolver.class
target/shopcart-0.3.6/io/micronaut/core/type/MutableArgumentValue.class
target/shopcart-0.3.6/io/micronaut/core/graal/Target_io_micronaut_caffeine_cache_UnsafeRefArrayAccess.class
target/shopcart-0.3.6/io/micronaut/core/type/TypeInformation.class
target/shopcart-0.3.6/io/micronaut/core/annotation/AnnotationValue.class
target/shopcart-0.3.6/io/micronaut/core/type/ReturnType$1.class
target/shopcart-0.3.6/io/micronaut/core/attr/AttributeHolder.class
target/shopcart-0.3.6/io/micronaut/core/convert/TypeConverterRegistrar.class
target/shopcart-0.3.6/io/micronaut/core/order/Ordered.class
target/shopcart-0.3.6/io/micronaut/core/version/annotation/Version.class
target/shopcart-0.3.6/io/micronaut/core/attr/MutableAttributeHolder.class
target/shopcart-0.3.6/io/micronaut/core/convert/ConversionError.class
target/shopcart-0.3.6/io/micronaut/core/convert/ArgumentConversionContext$1.class
target/shopcart-0.3.6/io/micronaut/core/type/GenericArgument.class
target/shopcart-0.3.6/io/micronaut/core/type/DefaultArgumentValue.class
target/shopcart-0.3.6/io/micronaut/core/version/SemanticVersion.class
target/shopcart-0.3.6/io/micronaut/core/convert/DefaultArgumentConversionContext$1.class
target/shopcart-0.3.6/io/micronaut/core/convert/TypeConverter.class
target/shopcart-0.3.6/io/micronaut/core/version/VersionUtils.class
target/shopcart-0.3.6/io/micronaut/core/type/DefaultArgument.class
target/shopcart-0.3.6/io/micronaut/core/order/OrderUtil.class
target/shopcart-0.3.6/io/micronaut/core/graal/AutomaticFeatureUtils.class
target/shopcart-0.3.6/io/micronaut/core/convert/converters/MultiValuesConverterFactory$MultiValuesToObjectConverter.class
target/shopcart-0.3.6/io/micronaut/core/convert/converters/MultiValuesConverterFactory$IterableToMultiValuesConverter.class
target/shopcart-0.3.6/io/micronaut/core/convert/converters/MultiValuesConverterFactory$AbstractConverterFromMultiValues.class
target/shopcart-0.3.6/io/micronaut/core/convert/converters/MultiValuesConverterFactory$MapToMultiValuesConverter.class
target/shopcart-0.3.6/io/micronaut/core/convert/converters/MultiValuesConverterFactory$MultiValuesToIterableConverter.class
target/shopcart-0.3.6/io/micronaut/core/type/Argument.class
target/shopcart-0.3.6/io/micronaut/core/convert/converters/MultiValuesConverterFactory$ObjectToMultiValuesConverter.class
target/shopcart-0.3.6/io/micronaut/core/convert/converters/MultiValuesConverterFactory.class
target/shopcart-0.3.6/io/micronaut/core/convert/converters/MultiValuesConverterFactory$AbstractConverterToMultiValues.class
target/shopcart-0.3.6/io/micronaut/core/convert/ArgumentConversionContext.class
target/shopcart-0.3.6/io/micronaut/core/convert/ConversionContext$2.class
target/shopcart-0.3.6/io/micronaut/core/convert/converters/MultiValuesConverterFactory$MultiValuesToMapConverter.class
target/shopcart-0.3.6/io/micronaut/core/convert/ConversionContext$3.class
target/shopcart-0.3.6/io/micronaut/core/convert/format/ReadableBytes.class
target/shopcart-0.3.6/io/micronaut/core/convert/format/FormattingTypeConverter.class
target/shopcart-0.3.6/io/micronaut/core/convert/ConversionContext.class
target/shopcart-0.3.6/io/micronaut/core/convert/format/Format.class
target/shopcart-0.3.6/io/micronaut/core/convert/value/MutableConvertibleMultiValues.class
target/shopcart-0.3.6/io/micronaut/core/convert/format/MapFormat.class
target/shopcart-0.3.6/io/micronaut/core/convert/ConversionService.class
target/shopcart-0.3.6/io/micronaut/core/convert/format/MapFormat$MapTransformation.class
target/shopcart-0.3.6/io/micronaut/core/convert/format/ReadableBytesTypeConverter.class
target/shopcart-0.3.6/io/micronaut/core/convert/value/ConvertibleValues$1$1.class
target/shopcart-0.3.6/io/micronaut/core/convert/value/ConvertibleMultiValues$1.class
target/shopcart-0.3.6/io/micronaut/core/convert/value/ConvertibleValues$1.class
target/shopcart-0.3.6/io/micronaut/core/convert/value/ConvertibleValuesMap.class
target/shopcart-0.3.6/io/micronaut/core/convert/value/MutableConvertibleMultiValuesMap.class
target/shopcart-0.3.6/io/micronaut/core/convert/value/ConvertibleMultiValues$1$1.class
target/shopcart-0.3.6/io/micronaut/core/convert/value/MutableConvertibleValuesMap.class
target/shopcart-0.3.6/io/micronaut/core/convert/value/MutableConvertibleValues.class
target/shopcart-0.3.6/io/micronaut/core/convert/DefaultConversionService$ConvertiblePair.class
target/shopcart-0.3.6/io/micronaut/core/convert/ConversionContext$1.class
target/shopcart-0.3.6/io/micronaut/core/async/annotation/SingleResult.class
target/shopcart-0.3.6/io/micronaut/core/convert/ImmutableArgumentConversionContext.class
target/shopcart-0.3.6/io/micronaut/core/convert/ErrorsContext.class
target/shopcart-0.3.6/io/micronaut/core/convert/value/ConvertibleMultiValues.class
target/shopcart-0.3.6/io/micronaut/core/convert/value/ConvertibleMultiValuesMap.class
target/shopcart-0.3.6/io/micronaut/core/convert/exceptions/ConversionErrorException.class
target/shopcart-0.3.6/io/micronaut/core/async/subscriber/Emitter.class
target/shopcart-0.3.6/io/micronaut/core/convert/DefaultArgumentConversionContext.class
target/shopcart-0.3.6/io/micronaut/core/async/subscriber/TypedSubscriber.class
target/shopcart-0.3.6/io/micronaut/core/async/subscriber/SingleThreadedBufferingSubscriber$1.class
target/shopcart-0.3.6/io/micronaut/core/convert/value/ConvertibleValues.class
target/shopcart-0.3.6/io/micronaut/core/async/subscriber/Completable.class
target/shopcart-0.3.6/io/micronaut/core/async/ReactiveStreamsTypeInformationProvider.class
target/shopcart-0.3.6/io/micronaut/core/async/subscriber/CompletionAwareSubscriber.class
target/shopcart-0.3.6/io/micronaut/core/async/subscriber/SingleThreadedBufferingSubscriber$BackPressureState.class
target/shopcart-0.3.6/io/micronaut/core/async/subscriber/SingleThreadedBufferingSubscriber.class
target/shopcart-0.3.6/io/micronaut/core/async/processor/SingleSubscriberProcessor$1.class
target/shopcart-0.3.6/io/micronaut/core/async/processor/SingleThreadedBufferingProcessor$1.class
target/shopcart-0.3.6/io/micronaut/core/async/subscriber/SingleThreadedBufferingSubscriber$DownstreamSubscription.class
target/shopcart-0.3.6/io/micronaut/core/convert/DefaultConversionService.class
target/shopcart-0.3.6/io/micronaut/core/async/processor/SingleThreadedBufferingProcessor.class
target/shopcart-0.3.6/io/micronaut/core/async/publisher/SingleSubscriberPublisher$1.class
target/shopcart-0.3.6/io/micronaut/core/async/publisher/Publishers$2.class
target/shopcart-0.3.6/io/micronaut/core/async/processor/SingleSubscriberProcessor.class
target/shopcart-0.3.6/io/micronaut/core/async/publisher/Publishers$JustCompletePublisher.class
target/shopcart-0.3.6/io/micronaut/core/async/publisher/Publishers$JustPublisher.class
target/shopcart-0.3.6/io/micronaut/core/async/publisher/Publishers$MicronautPublisher.class
target/shopcart-0.3.6/io/micronaut/core/async/publisher/Publishers$JustThrowPublisher.class
target/shopcart-0.3.6/io/micronaut/core/async/publisher/CompletableFuturePublisher.class
target/shopcart-0.3.6/io/micronaut/core/async/publisher/Publishers$MapOrSupplyEmpty.class
target/shopcart-0.3.6/io/micronaut/core/async/publisher/Publishers$JustPublisher$1.class
target/shopcart-0.3.6/io/micronaut/core/async/publisher/Publishers$JustThrowPublisher$1.class
target/shopcart-0.3.6/io/micronaut/core/async/publisher/CompletableFuturePublisher$CompletableFutureSubscription.class
target/shopcart-0.3.6/io/micronaut/core/async/publisher/PublishersOptimizations.class
target/shopcart-0.3.6/io/micronaut/core/serialize/exceptions/SerializationException.class
target/shopcart-0.3.6/io/micronaut/core/async/publisher/Publishers$4.class
target/shopcart-0.3.6/io/micronaut/core/async/publisher/Publishers$JustCompletePublisher$1.class
target/shopcart-0.3.6/io/micronaut/core/async/publisher/Publishers$1.class
target/shopcart-0.3.6/io/micronaut/core/async/publisher/AsyncSingleResultPublisher.class
target/shopcart-0.3.6/io/micronaut/core/util/functional/ThrowingSupplier.class
target/shopcart-0.3.6/io/micronaut/core/async/publisher/AsyncSingleResultPublisher$ExecutorServiceSubscription.class
target/shopcart-0.3.6/io/micronaut/core/serialize/JdkSerializer.class
target/shopcart-0.3.6/io/micronaut/core/serialize/JdkSerializer$1.class
target/shopcart-0.3.6/io/micronaut/core/optim/StaticOptimizations$Loader.class
target/shopcart-0.3.6/io/micronaut/core/util/ArgumentUtils$Check.class
target/shopcart-0.3.6/io/micronaut/core/async/publisher/SingleSubscriberPublisher.class
target/shopcart-0.3.6/io/micronaut/core/util/functional/ThrowingFunction.class
target/shopcart-0.3.6/io/micronaut/core/async/publisher/Publishers$3.class
target/shopcart-0.3.6/io/micronaut/core/util/ArrayUtils$ReverseArrayIterator.class
target/shopcart-0.3.6/io/micronaut/core/async/publisher/Publishers.class
target/shopcart-0.3.6/io/micronaut/core/serialize/ObjectSerializer.class
target/shopcart-0.3.6/io/micronaut/core/util/ArgumentUtils.class
target/shopcart-0.3.6/io/micronaut/core/util/PathMatcher.class
target/shopcart-0.3.6/io/micronaut/core/util/KotlinUtils.class
target/shopcart-0.3.6/io/micronaut/core/util/SupplierUtil$2.class
target/shopcart-0.3.6/io/micronaut/core/util/AntPathMatcher.class
target/shopcart-0.3.6/io/micronaut/core/util/StringUtils$1.class
target/shopcart-0.3.6/io/micronaut/core/util/CollectionUtils$1.class
target/shopcart-0.3.6/io/micronaut/core/optim/StaticOptimizations.class
target/shopcart-0.3.6/io/micronaut/core/util/clhm/ConcurrentLinkedHashMap$1.class
target/shopcart-0.3.6/io/micronaut/core/util/ArrayUtils$1.class
target/shopcart-0.3.6/io/micronaut/core/util/StreamUtils$1Container.class
target/shopcart-0.3.6/io/micronaut/core/util/clhm/EntryWeigher.class
target/shopcart-0.3.6/io/micronaut/core/util/Toggleable.class
target/shopcart-0.3.6/io/micronaut/core/util/clhm/ConcurrentLinkedHashMap$Builder.class
target/shopcart-0.3.6/io/micronaut/core/util/clhm/Weighers.class
target/shopcart-0.3.6/io/micronaut/core/util/clhm/Weighers$CollectionWeigher.class
target/shopcart-0.3.6/io/micronaut/core/util/StreamUtils.class
target/shopcart-0.3.6/io/micronaut/core/util/clhm/ConcurrentLinkedHashMap$KeyIterator.class
target/shopcart-0.3.6/io/micronaut/core/util/clhm/ConcurrentLinkedHashMap$DrainStatus$2.class
target/shopcart-0.3.6/io/micronaut/core/util/clhm/Weighers$SingletonEntryWeigher.class
target/shopcart-0.3.6/io/micronaut/core/util/clhm/ConcurrentLinkedHashMap$WriteThroughEntry.class
target/shopcart-0.3.6/io/micronaut/core/util/clhm/ConcurrentLinkedHashMap$Values.class
target/shopcart-0.3.6/io/micronaut/core/util/clhm/LinkedDeque$2.class
target/shopcart-0.3.6/io/micronaut/core/util/clhm/Weigher.class
target/shopcart-0.3.6/io/micronaut/core/util/clhm/Weighers$SingletonWeigher.class
target/shopcart-0.3.6/io/micronaut/core/util/clhm/ConcurrentLinkedHashMap$DrainStatus$1.class
target/shopcart-0.3.6/io/micronaut/core/util/clhm/ConcurrentLinkedHashMap$DrainStatus.class
target/shopcart-0.3.6/io/micronaut/core/util/clhm/EvictionListener.class
target/shopcart-0.3.6/io/micronaut/core/util/clhm/LinkedDeque$1.class
target/shopcart-0.3.6/io/micronaut/core/util/clhm/ConcurrentLinkedHashMap$ObjectHolder.class
target/shopcart-0.3.6/io/micronaut/core/util/clhm/ConcurrentLinkedHashMap$ValueIterator.class
target/shopcart-0.3.6/io/micronaut/core/util/clhm/Linked.class
target/shopcart-0.3.6/io/micronaut/core/util/clhm/Weighers$SetWeigher.class
target/shopcart-0.3.6/io/micronaut/core/util/clhm/Weighers$MapWeigher.class
target/shopcart-0.3.6/io/micronaut/core/util/clhm/ConcurrentLinkedHashMap$DrainStatus$3.class
target/shopcart-0.3.6/io/micronaut/core/util/clhm/Weighers$IterableWeigher.class
target/shopcart-0.3.6/io/micronaut/core/util/clhm/ConcurrentLinkedHashMap$DiscardingQueue.class
target/shopcart-0.3.6/io/micronaut/core/util/clhm/ConcurrentLinkedHashMap$AddTask.class
target/shopcart-0.3.6/io/micronaut/core/util/clhm/Weighers$ByteArrayWeigher.class
target/shopcart-0.3.6/io/micronaut/core/util/clhm/ConcurrentLinkedHashMap$RemovalTask.class
target/shopcart-0.3.6/io/micronaut/core/util/clhm/ConcurrentLinkedHashMap$EntrySet.class
target/shopcart-0.3.6/io/micronaut/core/util/clhm/LinkedDeque.class
target/shopcart-0.3.6/io/micronaut/core/util/clhm/ConcurrentLinkedHashMap$Node.class
target/shopcart-0.3.6/io/micronaut/core/util/clhm/ConcurrentLinkedHashMap$DiscardingListener.class
target/shopcart-0.3.6/io/micronaut/core/util/clhm/ConcurrentLinkedHashMap$EntryIterator.class
target/shopcart-0.3.6/io/micronaut/core/util/clhm/ConcurrentLinkedHashMap$BoundedEntryWeigher.class
target/shopcart-0.3.6/io/micronaut/core/util/clhm/Weighers$ListWeigher.class
target/shopcart-0.3.6/io/micronaut/core/util/clhm/Weighers$EntryWeigherView.class
target/shopcart-0.3.6/io/micronaut/core/util/clhm/ConcurrentLinkedHashMap$SerializationProxy.class
target/shopcart-0.3.6/io/micronaut/core/util/clhm/ConcurrentLinkedHashMap$KeySet.class
target/shopcart-0.3.6/io/micronaut/core/util/clhm/ConcurrentLinkedHashMap$UpdateTask.class
target/shopcart-0.3.6/io/micronaut/core/util/clhm/ConcurrentLinkedHashMap$WeightedValue.class
target/shopcart-0.3.6/io/micronaut/core/util/LocaleResolver.class
target/shopcart-0.3.6/io/micronaut/core/util/RegexPathMatcher.class
target/shopcart-0.3.6/io/micronaut/core/util/clhm/LinkedDeque$AbstractLinkedIterator.class
target/shopcart-0.3.6/io/micronaut/core/util/locale/LocaleResolutionConfiguration.class
target/shopcart-0.3.6/io/micronaut/core/util/ArrayUtils$ArrayIterator.class
target/shopcart-0.3.6/io/micronaut/core/util/SupplierUtil.class
target/shopcart-0.3.6/io/micronaut/core/util/ArgumentUtils$ArgumentCheck.class
target/shopcart-0.3.6/io/micronaut/core/util/locale/AbstractLocaleResolver.class
target/shopcart-0.3.6/io/micronaut/core/util/StringUtils$SplitOmitEmptyIterator.class
target/shopcart-0.3.6/io/micronaut/core/reflect/exception/InvocationException.class
target/shopcart-0.3.6/io/micronaut/core/util/SupplierUtil$1.class
target/shopcart-0.3.6/io/micronaut/core/reflect/ReflectionUtils$2.class
target/shopcart-0.3.6/io/micronaut/core/util/ArrayUtils.class
target/shopcart-0.3.6/io/micronaut/core/reflect/exception/InstantiationException.class
target/shopcart-0.3.6/io/micronaut/core/util/StreamUtils$2Container.class
target/shopcart-0.3.6/io/micronaut/core/reflect/ReflectionUtils$1.class
target/shopcart-0.3.6/io/micronaut/core/util/clhm/ConcurrentLinkedHashMap.class
target/shopcart-0.3.6/io/micronaut/core/util/locale/FixedLocaleResolver.class
target/shopcart-0.3.6/io/micronaut/core/cli/CommandLine$Builder.class
target/shopcart-0.3.6/io/micronaut/core/reflect/ClassUtils$Optimizations.class
target/shopcart-0.3.6/io/micronaut/core/util/CollectionUtils.class
target/shopcart-0.3.6/io/micronaut/core/bind/ArgumentBinder$BindingResult$1.class
target/shopcart-0.3.6/io/micronaut/core/util/EnvironmentProperties.class
target/shopcart-0.3.6/io/micronaut/core/reflect/GenericTypeUtils.class
target/shopcart-0.3.6/io/micronaut/core/cli/CommandLineParser.class
target/shopcart-0.3.6/io/micronaut/core/cli/DefaultCommandLine.class
target/shopcart-0.3.6/io/micronaut/core/cli/exceptions/ParseException.class
target/shopcart-0.3.6/io/micronaut/core/bind/annotation/AnnotatedArgumentBinder.class
target/shopcart-0.3.6/io/micronaut/core/cli/CommandLine.class
target/shopcart-0.3.6/io/micronaut/core/cli/Option.class
target/shopcart-0.3.6/io/micronaut/core/util/StringUtils.class
target/shopcart-0.3.6/io/micronaut/core/reflect/ClassUtils.class
target/shopcart-0.3.6/io/micronaut/core/bind/ArgumentBinderRegistry.class
target/shopcart-0.3.6/io/micronaut/core/reflect/ReflectionUtils.class
target/shopcart-0.3.6/io/micronaut/core/bind/annotation/Bindable.class
target/shopcart-0.3.6/io/micronaut/core/bind/DefaultExecutableBinder.class
target/shopcart-0.3.6/io/micronaut/core/bind/exceptions/UnsatisfiedArgumentException.class
target/shopcart-0.3.6/io/micronaut/core/bind/ExecutableBinder.class
target/shopcart-0.3.6/io/micronaut/core/bind/ArgumentBinder$BindingResult.class
target/shopcart-0.3.6/io/micronaut/core/bind/BoundExecutable.class
target/shopcart-0.3.6/io/micronaut/core/bind/annotation/AbstractAnnotatedArgumentBinder.class
target/shopcart-0.3.6/io/micronaut/core/bind/DefaultExecutableBinder$1.class
target/shopcart-0.3.6/io/micronaut/core/bind/TypeArgumentBinder.class
target/shopcart-0.3.6/io/micronaut/core/reflect/InstantiationUtils.class
target/shopcart-0.3.6/io/micronaut/core/bind/BeanPropertyBinder.class
target/shopcart-0.3.6/io/micronaut/core/bind/ArgumentBinder.class
target/shopcart-0.3.6/io/micronaut/core/bind/DefaultExecutableBinder$2.class
target/shopcart-0.3.6/io/micronaut/core/value/ValueResolver.class
target/shopcart-0.3.6/io/micronaut/core/value/OptionalMultiValues.class
target/shopcart-0.3.6/io/micronaut/core/value/MapValueResolver.class
target/shopcart-0.3.6/io/micronaut/core/value/PropertyNotFoundException.class
target/shopcart-0.3.6/io/micronaut/core/value/OptionalMultiValuesMap.class
target/shopcart-0.3.6/io/micronaut/core/exceptions/ExceptionHandler.class
target/shopcart-0.3.6/io/micronaut/core/beans/BeanMethod.class
target/shopcart-0.3.6/io/micronaut/core/value/OptionalValues.class
target/shopcart-0.3.6/io/micronaut/core/value/MapPropertyResolver.class
target/shopcart-0.3.6/io/micronaut/core/exceptions/BeanExceptionHandler.class
target/shopcart-0.3.6/io/micronaut/core/value/ValueException.class
target/shopcart-0.3.6/io/micronaut/core/value/OptionalValuesMap.class
target/shopcart-0.3.6/io/micronaut/core/beans/BeanMap.class
target/shopcart-0.3.6/io/micronaut/core/value/PropertyResolver.class
target/shopcart-0.3.6/io/micronaut/core/beans/AbstractBeanProperty.class
target/shopcart-0.3.6/io/micronaut/core/beans/BeanWrapper$1.class
target/shopcart-0.3.6/io/micronaut/core/beans/AbstractBeanIntrospectionReference.class
target/shopcart-0.3.6/io/micronaut/core/beans/AbstractBeanMethod$1.class
target/shopcart-0.3.6/io/micronaut/core/beans/BeanIntrospectionMap.class
target/shopcart-0.3.6/io/micronaut/core/beans/BeanIntrospector.class
target/shopcart-0.3.6/io/micronaut/core/beans/BeanIntrospectionReference.class
target/shopcart-0.3.6/io/micronaut/core/beans/AbstractBeanMethod.class
target/shopcart-0.3.6/io/micronaut/core/beans/BeanConstructor.class
target/shopcart-0.3.6/io/micronaut/core/beans/BeanProperty.class
target/shopcart-0.3.6/io/micronaut/core/beans/BeanWrapper.class
target/shopcart-0.3.6/io/micronaut/core/beans/AbstractBeanConstructor.class
target/shopcart-0.3.6/io/micronaut/core/beans/BeanIntrospection$1.class
target/shopcart-0.3.6/io/micronaut/core/beans/DefaultBeanWrapper.class
target/shopcart-0.3.6/io/micronaut/core/beans/exceptions/IntrospectionException.class
target/shopcart-0.3.6/io/micronaut/core/beans/AbstractBeanIntrospection$1.class
target/shopcart-0.3.6/io/micronaut/core/beans/BeanIntrospectionMap$1.class
target/shopcart-0.3.6/io/micronaut/core/naming/Described.class
target/shopcart-0.3.6/io/micronaut/core/beans/UnsafeBeanProperty.class
target/shopcart-0.3.6/io/micronaut/core/beans/AbstractBeanIntrospection$AnnotationValueKey.class
target/shopcart-0.3.6/io/micronaut/core/naming/conventions/StringConvention.class
target/shopcart-0.3.6/io/micronaut/core/beans/BeanIntrospection.class
target/shopcart-0.3.6/io/micronaut/core/naming/conventions/StringConvention$1.class
target/shopcart-0.3.6/io/micronaut/core/beans/DefaultBeanIntrospector.class
target/shopcart-0.3.6/io/micronaut/core/naming/conventions/PropertyConvention.class
target/shopcart-0.3.6/io/micronaut/core/naming/conventions/TypeConvention.class
target/shopcart-0.3.6/io/micronaut/core/naming/Named.class
target/shopcart-0.3.6/io/micronaut/core/beans/AbstractBeanIntrospection.class
target/shopcart-0.3.6/io/micronaut/core/naming/NameResolver.class
target/shopcart-0.3.6/io/micronaut/runtime/server/EmbeddedServer.class
target/shopcart-0.3.6/io/micronaut/runtime/server/event/ServerShutdownEvent.class
target/shopcart-0.3.6/io/micronaut/core/naming/conventions/MethodConvention.class
target/shopcart-0.3.6/io/micronaut/runtime/server/watch/event/$FileWatchRestartListener$Definition.class
target/shopcart-0.3.6/io/micronaut/runtime/$ApplicationConfiguration$Definition.class
target/shopcart-0.3.6/io/micronaut/runtime/server/event/ServerStartupEvent.class
target/shopcart-0.3.6/io/micronaut/runtime/http/scope/RequestAware.class
target/shopcart-0.3.6/io/micronaut/runtime/server/watch/event/FileWatchRestartListener.class
target/shopcart-0.3.6/io/micronaut/runtime/ApplicationConfiguration$InstanceConfiguration.class
target/shopcart-0.3.6/io/micronaut/core/naming/NameUtils.class
target/shopcart-0.3.6/io/micronaut/runtime/http/scope/RequestScope.class
target/shopcart-0.3.6/io/micronaut/runtime/server/watch/event/$FileWatchRestartListener$Definition$Reference.class
target/shopcart-0.3.6/io/micronaut/runtime/context/env/ConfigurationAdvice.class
target/shopcart-0.3.6/io/micronaut/runtime/http/scope/$RequestCustomScope$Definition.class
target/shopcart-0.3.6/io/micronaut/runtime/http/codec/MediaTypeCodecRegistryFactory.class
target/shopcart-0.3.6/io/micronaut/runtime/ApplicationConfiguration.class
target/shopcart-0.3.6/io/micronaut/runtime/http/scope/$RequestCustomScope$Definition$Reference.class
target/shopcart-0.3.6/io/micronaut/runtime/http/scope/RequestCustomScope.class
target/shopcart-0.3.6/io/micronaut/runtime/http/codec/$MediaTypeCodecRegistryFactory$Definition.class
target/shopcart-0.3.6/io/micronaut/runtime/http/codec/$TextPlainCodec$Definition$Reference.class
target/shopcart-0.3.6/io/micronaut/runtime/http/codec/$MediaTypeCodecRegistryFactory$MediaTypeCodecRegistry0$Definition$Reference.class
target/shopcart-0.3.6/io/micronaut/runtime/http/codec/$TextPlainCodec$Definition.class
target/shopcart-0.3.6/io/micronaut/runtime/context/env/$ConfigurationIntroductionAdvice$Definition.class
target/shopcart-0.3.6/io/micronaut/runtime/http/codec/$MediaTypeCodecRegistryFactory$Definition$Reference.class
target/shopcart-0.3.6/io/micronaut/runtime/context/scope/ScopedProxy.class
target/shopcart-0.3.6/io/micronaut/runtime/context/scope/Refreshable.class
target/shopcart-0.3.6/io/micronaut/runtime/http/codec/$MediaTypeCodecRegistryFactory$MediaTypeCodecRegistry0$Definition.class
target/shopcart-0.3.6/io/micronaut/runtime/context/$CompositeMessageSource$Definition.class
target/shopcart-0.3.6/io/micronaut/runtime/context/env/$ConfigurationIntroductionAdvice$Definition$Reference.class
target/shopcart-0.3.6/io/micronaut/runtime/context/env/ConfigurationIntroductionAdvice.class
target/shopcart-0.3.6/io/micronaut/runtime/context/$CompositeMessageSource$Definition$Reference.class
target/shopcart-0.3.6/io/micronaut/runtime/http/codec/TextPlainCodec.class
target/shopcart-0.3.6/io/micronaut/runtime/context/scope/ThreadLocal.class
target/shopcart-0.3.6/io/micronaut/runtime/context/CompositeMessageSource.class
target/shopcart-0.3.6/io/micronaut/runtime/context/scope/$ThreadLocalCustomScope$Definition.class
target/shopcart-0.3.6/io/micronaut/runtime/context/scope/refresh/$RefreshInterceptor$Definition$Reference.class
target/shopcart-0.3.6/io/micronaut/runtime/Micronaut.class
target/shopcart-0.3.6/io/micronaut/runtime/context/scope/refresh/$RefreshScope$Definition.class
target/shopcart-0.3.6/io/micronaut/runtime/context/scope/refresh/RefreshEventListener.class
target/shopcart-0.3.6/io/micronaut/runtime/context/scope/$ThreadLocalCustomScope$Definition$Reference.class
target/shopcart-0.3.6/io/micronaut/runtime/context/scope/refresh/RefreshInterceptor.class
target/shopcart-0.3.6/io/micronaut/runtime/context/scope/refresh/$RefreshInterceptor$Definition.class
target/shopcart-0.3.6/io/micronaut/runtime/context/scope/refresh/RefreshEvent.class
target/shopcart-0.3.6/io/micronaut/runtime/context/scope/refresh/$RefreshScope$Definition$Reference.class
target/shopcart-0.3.6/io/micronaut/runtime/context/scope/refresh/RefreshScope.class
target/shopcart-0.3.6/io/micronaut/runtime/converters/time/$TimeConverterRegistrar$Definition$Reference.class
target/shopcart-0.3.6/io/micronaut/runtime/converters/time/$TimeConverterRegistrar$Definition.class
target/shopcart-0.3.6/io/micronaut/runtime/converters/reactive/$ReactiveTypeConverterRegistrar$Definition.class
target/shopcart-0.3.6/io/micronaut/runtime/context/scope/ThreadLocalCustomScope.class
target/shopcart-0.3.6/io/micronaut/runtime/converters/reactive/ReactiveTypeConverterRegistrar.class
target/shopcart-0.3.6/io/micronaut/runtime/EmbeddedApplication.class
target/shopcart-0.3.6/io/micronaut/runtime/event/annotation/EventListener.class
target/shopcart-0.3.6/io/micronaut/runtime/converters/time/TimeConverterRegistrar.class
target/shopcart-0.3.6/io/micronaut/runtime/converters/reactive/$ReactiveTypeConverterRegistrar$Definition$Reference.class
target/shopcart-0.3.6/io/micronaut/runtime/exceptions/ApplicationStartupException.class
target/shopcart-0.3.6/io/micronaut/runtime/$ApplicationConfiguration$Definition$Reference.class
target/shopcart-0.3.6/io/micronaut/web/router/resource/StaticResourceResolverFactory.class
target/shopcart-0.3.6/io/micronaut/runtime/$ApplicationConfiguration$InstanceConfiguration$Definition.class
target/shopcart-0.3.6/io/micronaut/runtime/event/ApplicationShutdownEvent.class
target/shopcart-0.3.6/io/micronaut/web/router/resource/$StaticResourceResolverFactory$Definition.class
target/shopcart-0.3.6/io/micronaut/web/router/resource/$StaticResourceConfiguration$Definition.class
target/shopcart-0.3.6/io/micronaut/runtime/event/ApplicationStartupEvent.class
target/shopcart-0.3.6/io/micronaut/web/router/resource/StaticResourceResolver$1.class
target/shopcart-0.3.6/io/micronaut/runtime/event/AbstractEmbeddedApplicationEvent.class
target/shopcart-0.3.6/io/micronaut/web/router/resource/StaticResourceResolver.class
target/shopcart-0.3.6/io/micronaut/web/router/resource/$StaticResourceResolverFactory$Build0$Definition$Reference.class
target/shopcart-0.3.6/io/micronaut/runtime/$ApplicationConfiguration$InstanceConfiguration$Definition$Reference.class
target/shopcart-0.3.6/io/micronaut/web/router/StatusRouteMatch$2.class
target/shopcart-0.3.6/io/micronaut/web/router/resource/$StaticResourceResolverFactory$Definition$Reference.class
target/shopcart-0.3.6/io/micronaut/web/router/$DefaultRouter$Definition$Reference.class
target/shopcart-0.3.6/io/micronaut/web/router/resource/$StaticResourceResolverFactory$Build0$Definition.class
target/shopcart-0.3.6/io/micronaut/web/router/resource/$StaticResourceConfiguration$Definition$Reference.class
target/shopcart-0.3.6/io/micronaut/web/router/ResourceRoute.class
target/shopcart-0.3.6/io/micronaut/web/router/resource/StaticResourceConfiguration.class
target/shopcart-0.3.6/io/micronaut/web/router/DefaultRouteBuilder$1.class
target/shopcart-0.3.6/io/micronaut/web/router/StatusRoute.class
target/shopcart-0.3.6/io/micronaut/web/router/AnnotatedFilterRouteBuilder.class
target/shopcart-0.3.6/io/micronaut/web/router/MethodBasedRouteMatch.class
target/shopcart-0.3.6/io/micronaut/web/router/qualifier/ConsumesMediaTypeQualifier.class
target/shopcart-0.3.6/io/micronaut/web/router/GroovyRouteBuilder.class
target/shopcart-0.3.6/io/micronaut/web/router/$AnnotatedMethodRouteBuilder$Definition$Reference.class
target/shopcart-0.3.6/io/micronaut/web/router/qualifier/ProducesMediaTypeQualifier.class
target/shopcart-0.3.6/io/micronaut/web/router/AbstractRouteMatch.class
target/shopcart-0.3.6/io/micronaut/web/router/RouteMatchUtils.class
target/shopcart-0.3.6/io/micronaut/web/router/ErrorRouteMatch$1.class
target/shopcart-0.3.6/io/micronaut/web/router/UnresolvedArgument.class
target/shopcart-0.3.6/io/micronaut/web/router/BeanDefinitionFilterRoute.class
target/shopcart-0.3.6/io/micronaut/web/router/ErrorRouteMatch.class
target/shopcart-0.3.6/io/micronaut/web/router/DefaultRouteBuilder$DefaultStatusRoute.class
target/shopcart-0.3.6/io/micronaut/web/router/UriRoute.class
target/shopcart-0.3.6/io/micronaut/web/router/StatusRouteMatch.class
target/shopcart-0.3.6/io/micronaut/web/router/version/ConfigurationDefaultVersionProvider.class
target/shopcart-0.3.6/io/micronaut/web/router/version/resolution/ParameterVersionResolverConfiguration.class
target/shopcart-0.3.6/io/micronaut/web/router/version/RoutesVersioningConfiguration.class
target/shopcart-0.3.6/io/micronaut/web/router/RouteInfo.class
target/shopcart-0.3.6/io/micronaut/web/router/version/resolution/$HeaderVersionResolver$Definition.class
target/shopcart-0.3.6/io/micronaut/web/router/version/resolution/$HeaderVersionResolverConfiguration$Definition.class
target/shopcart-0.3.6/io/micronaut/web/router/version/resolution/$HeaderVersionResolverConfiguration$Definition$Reference.class
target/shopcart-0.3.6/io/micronaut/web/router/version/VersionAwareRouterListener.class
target/shopcart-0.3.6/io/micronaut/web/router/version/RouteVersionFilter.class
target/shopcart-0.3.6/io/micronaut/web/router/version/$RouteVersionFilter$Definition$Reference.class
target/shopcart-0.3.6/io/micronaut/web/router/version/$RoutesVersioningConfiguration$Definition$Reference.class
target/shopcart-0.3.6/io/micronaut/web/router/version/resolution/$ParameterVersionResolver$Definition.class
target/shopcart-0.3.6/io/micronaut/web/router/version/resolution/VersionResolver.class
target/shopcart-0.3.6/io/micronaut/web/router/version/resolution/RequestVersionResolver.class
target/shopcart-0.3.6/io/micronaut/web/router/AnnotatedMethodRouteBuilder.class
target/shopcart-0.3.6/io/micronaut/web/router/version/resolution/HeaderVersionResolverConfiguration.class
target/shopcart-0.3.6/io/micronaut/web/router/version/resolution/$ParameterVersionResolver$Definition$Reference.class
target/shopcart-0.3.6/io/micronaut/web/router/DefaultRouteBuilder.class
target/shopcart-0.3.6/io/micronaut/web/router/version/resolution/$ParameterVersionResolverConfiguration$Definition$Reference.class
target/shopcart-0.3.6/io/micronaut/web/router/version/VersionRouteMatchFilter.class
target/shopcart-0.3.6/io/micronaut/web/router/DefaultRouter.class
target/shopcart-0.3.6/io/micronaut/web/router/version/resolution/$HeaderVersionResolver$Definition$Reference.class
target/shopcart-0.3.6/io/micronaut/web/router/version/DefaultVersionProvider.class
target/shopcart-0.3.6/io/micronaut/web/router/version/resolution/HeaderVersionResolver.class
target/shopcart-0.3.6/io/micronaut/web/router/version/resolution/ParameterVersionResolver.class
target/shopcart-0.3.6/io/micronaut/web/router/version/resolution/$ParameterVersionResolverConfiguration$Definition.class
target/shopcart-0.3.6/io/micronaut/web/router/version/$VersionAwareRouterListener$Definition.class
target/shopcart-0.3.6/io/micronaut/web/router/version/$RouteVersionFilter$Definition.class
target/shopcart-0.3.6/io/micronaut/web/router/version/$ConfigurationDefaultVersionProvider$Definition$Reference.class
target/shopcart-0.3.6/io/micronaut/web/router/version/$RoutesVersioningConfiguration$Definition.class
target/shopcart-0.3.6/io/micronaut/web/router/$DefaultRouter$Definition.class
target/shopcart-0.3.6/io/micronaut/web/router/AnnotatedMethodRouteBuilder$RouteDefinition.class
target/shopcart-0.3.6/io/micronaut/web/router/version/$ConfigurationDefaultVersionProvider$Definition.class
target/shopcart-0.3.6/io/micronaut/web/router/ErrorRoute.class
target/shopcart-0.3.6/io/micronaut/web/router/version/$VersionAwareRouterListener$Definition$Reference.class
target/shopcart-0.3.6/io/micronaut/web/router/DefaultUriRouteMatch$1.class
target/shopcart-0.3.6/io/micronaut/web/router/$AnnotatedFilterRouteBuilder$Definition.class
target/shopcart-0.3.6/io/micronaut/web/router/MethodBasedRoute.class
target/shopcart-0.3.6/io/micronaut/web/router/$AnnotatedFilterRouteBuilder$Definition$Reference.class
target/shopcart-0.3.6/io/micronaut/web/router/RouteMatch.class
target/shopcart-0.3.6/io/micronaut/web/router/StatusRouteMatch$1.class
target/shopcart-0.3.6/io/micronaut/web/router/Route.class
target/shopcart-0.3.6/io/micronaut/web/router/Router.class
target/shopcart-0.3.6/io/micronaut/web/router/DefaultUriRouteMatch$2.class
target/shopcart-0.3.6/io/micronaut/web/router/FilterRoute.class
target/shopcart-0.3.6/io/micronaut/web/router/DefaultUriRouteMatch.class
target/shopcart-0.3.6/io/micronaut/web/router/ErrorRouteMatch$2.class
target/shopcart-0.3.6/io/micronaut/web/router/DefaultRouteBuilder$DefaultSingleRoute.class
target/shopcart-0.3.6/io/micronaut/web/router/exceptions/UnsatisfiedPartRouteException.class
target/shopcart-0.3.6/io/micronaut/web/router/DefaultFilterRoute.class
target/shopcart-0.3.6/io/micronaut/web/router/exceptions/UnsatisfiedBodyRouteException.class
target/shopcart-0.3.6/io/micronaut/web/router/exceptions/UnsatisfiedPathVariableRouteException.class
target/shopcart-0.3.6/io/micronaut/web/router/exceptions/UnsatisfiedRequestAttributeRouteException.class
target/shopcart-0.3.6/io/micronaut/web/router/DefaultRouteBuilder$DefaultUriRoute.class
target/shopcart-0.3.6/io/micronaut/web/router/DefaultRouteBuilder$AbstractRoute.class
target/shopcart-0.3.6/io/micronaut/web/router/RouteBuilder$UriNamingStrategy.class
target/shopcart-0.3.6/io/micronaut/web/router/exceptions/UnsatisfiedHeaderRouteException.class
target/shopcart-0.3.6/io/micronaut/web/router/exceptions/RoutingException.class
target/shopcart-0.3.6/io/micronaut/web/router/exceptions/UnsatisfiedCookieValueRouteException.class
target/shopcart-0.3.6/io/micronaut/web/router/NullArgument.class
target/shopcart-0.3.6/io/micronaut/web/router/exceptions/DuplicateRouteException.class
target/shopcart-0.3.6/io/micronaut/web/router/exceptions/UnsatisfiedRouteException.class
target/shopcart-0.3.6/io/micronaut/web/router/exceptions/UnsatisfiedQueryValueRouteException.class
target/shopcart-0.3.6/io/micronaut/web/router/BasicObjectRouteMatch.class
target/shopcart-0.3.6/io/micronaut/web/router/naming/$HyphenatedUriNamingStrategy$Definition$Reference.class
target/shopcart-0.3.6/io/micronaut/web/router/$AnnotatedMethodRouteBuilder$Definition.class
target/shopcart-0.3.6/io/micronaut/web/router/naming/$ConfigurableUriNamingStrategy$Definition.class
target/shopcart-0.3.6/io/micronaut/web/router/DefaultRouteBuilder$DefaultErrorRoute.class
target/shopcart-0.3.6/io/micronaut/validation/Validated.class
target/shopcart-0.3.6/io/micronaut/web/router/naming/$HyphenatedUriNamingStrategy$Definition.class
target/shopcart-0.3.6/io/micronaut/web/router/naming/$ConfigurableUriNamingStrategy$Definition$Reference.class
target/shopcart-0.3.6/io/micronaut/web/router/naming/ConfigurableUriNamingStrategy.class
target/shopcart-0.3.6/io/micronaut/web/router/filter/RouteMatchFilter.class
target/shopcart-0.3.6/io/micronaut/web/router/DefaultRouteBuilder$DefaultResourceRoute.class
target/shopcart-0.3.6/io/micronaut/validation/validator/ReactiveValidator.class
target/shopcart-0.3.6/io/micronaut/validation/internal/InternalApiTypeElementVisitor.class
target/shopcart-0.3.6/io/micronaut/validation/validator/DefaultValidator$DefaultReturnValueNode.class
target/shopcart-0.3.6/io/micronaut/web/router/naming/HyphenatedUriNamingStrategy.class
target/shopcart-0.3.6/io/micronaut/validation/validator/DefaultAnnotatedElementValidator.class
target/shopcart-0.3.6/io/micronaut/validation/executable/ExecutableVisitor.class
target/shopcart-0.3.6/io/micronaut/web/router/UriRouteMatch.class
target/shopcart-0.3.6/io/micronaut/web/router/RouteBuilder.class
target/shopcart-0.3.6/io/micronaut/validation/validator/DefaultValidator$DefaultMethodNode.class
target/shopcart-0.3.6/io/micronaut/web/router/filter/FilteredRouter.class
target/shopcart-0.3.6/io/micronaut/validation/validator/DefaultValidator$DefaultConstraintValidatorContext.class
target/shopcart-0.3.6/io/micronaut/validation/validator/DefaultValidator$PathImpl.class
target/shopcart-0.3.6/io/micronaut/validation/validator/resolver/$CompositeTraversableResolver$Definition.class
target/shopcart-0.3.6/io/micronaut/validation/validator/$DefaultClockProvider$Definition.class
target/shopcart-0.3.6/io/micronaut/validation/validator/resolver/$CompositeTraversableResolver$Definition$Reference.class
target/shopcart-0.3.6/io/micronaut/validation/validator/DefaultConstraintDescriptor.class
target/shopcart-0.3.6/io/micronaut/validation/validator/DefaultValidator$DefaultParameterNode.class
target/shopcart-0.3.6/io/micronaut/validation/validator/$DefaultValidatorFactory$Definition.class
target/shopcart-0.3.6/io/micronaut/validation/validator/resolver/CompositeTraversableResolver.class
target/shopcart-0.3.6/io/micronaut/validation/validator/DefaultValidator$DefaultConstraintViolation.class
target/shopcart-0.3.6/io/micronaut/validation/validator/DefaultValidator$DefaultPropertyNode.class
target/shopcart-0.3.6/io/micronaut/validation/validator/DefaultAnnotatedElementValidator$LocalConstraintValidators.class
target/shopcart-0.3.6/io/micronaut/validation/validator/DefaultValidatorFactory.class
target/shopcart-0.3.6/io/micronaut/validation/validator/$DefaultValidatorConfiguration$Definition$Reference.class
target/shopcart-0.3.6/io/micronaut/validation/validator/ValidatorConfiguration.class
target/shopcart-0.3.6/io/micronaut/validation/validator/Validator.class
target/shopcart-0.3.6/io/micronaut/validation/validator/DefaultValidator$1.class
target/shopcart-0.3.6/io/micronaut/validation/validator/DefaultValidatorConfiguration.class
target/shopcart-0.3.6/io/micronaut/validation/validator/DefaultAnnotatedElementValidator$1.class
target/shopcart-0.3.6/io/micronaut/validation/validator/IntrospectedBeanDescriptor$IntrospectedPropertyDescriptor.class
target/shopcart-0.3.6/io/micronaut/validation/validator/$DefaultValidator$Definition$Reference.class
target/shopcart-0.3.6/io/micronaut/validation/validator/$DefaultValidatorFactory$Definition$Reference.class
target/shopcart-0.3.6/io/micronaut/validation/validator/constraints/$EmailValidator$Definition$Reference.class
target/shopcart-0.3.6/io/micronaut/validation/validator/ExecutableMethodValidator.class
target/shopcart-0.3.6/io/micronaut/validation/validator/constraints/$DefaultConstraintValidators$Definition.class
target/shopcart-0.3.6/io/micronaut/validation/validator/constraints/DefaultConstraintValidators$ValidatorKey.class
target/shopcart-0.3.6/io/micronaut/validation/validator/constraints/$EmailValidator$Definition.class
target/shopcart-0.3.6/io/micronaut/validation/validator/constraints/DigitsValidator.class
target/shopcart-0.3.6/io/micronaut/validation/validator/constraints/ConstraintValidator$1.class
target/shopcart-0.3.6/io/micronaut/validation/validator/constraints/ConstraintValidatorContext.class
target/shopcart-0.3.6/io/micronaut/validation/validator/constraints/AbstractPatternValidator.class
target/shopcart-0.3.6/io/micronaut/validation/validator/constraints/DecimalMaxValidator.class
target/shopcart-0.3.6/io/micronaut/validation/validator/constraints/SizeValidator.class
target/shopcart-0.3.6/io/micronaut/validation/validator/constraints/AbstractPatternValidator$PatternKey.class
target/shopcart-0.3.6/io/micronaut/validation/validator/constraints/PatternValidator.class
target/shopcart-0.3.6/io/micronaut/validation/validator/constraints/ConstraintValidator.class
target/shopcart-0.3.6/io/micronaut/validation/validator/constraints/DomainNameUtil.class
target/shopcart-0.3.6/io/micronaut/validation/validator/constraints/$DefaultConstraintValidators$Definition$Reference.class
target/shopcart-0.3.6/io/micronaut/validation/validator/constraints/ConstraintValidatorRegistry.class
target/shopcart-0.3.6/io/micronaut/validation/validator/constraints/$PatternValidator$Definition$Reference.class
target/shopcart-0.3.6/io/micronaut/validation/validator/constraints/$PatternValidator$Definition.class
target/shopcart-0.3.6/io/micronaut/validation/validator/constraints/$DefaultConstraintValidators$IntrospectionRef.class
target/shopcart-0.3.6/io/micronaut/validation/validator/messages/DefaultValidationMessages.class
target/shopcart-0.3.6/io/micronaut/validation/validator/$DefaultValidatorConfiguration$Definition.class
target/shopcart-0.3.6/io/micronaut/validation/validator/messages/$DefaultValidationMessages$Definition.class
target/shopcart-0.3.6/io/micronaut/validation/validator/$DefaultClockProvider$Definition$Reference.class
target/shopcart-0.3.6/io/micronaut/validation/validator/constraints/DecimalMinValidator.class
target/shopcart-0.3.6/io/micronaut/validation/validator/messages/$DefaultValidationMessages$Definition$Reference.class
target/shopcart-0.3.6/io/micronaut/validation/validator/DefaultValidator$4.class
target/shopcart-0.3.6/io/micronaut/validation/validator/extractors/UnwrapByDefaultValueExtractor.class
target/shopcart-0.3.6/io/micronaut/validation/validator/constraints/EmailValidator.class
target/shopcart-0.3.6/io/micronaut/validation/validator/DefaultValidator$3.class
target/shopcart-0.3.6/io/micronaut/validation/validator/DefaultValidator$EmptyDescriptor.class
target/shopcart-0.3.6/io/micronaut/validation/validator/IntrospectedBeanDescriptor.class
target/shopcart-0.3.6/io/micronaut/validation/validator/DefaultValidator$2.class
target/shopcart-0.3.6/io/micronaut/validation/validator/DefaultValidatorConfiguration$1.class
target/shopcart-0.3.6/io/micronaut/validation/validator/constraints/$DefaultConstraintValidators$Introspection.class
target/shopcart-0.3.6/io/micronaut/validation/validator/extractors/$DefaultValueExtractors$IntrospectionRef.class
target/shopcart-0.3.6/io/micronaut/validation/validator/DefaultClockProvider.class
target/shopcart-0.3.6/io/micronaut/validation/validator/extractors/$DefaultValueExtractors$Definition$Reference.class
target/shopcart-0.3.6/io/micronaut/validation/validator/DefaultValidator$DefaultConstraintValidatorContext$1.class
target/shopcart-0.3.6/io/micronaut/validation/validator/extractors/$DefaultValueExtractors$Definition.class
target/shopcart-0.3.6/io/micronaut/validation/validator/extractors/ValueExtractorRegistry.class
target/shopcart-0.3.6/io/micronaut/validation/validator/extractors/SimpleValueReceiver.class
target/shopcart-0.3.6/io/micronaut/validation/validator/constraints/DefaultConstraintValidators.class
target/shopcart-0.3.6/io/micronaut/validation/validator/extractors/$DefaultValueExtractors$Introspection.class
target/shopcart-0.3.6/io/micronaut/validation/validator/extractors/DefaultValueExtractors.class
target/shopcart-0.3.6/io/micronaut/validation/ValidatingInterceptor.class
target/shopcart-0.3.6/io/micronaut/validation/validator/$DefaultValidator$Definition.class
target/shopcart-0.3.6/io/micronaut/validation/validator/DefaultValidator$DefaultConstructorNode.class
target/shopcart-0.3.6/io/micronaut/validation/async/AsyncTypeElementVisitor.class
target/shopcart-0.3.6/io/micronaut/retry/annotation/RetryPredicate.class
target/shopcart-0.3.6/io/micronaut/retry/annotation/Fallback.class
target/shopcart-0.3.6/io/micronaut/validation/exceptions/$ConstraintExceptionHandler$Definition$Reference.class
target/shopcart-0.3.6/io/micronaut/validation/exceptions/ConstraintExceptionHandler.class
target/shopcart-0.3.6/io/micronaut/validation/$ValidatingInterceptor$Definition$Reference.class
target/shopcart-0.3.6/io/micronaut/validation/exceptions/$ConstraintExceptionHandler$Definition$Exec.class
target/shopcart-0.3.6/io/micronaut/validation/$ValidatingInterceptor$Definition.class
target/shopcart-0.3.6/io/micronaut/validation/ValidatingInterceptor$1.class
target/shopcart-0.3.6/io/micronaut/retry/annotation/CircuitBreaker.class
target/shopcart-0.3.6/io/micronaut/retry/annotation/Retryable.class
target/shopcart-0.3.6/io/micronaut/validation/exceptions/$ConstraintExceptionHandler$Definition.class
target/shopcart-0.3.6/io/micronaut/retry/annotation/Recoverable.class
target/shopcart-0.3.6/io/micronaut/retry/annotation/$DefaultRetryPredicate$Introspection.class
target/shopcart-0.3.6/io/micronaut/retry/exception/RetryException.class
target/shopcart-0.3.6/io/micronaut/retry/exception/CircuitOpenException.class
target/shopcart-0.3.6/io/micronaut/retry/event/RetryEventListener.class
target/shopcart-0.3.6/io/micronaut/retry/event/CircuitOpenEvent.class
target/shopcart-0.3.6/io/micronaut/retry/exception/FallbackException.class
target/shopcart-0.3.6/io/micronaut/retry/annotation/$DefaultRetryPredicate$IntrospectionRef.class
target/shopcart-0.3.6/io/micronaut/retry/RetryStateBuilder.class
target/shopcart-0.3.6/io/micronaut/retry/event/CircuitClosedEvent.class
target/shopcart-0.3.6/io/micronaut/retry/CircuitState.class
target/shopcart-0.3.6/io/micronaut/retry/RetryState.class
target/shopcart-0.3.6/io/micronaut/validation/validator/DefaultValidator.class
target/shopcart-0.3.6/io/micronaut/retry/annotation/DefaultRetryPredicate.class
target/shopcart-0.3.6/io/micronaut/retry/intercept/AnnotationRetryStateBuilder.class
target/shopcart-0.3.6/io/micronaut/retry/intercept/RecoveryInterceptor$1.class
target/shopcart-0.3.6/io/micronaut/retry/event/RetryEvent.class
target/shopcart-0.3.6/io/micronaut/retry/intercept/MutableRetryState.class
target/shopcart-0.3.6/io/micronaut/retry/intercept/$DefaultRetryInterceptor$Definition.class
target/shopcart-0.3.6/io/micronaut/retry/intercept/SimpleRetry.class
target/shopcart-0.3.6/io/micronaut/retry/intercept/DefaultRetryInterceptor$1.class
target/shopcart-0.3.6/io/micronaut/retry/intercept/$RecoveryInterceptor$Definition.class
target/shopcart-0.3.6/io/micronaut/retry/intercept/CircuitBreakerRetry.class
target/shopcart-0.3.6/io/micronaut/inject/MethodReference.class
target/shopcart-0.3.6/io/micronaut/retry/intercept/$DefaultRetryInterceptor$Definition$Reference.class
target/shopcart-0.3.6/io/micronaut/retry/intercept/$RecoveryInterceptor$Definition$Reference.class
target/shopcart-0.3.6/io/micronaut/retry/intercept/RecoveryInterceptor.class
target/shopcart-0.3.6/io/micronaut/inject/ExecutableMethodsDefinition.class
target/shopcart-0.3.6/io/micronaut/retry/intercept/DefaultRetryInterceptor.class
target/shopcart-0.3.6/io/micronaut/inject/annotation/NamedAnnotationMapper.class
target/shopcart-0.3.6/io/micronaut/inject/InitializingBeanDefinition.class
target/shopcart-0.3.6/io/micronaut/inject/annotation/AbstractAnnotationMetadataBuilder$1.class
target/shopcart-0.3.6/io/micronaut/inject/annotation/TypedAnnotationTransformer.class
target/shopcart-0.3.6/io/micronaut/inject/annotation/internal/package-info.class
target/shopcart-0.3.6/io/micronaut/inject/DefaultBeanDefinitionMethodReference.class
target/shopcart-0.3.6/io/micronaut/inject/annotation/internal/CoreNullableTransformer.class
target/shopcart-0.3.6/io/micronaut/inject/annotation/internal/PersistenceContextAnnotationMapper.class
target/shopcart-0.3.6/io/micronaut/inject/annotation/AnnotationRemapper.class
target/shopcart-0.3.6/io/micronaut/inject/annotation/AnnotationMapper.class
target/shopcart-0.3.6/io/micronaut/inject/annotation/internal/KotlinNullableMapper.class
target/shopcart-0.3.6/io/micronaut/inject/annotation/internal/TimedAnnotationMapper.class
target/shopcart-0.3.6/io/micronaut/inject/annotation/NamedAnnotationTransformer.class
target/shopcart-0.3.6/io/micronaut/inject/annotation/internal/KotlinNotNullMapper.class
target/shopcart-0.3.6/io/micronaut/inject/annotation/internal/CoreNonNullTransformer.class
target/shopcart-0.3.6/io/micronaut/inject/annotation/internal/JakartaPreDestroyTransformer.class
target/shopcart-0.3.6/io/micronaut/inject/annotation/AnnotationMetadataSupport$AnnotationProxyHandler.class
target/shopcart-0.3.6/io/micronaut/inject/annotation/internal/FindBugsRemapper.class
target/shopcart-0.3.6/io/micronaut/inject/annotation/AbstractAnnotationMetadataBuilder$TriConsumer.class
target/shopcart-0.3.6/io/micronaut/inject/annotation/internal/JakartaPostConstructTransformer.class
target/shopcart-0.3.6/io/micronaut/inject/annotation/internal/JakartaRemapper.class
target/shopcart-0.3.6/io/micronaut/inject/annotation/TypedAnnotationMapper.class
target/shopcart-0.3.6/io/micronaut/inject/annotation/AnnotationMetadataSupport.class
target/shopcart-0.3.6/io/micronaut/inject/annotation/AnnotationMetadataException.class
target/shopcart-0.3.6/io/micronaut/inject/annotation/EnvironmentOptionalValuesMap.class
target/shopcart-0.3.6/io/micronaut/inject/annotation/AnnotationMetadataReference.class
target/shopcart-0.3.6/io/micronaut/inject/annotation/AbstractAnnotationMetadata.class
target/shopcart-0.3.6/io/micronaut/inject/annotation/EnvironmentOptionalValuesMap$1.class
target/shopcart-0.3.6/io/micronaut/inject/annotation/AbstractAnnotationMetadataBuilder$MetadataKey.class
target/shopcart-0.3.6/io/micronaut/inject/annotation/AnnotationTransformer.class
target/shopcart-0.3.6/io/micronaut/inject/annotation/AnnotatedElementValidator.class
target/shopcart-0.3.6/io/micronaut/inject/annotation/PackageRenameRemapper.class
target/shopcart-0.3.6/io/micronaut/inject/validation/BeanDefinitionValidator$1.class
target/shopcart-0.3.6/io/micronaut/inject/validation/BeanDefinitionValidator.class
target/shopcart-0.3.6/io/micronaut/inject/annotation/EnvironmentAnnotationMetadata.class
target/shopcart-0.3.6/io/micronaut/inject/visitor/BeanElementVisitorContext.class
target/shopcart-0.3.6/io/micronaut/inject/annotation/EnvironmentAnnotationValue.class
target/shopcart-0.3.6/io/micronaut/inject/annotation/EnvironmentConvertibleValuesMap.class
target/shopcart-0.3.6/io/micronaut/inject/annotation/AnnotationMetadataHierarchy.class
target/shopcart-0.3.6/io/micronaut/inject/annotation/AnnotationMetadataWriter.class
target/shopcart-0.3.6/io/micronaut/inject/visitor/BeanElementVisitorLoader.class
target/shopcart-0.3.6/io/micronaut/inject/visitor/VisitorConfiguration.class
target/shopcart-0.3.6/io/micronaut/inject/visitor/BeanElementVisitor.class
target/shopcart-0.3.6/io/micronaut/inject/visitor/VisitorConfiguration$1.class
target/shopcart-0.3.6/io/micronaut/inject/visitor/TypeElementVisitor$VisitorKind.class
target/shopcart-0.3.6/io/micronaut/inject/ArgumentInjectionPoint.class
target/shopcart-0.3.6/io/micronaut/inject/ExecutionHandle.class
target/shopcart-0.3.6/io/micronaut/inject/writer/AbstractBeanDefinitionBuilder$1.class
target/shopcart-0.3.6/io/micronaut/inject/annotation/AbstractEnvironmentAnnotationMetadata.class
target/shopcart-0.3.6/io/micronaut/inject/visitor/TypeElementVisitor.class
target/shopcart-0.3.6/io/micronaut/inject/writer/AbstractBeanDefinitionBuilder$InternalBeanConstructorElement.class
target/shopcart-0.3.6/io/micronaut/inject/writer/DispatchWriter$FieldSetDispatchTarget.class
target/shopcart-0.3.6/io/micronaut/inject/visitor/VisitorContext.class
target/shopcart-0.3.6/io/micronaut/inject/writer/ExecutableMethodsDefinitionWriter$ExecutableMethodVisitData.class
target/shopcart-0.3.6/io/micronaut/inject/writer/DispatchWriter$MethodDispatchTarget.class
target/shopcart-0.3.6/io/micronaut/inject/annotation/MutableAnnotationMetadata.class
target/shopcart-0.3.6/io/micronaut/inject/writer/BeanDefinitionVisitor.class
target/shopcart-0.3.6/io/micronaut/inject/writer/AbstractBeanDefinitionBuilder$InternalBeanElementMethod.class
target/shopcart-0.3.6/io/micronaut/inject/writer/ClassWriterOutputVisitor.class
target/shopcart-0.3.6/io/micronaut/inject/writer/BeanDefinitionWriter$FactoryMethodDef.class
target/shopcart-0.3.6/io/micronaut/inject/writer/BeanDefinitionWriter$FieldVisitData.class
target/shopcart-0.3.6/io/micronaut/inject/writer/AbstractBeanDefinitionBuilder$InternalBeanElement.class
target/shopcart-0.3.6/io/micronaut/inject/writer/DispatchWriter$3.class
target/shopcart-0.3.6/io/micronaut/inject/writer/DispatchWriter$FieldGetDispatchTarget.class
target/shopcart-0.3.6/io/micronaut/inject/writer/FileBackedGeneratedFile.class
target/shopcart-0.3.6/io/micronaut/inject/writer/BeanDefinitionWriter$1.class
target/shopcart-0.3.6/io/micronaut/inject/annotation/DefaultAnnotationMetadata.class
target/shopcart-0.3.6/io/micronaut/inject/writer/AbstractBeanDefinitionBuilder.class
target/shopcart-0.3.6/io/micronaut/inject/writer/StringSwitchWriter.class
target/shopcart-0.3.6/io/micronaut/inject/writer/DefaultOriginatingElements.class
target/shopcart-0.3.6/io/micronaut/inject/annotation/AbstractAnnotationMetadataBuilder.class
target/shopcart-0.3.6/io/micronaut/inject/writer/DirectoryClassWriterOutputVisitor.class
target/shopcart-0.3.6/io/micronaut/inject/writer/DispatchWriter$DispatchTarget.class
target/shopcart-0.3.6/io/micronaut/inject/writer/ClassGenerationException.class
target/shopcart-0.3.6/io/micronaut/inject/writer/AbstractBeanDefinitionBuilder$InternalBeanElementField.class
target/shopcart-0.3.6/io/micronaut/inject/writer/DispatchWriter.class
target/shopcart-0.3.6/io/micronaut/inject/writer/ExecutableMethodsDefinitionWriter.class
target/shopcart-0.3.6/io/micronaut/inject/writer/ExecutableMethodsDefinitionWriter$1.class
target/shopcart-0.3.6/io/micronaut/inject/writer/GeneratedFile.class
target/shopcart-0.3.6/io/micronaut/inject/writer/BeanDefinitionWriter$MethodVisitData.class
target/shopcart-0.3.6/io/micronaut/inject/writer/DispatchWriter$2.class
target/shopcart-0.3.6/io/micronaut/inject/writer/BeanDefinitionReferenceWriter.class
target/shopcart-0.3.6/io/micronaut/inject/writer/AbstractClassWriterOutputVisitor.class
target/shopcart-0.3.6/io/micronaut/inject/writer/BeanConfigurationWriter.class
target/shopcart-0.3.6/io/micronaut/inject/writer/ConfigBuilderState.class
target/shopcart-0.3.6/io/micronaut/inject/writer/AbstractBeanDefinitionBuilder$InternalBeanParameter.class
target/shopcart-0.3.6/io/micronaut/inject/writer/ProxyingBeanDefinitionVisitor.class
target/shopcart-0.3.6/io/micronaut/inject/writer/StringSwitchWriter$1.class
target/shopcart-0.3.6/io/micronaut/inject/writer/DispatchWriter$InterceptableMethodDispatchTarget.class
target/shopcart-0.3.6/io/micronaut/inject/writer/AbstractClassFileWriter.class
target/shopcart-0.3.6/io/micronaut/inject/writer/AbstractAnnotationMetadataWriter.class
target/shopcart-0.3.6/io/micronaut/inject/writer/StaticOriginatingElements.class
target/shopcart-0.3.6/io/micronaut/inject/writer/DispatchWriter$1.class
target/shopcart-0.3.6/io/micronaut/inject/writer/BeanDefinitionWriter$InnerClassDef.class
target/shopcart-0.3.6/io/micronaut/inject/writer/ArrayAwareSignatureWriter.class
target/shopcart-0.3.6/io/micronaut/inject/DisposableBeanDefinition.class
target/shopcart-0.3.6/io/micronaut/inject/writer/OriginatingElements.class
target/shopcart-0.3.6/io/micronaut/inject/writer/ExecutableMethodWriter.class
target/shopcart-0.3.6/io/micronaut/inject/processing/ProcessedTypes.class
target/shopcart-0.3.6/io/micronaut/inject/ProxyBeanDefinition.class
target/shopcart-0.3.6/io/micronaut/inject/BeanDefinitionReference.class
target/shopcart-0.3.6/io/micronaut/inject/configuration/ConfigurationMetadata.class
target/shopcart-0.3.6/io/micronaut/inject/MethodExecutionHandle.class
target/shopcart-0.3.6/io/micronaut/inject/processing/JavaModelUtils.class
target/shopcart-0.3.6/io/micronaut/inject/configuration/ConfigurationMetadataWriter.class
target/shopcart-0.3.6/io/micronaut/inject/configuration/PropertyMetadata.class
target/shopcart-0.3.6/io/micronaut/inject/ArgumentBeanType.class
target/shopcart-0.3.6/io/micronaut/inject/provider/ProviderTypeInformationProvider.class
target/shopcart-0.3.6/io/micronaut/inject/DelegatingExecutableMethod.class
target/shopcart-0.3.6/io/micronaut/inject/configuration/JsonConfigurationMetadataWriter.class
target/shopcart-0.3.6/io/micronaut/inject/provider/JavaxProviderBeanDefinition$1.class
target/shopcart-0.3.6/io/micronaut/inject/configuration/ConfigurationMetadataBuilder.class
target/shopcart-0.3.6/io/micronaut/inject/provider/BeanProviderDefinition.class
target/shopcart-0.3.6/io/micronaut/inject/ParametrizedProvider.class
target/shopcart-0.3.6/io/micronaut/inject/BeanType.class
target/shopcart-0.3.6/io/micronaut/inject/qualifiers/Qualified.class
target/shopcart-0.3.6/io/micronaut/inject/provider/BeanProviderDefinition$1.class
target/shopcart-0.3.6/io/micronaut/inject/provider/JakartaProviderBeanDefinition.class
target/shopcart-0.3.6/io/micronaut/inject/provider/JakartaProviderBeanDefinition$1.class
target/shopcart-0.3.6/io/micronaut/inject/qualifiers/AnnotationQualifier.class
target/shopcart-0.3.6/io/micronaut/inject/provider/JavaxProviderBeanDefinition.class
target/shopcart-0.3.6/io/micronaut/inject/qualifiers/RepeatableAnnotationQualifier.class
target/shopcart-0.3.6/io/micronaut/inject/qualifiers/CompositeQualifier.class
target/shopcart-0.3.6/io/micronaut/inject/qualifiers/ExactTypeArgumentNameQualifier.class
target/shopcart-0.3.6/io/micronaut/inject/provider/AbstractProviderDefinition.class
target/shopcart-0.3.6/io/micronaut/inject/qualifiers/TypeAnnotationQualifier.class
target/shopcart-0.3.6/io/micronaut/inject/qualifiers/TypeArgumentQualifier.class
target/shopcart-0.3.6/io/micronaut/inject/qualifiers/AnyQualifier.class
target/shopcart-0.3.6/io/micronaut/inject/qualifiers/AnnotationStereotypeQualifier.class
target/shopcart-0.3.6/io/micronaut/inject/BeanContextConditional.class
target/shopcart-0.3.6/io/micronaut/inject/qualifiers/ClosestTypeArgumentQualifier.class
target/shopcart-0.3.6/io/micronaut/inject/qualifiers/NameQualifier.class
target/shopcart-0.3.6/io/micronaut/inject/ast/SimplePackageElement.class
target/shopcart-0.3.6/io/micronaut/inject/qualifiers/NamedAnnotationStereotypeQualifier.class
target/shopcart-0.3.6/io/micronaut/inject/DefaultBeanIdentifier.class
target/shopcart-0.3.6/io/micronaut/inject/qualifiers/Qualifiers.class
target/shopcart-0.3.6/io/micronaut/inject/qualifiers/InterceptorBindingQualifier.class
target/shopcart-0.3.6/io/micronaut/inject/qualifiers/AnnotationMetadataQualifier.class
target/shopcart-0.3.6/io/micronaut/inject/ast/ConstructorElement.class
target/shopcart-0.3.6/io/micronaut/inject/ast/TypedElement.class
target/shopcart-0.3.6/io/micronaut/inject/ast/WildcardElement.class
target/shopcart-0.3.6/io/micronaut/inject/ast/ElementQuery.class
target/shopcart-0.3.6/io/micronaut/inject/ast/PackageElement.class
target/shopcart-0.3.6/io/micronaut/inject/ast/ParameterElement.class
target/shopcart-0.3.6/io/micronaut/inject/ast/ClassElement$2.class
target/shopcart-0.3.6/io/micronaut/inject/ast/PrimitiveElement.class
target/shopcart-0.3.6/io/micronaut/inject/ast/ElementFactory.class
target/shopcart-0.3.6/io/micronaut/inject/ast/AnnotationElement.class
target/shopcart-0.3.6/io/micronaut/inject/ast/ArrayableClassElement.class
target/shopcart-0.3.6/io/micronaut/inject/ast/ElementModifier.class
target/shopcart-0.3.6/io/micronaut/inject/ast/ReflectClassElement.class
target/shopcart-0.3.6/io/micronaut/inject/ast/SimpleClassElement.class
target/shopcart-0.3.6/io/micronaut/inject/ast/PropertyElement.class
target/shopcart-0.3.6/io/micronaut/inject/ast/MethodElement.class
target/shopcart-0.3.6/io/micronaut/inject/ast/FieldElement.class
target/shopcart-0.3.6/io/micronaut/inject/ast/GenericPlaceholderElement.class
target/shopcart-0.3.6/io/micronaut/inject/ast/DefaultElementQuery.class
target/shopcart-0.3.6/io/micronaut/inject/ast/ClassElement$1.class
target/shopcart-0.3.6/io/micronaut/inject/ast/ReflectParameterElement.class
target/shopcart-0.3.6/io/micronaut/inject/ast/MemberElement.class
target/shopcart-0.3.6/io/micronaut/inject/writer/BeanDefinitionWriter.class
target/shopcart-0.3.6/io/micronaut/inject/ast/EnumElement.class
target/shopcart-0.3.6/io/micronaut/inject/ast/beans/BeanConstructorElement.class
target/shopcart-0.3.6/io/micronaut/inject/ast/beans/BeanParameterElement.class
target/shopcart-0.3.6/io/micronaut/inject/ast/beans/BeanFieldElement.class
target/shopcart-0.3.6/io/micronaut/inject/ast/ReflectTypeElement.class
target/shopcart-0.3.6/io/micronaut/inject/CallableInjectionPoint.class
target/shopcart-0.3.6/io/micronaut/inject/ast/MethodElement$1.class
target/shopcart-0.3.6/io/micronaut/inject/ast/ElementQuery$Result.class
target/shopcart-0.3.6/io/micronaut/inject/ast/beans/BeanMethodElement.class
target/shopcart-0.3.6/io/micronaut/inject/ast/beans/BeanElement.class
target/shopcart-0.3.6/io/micronaut/inject/ast/ReflectGenericPlaceholderElement.class
target/shopcart-0.3.6/io/micronaut/inject/ast/beans/BeanElementBuilder.class
target/shopcart-0.3.6/io/micronaut/inject/ast/beans/InjectableElement.class
target/shopcart-0.3.6/io/micronaut/inject/FieldInjectionPoint.class
target/shopcart-0.3.6/io/micronaut/inject/ast/Element.class
target/shopcart-0.3.6/io/micronaut/inject/BeanDefinition$1.class
target/shopcart-0.3.6/io/micronaut/inject/InjectionPoint.class
target/shopcart-0.3.6/io/micronaut/inject/ast/ReflectWildcardElement.class
target/shopcart-0.3.6/io/micronaut/inject/ast/beans/ConfigurableElement.class
target/shopcart-0.3.6/io/micronaut/inject/AdvisedBeanType.class
target/shopcart-0.3.6/io/micronaut/inject/ExecutionHandle$1.class
target/shopcart-0.3.6/io/micronaut/inject/BeanFactory.class
target/shopcart-0.3.6/io/micronaut/inject/BeanIdentifier.class
target/shopcart-0.3.6/io/micronaut/inject/ast/ClassElement.class
target/shopcart-0.3.6/io/micronaut/inject/util/VisitorContextUtils.class
target/shopcart-0.3.6/io/micronaut/inject/util/KotlinExecutableMethodUtils.class
target/shopcart-0.3.6/io/micronaut/inject/BeanConfiguration.class
target/shopcart-0.3.6/io/micronaut/inject/beans/visitor/BeanIntrospectionWriter$BeanMethodData.class
target/shopcart-0.3.6/io/micronaut/inject/beans/AbstractInitializableBeanIntrospection$IndexedCollections$1.class
target/shopcart-0.3.6/io/micronaut/inject/beans/visitor/BeanIntrospectionWriter$ExceptionDispatchTarget.class
target/shopcart-0.3.6/io/micronaut/inject/DelegatingBeanDefinition.class
target/shopcart-0.3.6/io/micronaut/inject/ExecutableMethod.class
target/shopcart-0.3.6/io/micronaut/inject/beans/visitor/BeanIntrospectionWriter$1.class
target/shopcart-0.3.6/io/micronaut/inject/beans/visitor/IntrospectedTypeElementVisitor$AbstractIntrospection.class
target/shopcart-0.3.6/io/micronaut/inject/beans/visitor/BeanIntrospectionWriter$BeanPropertyData.class
target/shopcart-0.3.6/io/micronaut/inject/beans/visitor/JsonCreatorAnnotationMapper.class
target/shopcart-0.3.6/io/micronaut/inject/beans/visitor/BeanIntrospectionWriter$AnnotationWithValue.class
target/shopcart-0.3.6/io/micronaut/inject/beans/visitor/BeanIntrospectionWriter$BeanFieldData.class
target/shopcart-0.3.6/io/micronaut/inject/beans/visitor/MappedSuperClassIntrospectionMapper.class
target/shopcart-0.3.6/io/micronaut/inject/beans/visitor/BeanIntrospectionWriter$CopyConstructorDispatchTarget.class
target/shopcart-0.3.6/io/micronaut/inject/beans/AbstractInitializableBeanIntrospection.class
target/shopcart-0.3.6/io/micronaut/inject/BeanDefinition.class
target/shopcart-0.3.6/io/micronaut/inject/beans/visitor/EntityReflectiveAccessAnnotationMapper.class
target/shopcart-0.3.6/io/micronaut/inject/beans/visitor/BeanIntrospectionWriter$2$1.class
target/shopcart-0.3.6/io/micronaut/inject/beans/AbstractInitializableBeanIntrospection$1.class
target/shopcart-0.3.6/io/micronaut/inject/beans/visitor/BeanIntrospectionWriter$3.class
target/shopcart-0.3.6/io/micronaut/inject/beans/visitor/EntityIntrospectedAnnotationMapper.class
target/shopcart-0.3.6/io/micronaut/inject/beans/visitor/BeanIntrospectionWriter$2.class
target/shopcart-0.3.6/io/micronaut/inject/beans/AbstractInitializableBeanIntrospection$BeanMethodImpl.class
target/shopcart-0.3.6/io/micronaut/inject/beans/AbstractInitializableBeanIntrospection$BeanMethodRef.class
target/shopcart-0.3.6/io/micronaut/inject/beans/AbstractExecutableBeanMethod.class
target/shopcart-0.3.6/io/micronaut/inject/beans/AbstractInitializableBeanIntrospection$IndexedCollections.class
target/shopcart-0.3.6/io/micronaut/inject/beans/AbstractInitializableBeanIntrospection$BeanPropertyRef.class
target/shopcart-0.3.6/io/micronaut/inject/beans/visitor/IntrospectedTypeElementVisitor$AbstractPropertyElement.class
target/shopcart-0.3.6/io/micronaut/inject/beans/AbstractInitializableBeanIntrospection$BeanMethodImpl$1.class
target/shopcart-0.3.6/io/micronaut/inject/beans/AbstractInitializableBeanIntrospection$BeanPropertyImpl.class
target/shopcart-0.3.6/io/micronaut/inject/ValidatedBeanDefinition.class
target/shopcart-0.3.6/io/micronaut/inject/ConstructorInjectionPoint.class
target/shopcart-0.3.6/io/micronaut/inject/ParametrizedBeanFactory.class
target/shopcart-0.3.6/io/micronaut/inject/beans/visitor/IntrospectedTypeElementVisitor.class
target/shopcart-0.3.6/io/micronaut/inject/MethodInjectionPoint.class
target/shopcart-0.3.6/io/micronaut/inject/BeanDefinitionMethodReference.class
target/shopcart-0.3.6/io/micronaut/buffer/netty/ByteBufAllocatorConfiguration.class
target/shopcart-0.3.6/io/micronaut/buffer/netty/$DefaultByteBufAllocatorConfiguration$Definition.class
target/shopcart-0.3.6/io/micronaut/buffer/netty/NettyFeature.class
target/shopcart-0.3.6/io/micronaut/buffer/netty/$NettyByteBufferFactory$Definition$Reference.class
target/shopcart-0.3.6/io/micronaut/buffer/netty/$DefaultByteBufAllocatorConfiguration$Definition$Reference.class
target/shopcart-0.3.6/io/micronaut/buffer/netty/$NettyByteBufferFactory$Definition.class
target/shopcart-0.3.6/io/micronaut/http/server/binding/$RequestArgumentSatisfier$Definition.class
target/shopcart-0.3.6/io/micronaut/buffer/netty/NettyByteBuffer.class
target/shopcart-0.3.6/io/micronaut/http/server/$RouteExecutor$Definition.class
target/shopcart-0.3.6/io/micronaut/inject/beans/visitor/BeanIntrospectionWriter.class
target/shopcart-0.3.6/io/micronaut/http/server/HttpServerConfiguration$CorsConfiguration.class
target/shopcart-0.3.6/io/micronaut/buffer/netty/DefaultByteBufAllocatorConfiguration.class
target/shopcart-0.3.6/io/micronaut/http/server/binding/$LocaleArgumentBinder$Definition.class
target/shopcart-0.3.6/io/micronaut/http/server/binding/$BasicAuthArgumentBinder$Definition$Reference.class
target/shopcart-0.3.6/io/micronaut/buffer/netty/NettyByteBufferFactory.class
target/shopcart-0.3.6/io/micronaut/http/server/binding/$BasicAuthArgumentBinder$Definition.class
target/shopcart-0.3.6/io/micronaut/http/server/RouteExecutor$2.class
target/shopcart-0.3.6/io/micronaut/http/server/binding/$LocaleArgumentBinder$Definition$Reference.class
target/shopcart-0.3.6/io/micronaut/http/server/binding/$RequestArgumentSatisfier$Definition$Reference.class
target/shopcart-0.3.6/io/micronaut/http/server/RouteExecutor$1.class
target/shopcart-0.3.6/io/micronaut/http/server/$HttpServerConfiguration$HostResolutionConfiguration$Definition.class
target/shopcart-0.3.6/io/micronaut/http/server/binding/LocaleArgumentBinder.class
target/shopcart-0.3.6/io/micronaut/http/server/types/files/FileCustomizableResponseType.class
target/shopcart-0.3.6/io/micronaut/http/server/binding/RequestArgumentSatisfier.class
target/shopcart-0.3.6/io/micronaut/http/server/$HttpServerConfiguration$MultipartConfiguration$Definition.class
target/shopcart-0.3.6/io/micronaut/http/server/HttpServerConfiguration$HttpLocaleResolutionConfigurationProperties.class
target/shopcart-0.3.6/io/micronaut/http/server/types/CustomizableResponseType.class
target/shopcart-0.3.6/io/micronaut/http/server/binding/BasicAuthArgumentBinder.class
target/shopcart-0.3.6/io/micronaut/http/server/types/files/SystemFile.class
target/shopcart-0.3.6/io/micronaut/http/server/RouteExecutor$3.class
target/shopcart-0.3.6/io/micronaut/http/server/$CoroutineHelper$Definition$Reference.class
target/shopcart-0.3.6/io/micronaut/http/server/$CoroutineHelper$Definition.class
target/shopcart-0.3.6/io/micronaut/http/server/context/ServerRequestContextInstrumentation.class
target/shopcart-0.3.6/io/micronaut/http/server/$RouteExecutor$Definition$Reference.class
target/shopcart-0.3.6/io/micronaut/http/server/types/files/StreamedFile.class
target/shopcart-0.3.6/io/micronaut/http/server/types/CustomizableResponseTypeException.class
target/shopcart-0.3.6/io/micronaut/http/server/$HttpServerConfiguration$CorsConfiguration$Definition$Reference.class
target/shopcart-0.3.6/io/micronaut/http/server/HttpServerConfiguration$MultipartConfiguration.class
target/shopcart-0.3.6/io/micronaut/http/server/context/$ServerRequestContextInstrumentation$Definition.class
target/shopcart-0.3.6/io/micronaut/http/server/cors/$CorsOriginConverter$Definition$Reference.class
target/shopcart-0.3.6/io/micronaut/http/server/cors/$CorsFilter$Definition.class
target/shopcart-0.3.6/io/micronaut/http/server/context/ServerRequestContextInvocationInstrumenter.class
target/shopcart-0.3.6/io/micronaut/http/server/context/$ServerRequestContextInstrumentation$Definition$Reference.class
target/shopcart-0.3.6/io/micronaut/http/server/cors/$CorsOriginConverter$Definition.class
target/shopcart-0.3.6/io/micronaut/http/server/cors/package-info.class
target/shopcart-0.3.6/io/micronaut/http/server/websocket/$ServerWebSocketProcessor$Definition$Reference.class
target/shopcart-0.3.6/io/micronaut/http/server/RouteExecutor.class
target/shopcart-0.3.6/io/micronaut/http/server/cors/$BeanConfiguration.class
target/shopcart-0.3.6/io/micronaut/http/server/websocket/ServerWebSocketProcessor.class
target/shopcart-0.3.6/io/micronaut/http/server/cors/$CorsFilter$Definition$Reference.class
target/shopcart-0.3.6/io/micronaut/http/server/cors/CorsOriginConfiguration.class
target/shopcart-0.3.6/io/micronaut/http/server/cors/CorsUtil.class
target/shopcart-0.3.6/io/micronaut/http/server/cors/CorsFilter.class
target/shopcart-0.3.6/io/micronaut/http/server/util/HttpHostResolver.class
target/shopcart-0.3.6/io/micronaut/http/server/$HttpServerConfiguration$CorsConfiguration$Definition.class
target/shopcart-0.3.6/io/micronaut/http/server/util/HttpClientAddressResolver.class
target/shopcart-0.3.6/io/micronaut/http/server/websocket/$ServerWebSocketProcessor$Definition.class
target/shopcart-0.3.6/io/micronaut/http/server/cors/CorsOriginConverter.class
target/shopcart-0.3.6/io/micronaut/http/server/$HttpServerConfiguration$Definition$Reference.class
target/shopcart-0.3.6/io/micronaut/http/server/util/DefaultHttpClientAddressResolver.class
target/shopcart-0.3.6/io/micronaut/http/server/util/locale/HttpLocaleResolver.class
target/shopcart-0.3.6/io/micronaut/http/server/util/$DefaultHttpClientAddressResolver$Definition.class
target/shopcart-0.3.6/io/micronaut/http/server/util/$DefaultHttpHostResolver$Definition.class
target/shopcart-0.3.6/io/micronaut/http/server/util/locale/HttpLocaleResolutionConfiguration.class
target/shopcart-0.3.6/io/micronaut/http/server/util/locale/HttpAbstractLocaleResolver.class
target/shopcart-0.3.6/io/micronaut/http/server/util/locale/$CookieLocaleResolver$Definition.class
target/shopcart-0.3.6/io/micronaut/http/server/util/locale/$RequestLocaleResolver$Definition.class
target/shopcart-0.3.6/io/micronaut/http/server/util/locale/CompositeHttpLocaleResolver.class
target/shopcart-0.3.6/io/micronaut/http/server/util/locale/CookieLocaleResolver.class
target/shopcart-0.3.6/io/micronaut/http/server/util/locale/$CookieLocaleResolver$Definition$Reference.class
target/shopcart-0.3.6/io/micronaut/http/server/util/DefaultHttpHostResolver.class
target/shopcart-0.3.6/io/micronaut/http/server/util/locale/$CompositeHttpLocaleResolver$Definition$Reference.class
target/shopcart-0.3.6/io/micronaut/http/server/util/locale/$CompositeHttpLocaleResolver$Definition.class
target/shopcart-0.3.6/io/micronaut/http/server/util/locale/HttpFixedLocaleResolver.class
target/shopcart-0.3.6/io/micronaut/http/server/util/locale/$HttpFixedLocaleResolver$Definition.class
target/shopcart-0.3.6/io/micronaut/http/server/util/locale/$HttpFixedLocaleResolver$Definition$Reference.class
target/shopcart-0.3.6/io/micronaut/http/server/util/locale/$RequestLocaleResolver$Definition$Reference.class
target/shopcart-0.3.6/io/micronaut/http/server/util/locale/RequestLocaleResolver.class
target/shopcart-0.3.6/io/micronaut/http/server/util/$DefaultHttpClientAddressResolver$Definition$Reference.class
target/shopcart-0.3.6/io/micronaut/http/server/netty/MicronautHttpPostMultipartRequestDecoder.class
target/shopcart-0.3.6/io/micronaut/http/server/HttpServerConfiguration.class
target/shopcart-0.3.6/io/micronaut/http/server/util/$DefaultHttpHostResolver$Definition$Reference.class
target/shopcart-0.3.6/io/micronaut/http/server/netty/HttpContentProcessorResolver.class
target/shopcart-0.3.6/io/micronaut/http/server/$HttpServerConfiguration$HostResolutionConfiguration$Definition$Reference.class
target/shopcart-0.3.6/io/micronaut/http/server/$HttpServerConfiguration$HttpLocaleResolutionConfigurationProperties$Definition$Reference.class
target/shopcart-0.3.6/io/micronaut/http/server/netty/DefaultNettyEmbeddedServerFactory.class
target/shopcart-0.3.6/io/micronaut/http/server/netty/DelegateStreamedHttpResponse.class
target/shopcart-0.3.6/io/micronaut/http/server/$HttpServerConfiguration$HttpLocaleResolutionConfigurationProperties$Definition.class
target/shopcart-0.3.6/io/micronaut/http/server/util/ProxyHeaderParser.class
target/shopcart-0.3.6/io/micronaut/http/server/netty/HttpDataReference$1.class
target/shopcart-0.3.6/io/micronaut/http/server/netty/NettyHttpServer$NettyHttpServerInitializer$2.class
target/shopcart-0.3.6/io/micronaut/http/server/netty/handler/ChannelOutboundHandlerFactory.class
target/shopcart-0.3.6/io/micronaut/http/server/netty/NettyEmbeddedServer.class
target/shopcart-0.3.6/io/micronaut/http/server/netty/NettyHttpServer$NettyHttpServerInitializer$1.class
target/shopcart-0.3.6/io/micronaut/http/server/netty/$DefaultHttpCompressionStrategy$Definition.class
target/shopcart-0.3.6/io/micronaut/http/server/netty/NettyRequestArgumentSatisfier.class
target/shopcart-0.3.6/io/micronaut/http/server/netty/DefaultNettyEmbeddedServerFactory$1.class
target/shopcart-0.3.6/io/micronaut/http/server/netty/$NettyRequestArgumentSatisfier$Definition.class
target/shopcart-0.3.6/io/micronaut/http/server/netty/handler/accesslog/HttpAccessLogHandler$1.class
target/shopcart-0.3.6/io/micronaut/http/server/netty/handler/accesslog/element/NotImplementedElementBuilder.class
target/shopcart-0.3.6/io/micronaut/http/server/netty/HttpDataReference$Component.class
target/shopcart-0.3.6/io/micronaut/http/server/netty/DefaultHttpContentProcessor.class
target/shopcart-0.3.6/io/micronaut/http/server/netty/$DefaultNettyEmbeddedServerFactory$Definition$Reference.class
target/shopcart-0.3.6/io/micronaut/http/server/netty/$NettyRequestArgumentSatisfier$Definition$Reference.class
target/shopcart-0.3.6/io/micronaut/http/server/netty/handler/accesslog/HttpAccessLogHandler.class
target/shopcart-0.3.6/io/micronaut/http/server/netty/handler/accesslog/element/LogElementBuilder.class
target/shopcart-0.3.6/io/micronaut/http/server/netty/handler/accesslog/element/RemoteHostElement.class
target/shopcart-0.3.6/io/micronaut/http/server/netty/handler/accesslog/element/CookieElementBuilder.class
target/shopcart-0.3.6/io/micronaut/http/server/netty/handler/accesslog/element/HeaderElementBuilder.class
target/shopcart-0.3.6/io/micronaut/http/server/netty/handler/accesslog/element/LogElement$Event.class
target/shopcart-0.3.6/io/micronaut/http/server/netty/handler/accesslog/element/AccessLogFormatParser$IndexedLogElement.class
target/shopcart-0.3.6/io/micronaut/http/server/netty/handler/accesslog/element/RequestProtocolElement.class
target/shopcart-0.3.6/io/micronaut/http/server/netty/handler/accesslog/element/LocalIpElement.class
target/shopcart-0.3.6/io/micronaut/http/server/netty/handler/accesslog/element/AccessLog.class
target/shopcart-0.3.6/io/micronaut/http/server/netty/handler/accesslog/element/LocalPortElementBuilder.class
target/shopcart-0.3.6/io/micronaut/http/server/netty/handler/accesslog/element/LogElement.class
target/shopcart-0.3.6/io/micronaut/http/server/netty/handler/accesslog/element/LocalHostElement.class
target/shopcart-0.3.6/io/micronaut/http/server/netty/handler/accesslog/element/AccessLogFormatParser.class
target/shopcart-0.3.6/io/micronaut/http/server/netty/handler/accesslog/element/RemoteIpElementBuilder.class
target/shopcart-0.3.6/io/micronaut/http/server/netty/handler/accesslog/element/BytesSentElementBuilder.class
target/shopcart-0.3.6/io/micronaut/http/server/netty/handler/accesslog/element/RequestLineElementBuilder.class
target/shopcart-0.3.6/io/micronaut/http/server/netty/handler/accesslog/element/DateTimeElementBuilder.class
target/shopcart-0.3.6/io/micronaut/http/server/netty/handler/accesslog/element/RequestMethodElement.class
target/shopcart-0.3.6/io/micronaut/http/server/netty/handler/accesslog/element/RequestUriElement.class
target/shopcart-0.3.6/io/micronaut/http/server/netty/handler/accesslog/element/LocalIpElementBuilder.class
target/shopcart-0.3.6/io/micronaut/http/server/netty/handler/accesslog/element/CookieElement.class
target/shopcart-0.3.6/io/micronaut/http/server/netty/handler/accesslog/element/HeaderElement.class
target/shopcart-0.3.6/io/micronaut/http/server/netty/handler/accesslog/element/RequestLineElement.class
target/shopcart-0.3.6/io/micronaut/http/server/netty/handler/accesslog/element/AbstractHttpMessageLogElement.class
target/shopcart-0.3.6/io/micronaut/http/server/netty/handler/accesslog/element/RequestProtocolElementBuilder.class
target/shopcart-0.3.6/io/micronaut/http/server/netty/handler/accesslog/element/RemoteHostElementBuilder.class
target/shopcart-0.3.6/io/micronaut/http/server/netty/handler/accesslog/element/ElapseTimeElement.class
target/shopcart-0.3.6/io/micronaut/http/server/netty/handler/accesslog/element/CookiesElement.class
target/shopcart-0.3.6/io/micronaut/http/server/netty/handler/accesslog/element/BytesSentElement.class
target/shopcart-0.3.6/io/micronaut/http/server/netty/handler/accesslog/element/ConstantElement.class
target/shopcart-0.3.6/io/micronaut/http/server/netty/handler/accesslog/element/LocalHostElementBuilder.class
target/shopcart-0.3.6/io/micronaut/http/server/netty/handler/accesslog/element/RequestMethodElementBuilder.class
target/shopcart-0.3.6/io/micronaut/http/server/netty/handler/accesslog/element/ElapseTimeElementBuilder.class
target/shopcart-0.3.6/io/micronaut/http/server/netty/handler/accesslog/element/ResponseCodeElementBuilder.class
target/shopcart-0.3.6/io/micronaut/http/server/netty/handler/accesslog/element/ResponseCodeElement.class
target/shopcart-0.3.6/io/micronaut/http/server/netty/handler/accesslog/element/HeadersElement.class
target/shopcart-0.3.6/io/micronaut/http/server/netty/handler/accesslog/element/RemoteIpElement.class
target/shopcart-0.3.6/io/micronaut/http/server/netty/handler/accesslog/element/LocalPortElement.class
target/shopcart-0.3.6/io/micronaut/http/server/netty/handler/accesslog/element/RequestUriElementBuilder.class
target/shopcart-0.3.6/io/micronaut/http/server/netty/RoutingInBoundHandler$1.class
target/shopcart-0.3.6/io/micronaut/http/server/netty/handler/accesslog/element/DateTimeElement.class
target/shopcart-0.3.6/io/micronaut/http/server/netty/handler/accesslog/HttpAccessLogHandler$AccessLogHolder.class
target/shopcart-0.3.6/io/micronaut/http/server/netty/IdentityWrapper.class
target/shopcart-0.3.6/io/micronaut/http/server/netty/HttpCompressionStrategy.class
target/shopcart-0.3.6/io/micronaut/http/server/netty/FormDataHttpContentProcessor$2.class
target/shopcart-0.3.6/io/micronaut/http/server/netty/types/NettyCustomizableResponseType.class
target/shopcart-0.3.6/io/micronaut/http/server/netty/types/NettyCustomizableResponseTypeHandlerRegistry.class
target/shopcart-0.3.6/io/micronaut/http/server/netty/$FormDataHttpContentSubscriberFactory$Definition.class
target/shopcart-0.3.6/io/micronaut/http/server/netty/AbstractBufferingHttpContentProcessor.class
target/shopcart-0.3.6/io/micronaut/http/server/netty/types/NettyFileCustomizableResponseType.class
target/shopcart-0.3.6/io/micronaut/http/server/netty/FormDataHttpContentProcessor$1.class
target/shopcart-0.3.6/io/micronaut/http/server/netty/RoutingInBoundHandler$2.class
target/shopcart-0.3.6/io/micronaut/http/server/netty/types/NettyCustomizableResponseTypeHandler.class
target/shopcart-0.3.6/io/micronaut/http/server/netty/types/stream/NettyStreamedCustomizableResponseType.class
target/shopcart-0.3.6/io/micronaut/http/server/netty/NettyHttpServer$1.class
target/shopcart-0.3.6/io/micronaut/http/server/netty/types/files/FileTypeHandlerConfiguration.class
target/shopcart-0.3.6/io/micronaut/http/server/netty/types/DefaultCustomizableResponseTypeHandlerRegistry.class
target/shopcart-0.3.6/io/micronaut/http/server/netty/types/files/$FileTypeHandlerConfiguration$CacheControlConfiguration$Definition$Reference.class
target/shopcart-0.3.6/io/micronaut/http/server/netty/types/files/$FileTypeHandlerConfiguration$Definition.class
target/shopcart-0.3.6/io/micronaut/http/server/netty/types/files/$FileTypeHandlerConfiguration$CacheControlConfiguration$Definition.class
target/shopcart-0.3.6/io/micronaut/http/server/netty/types/files/FileTypeHandler.class
target/shopcart-0.3.6/io/micronaut/http/server/netty/configuration/NettyHttpServerConfiguration$FileTypeHandlerConfiguration$CacheControlConfiguration.class
target/shopcart-0.3.6/io/micronaut/http/server/netty/$NettyEmbeddedServerInstance$Definition$Reference.class
target/shopcart-0.3.6/io/micronaut/http/server/netty/configuration/NettyHttpServerConfiguration$FileTypeHandlerConfiguration.class
target/shopcart-0.3.6/io/micronaut/http/server/netty/types/files/NettyStreamedFileCustomizableResponseType.class
target/shopcart-0.3.6/io/micronaut/http/server/netty/configuration/$NettyHttpServerConfiguration$AccessLogger$Definition.class
target/shopcart-0.3.6/io/micronaut/http/server/netty/types/files/$FileTypeHandlerConfiguration$Definition$Reference.class
target/shopcart-0.3.6/io/micronaut/http/server/netty/configuration/NettyHttpServerConfiguration$EventLoopConfig.class
target/shopcart-0.3.6/io/micronaut/http/server/netty/configuration/$NettyHttpServerConfiguration$FileTypeHandlerConfiguration$Definition$Reference.class
target/shopcart-0.3.6/io/micronaut/http/server/netty/configuration/NettyHttpServerConfiguration$Worker.class
target/shopcart-0.3.6/io/micronaut/http/server/netty/NettyEmbeddedServerInstance.class
target/shopcart-0.3.6/io/micronaut/http/server/netty/RoutingInBoundHandler.class
target/shopcart-0.3.6/io/micronaut/http/server/netty/types/files/FileTypeHandlerConfiguration$CacheControlConfiguration.class
target/shopcart-0.3.6/io/micronaut/http/server/netty/configuration/$NettyHttpServerConfiguration$Http2Settings$Definition.class
target/shopcart-0.3.6/io/micronaut/http/server/netty/configuration/$NettyHttpServerConfiguration$FileTypeHandlerConfiguration$CacheControlConfiguration$Definition$Reference.class
target/shopcart-0.3.6/io/micronaut/http/server/netty/configuration/$NettyHttpServerConfiguration$Worker$Definition.class
target/shopcart-0.3.6/io/micronaut/http/server/netty/configuration/$NettyHttpServerConfiguration$Definition$Reference.class
target/shopcart-0.3.6/io/micronaut/http/server/netty/configuration/NettyHttpServerConfiguration$Parent.class
target/shopcart-0.3.6/io/micronaut/http/server/netty/types/files/NettySystemFileCustomizableResponseType.class
target/shopcart-0.3.6/io/micronaut/http/server/netty/configuration/$NettyHttpServerConfiguration$FileTypeHandlerConfiguration$CacheControlConfiguration$Definition.class
target/shopcart-0.3.6/io/micronaut/http/server/netty/configuration/NettyHttpServerConfiguration.class
target/shopcart-0.3.6/io/micronaut/http/server/netty/configuration/$NettyHttpServerConfiguration$AccessLogger$Definition$Reference.class
target/shopcart-0.3.6/io/micronaut/http/server/netty/configuration/$NettyHttpServerConfiguration$Parent$Definition.class
target/shopcart-0.3.6/io/micronaut/http/server/netty/configuration/$NettyHttpServerConfiguration$Worker$Definition$Reference.class
target/shopcart-0.3.6/io/micronaut/http/server/netty/configuration/$NettyHttpServerConfiguration$Parent$Definition$Reference.class
target/shopcart-0.3.6/io/micronaut/http/server/netty/configuration/NettyHttpServerConfiguration$Http2Settings.class
target/shopcart-0.3.6/io/micronaut/http/server/netty/configuration/$NettyHttpServerConfiguration$Http2Settings$Definition$Reference.class
target/shopcart-0.3.6/io/micronaut/http/server/netty/configuration/NettyHttpServerConfiguration$AccessLogger.class
target/shopcart-0.3.6/io/micronaut/http/server/netty/configuration/$NettyHttpServerConfiguration$FileTypeHandlerConfiguration$Definition.class
target/shopcart-0.3.6/io/micronaut/http/server/netty/NettyHttpRequest$1.class
target/shopcart-0.3.6/io/micronaut/http/server/netty/$DefaultHttpCompressionStrategy$Definition$Reference.class
target/shopcart-0.3.6/io/micronaut/http/server/netty/FormDataHttpContentProcessor.class
target/shopcart-0.3.6/io/micronaut/http/server/netty/$DefaultNettyEmbeddedServerFactory$Definition.class
target/shopcart-0.3.6/io/micronaut/http/server/netty/NettyEmbeddedServerFactory.class
target/shopcart-0.3.6/io/micronaut/http/server/netty/configuration/$NettyHttpServerConfiguration$Definition.class
target/shopcart-0.3.6/io/micronaut/http/server/netty/converters/$NettyConverters$Definition.class
target/shopcart-0.3.6/io/micronaut/http/server/netty/binders/$NettyBinderRegistrar$Definition$Reference.class
target/shopcart-0.3.6/io/micronaut/http/server/netty/binders/InputStreamBodyBinder$1.class
target/shopcart-0.3.6/io/micronaut/http/server/netty/binders/InputStreamBodyBinder$1$1.class
target/shopcart-0.3.6/io/micronaut/http/server/netty/ssl/ServerSslBuilder.class
target/shopcart-0.3.6/io/micronaut/http/server/netty/$FormDataHttpContentSubscriberFactory$Definition$Reference.class
target/shopcart-0.3.6/io/micronaut/http/server/netty/converters/$NettyConverters$Definition$Reference.class
target/shopcart-0.3.6/io/micronaut/http/server/netty/binders/$PublisherBodyBinder$Definition$Reference.class
target/shopcart-0.3.6/io/micronaut/http/server/netty/encoders/HttpResponseEncoder.class
target/shopcart-0.3.6/io/micronaut/http/server/netty/converters/NettyConverters.class
target/shopcart-0.3.6/io/micronaut/http/server/netty/binders/PublisherBodyBinder$1.class
target/shopcart-0.3.6/io/micronaut/http/server/netty/binders/CompletableFutureBodyBinder.class
target/shopcart-0.3.6/io/micronaut/http/server/netty/binders/$NettyBinderRegistrar$Definition.class
target/shopcart-0.3.6/io/micronaut/http/server/netty/NettyHttpRequest$BodyConvertor$1.class
target/shopcart-0.3.6/io/micronaut/http/server/netty/ssl/$SelfSignedSslBuilder$SelfSignedConfigured$Introspection.class
target/shopcart-0.3.6/io/micronaut/http/server/netty/FormDataHttpContentSubscriberFactory.class
target/shopcart-0.3.6/io/micronaut/http/server/netty/DelegateHttpMessage.class
target/shopcart-0.3.6/io/micronaut/http/server/netty/binders/InputStreamBodyBinder.class
target/shopcart-0.3.6/io/micronaut/http/server/netty/binders/CompletableFutureBodyBinder$1.class
target/shopcart-0.3.6/io/micronaut/http/server/netty/binders/$PublisherBodyBinder$Definition.class
target/shopcart-0.3.6/io/micronaut/http/server/netty/ssl/BuildSelfSignedCondition.class
target/shopcart-0.3.6/io/micronaut/http/server/netty/binders/PublisherBodyBinder.class
target/shopcart-0.3.6/io/micronaut/http/server/netty/binders/NettyBinderRegistrar.class
target/shopcart-0.3.6/io/micronaut/http/server/netty/$DefaultNettyEmbeddedServerFactory$BuildDefaultServer0$Definition$Reference.class
target/shopcart-0.3.6/io/micronaut/http/server/netty/ssl/$SelfSignedSslBuilder$SelfSignedConfigured$IntrospectionRef.class
target/shopcart-0.3.6/io/micronaut/http/server/netty/ssl/HttpRequestCertificateHandler.class
target/shopcart-0.3.6/io/micronaut/http/server/netty/NettyHttpRequest.class
target/shopcart-0.3.6/io/micronaut/http/server/netty/ssl/SelfSignedSslBuilder$SelfSignedConfigured.class
target/shopcart-0.3.6/io/micronaut/http/server/netty/ssl/$CertificateProvidedSslBuilder$Definition$Reference.class
target/shopcart-0.3.6/io/micronaut/http/server/netty/ssl/$SslEnabledCondition$IntrospectionRef.class
target/shopcart-0.3.6/io/micronaut/http/server/netty/ssl/$CertificateProvidedSslBuilder$Definition.class
target/shopcart-0.3.6/io/micronaut/http/server/netty/ssl/CertificateProvidedSslBuilder.class
target/shopcart-0.3.6/io/micronaut/http/server/netty/RoutingInBoundHandler$3.class
target/shopcart-0.3.6/io/micronaut/http/server/netty/ssl/SslEnabledCondition.class
target/shopcart-0.3.6/io/micronaut/http/server/netty/ssl/$BuildSelfSignedCondition$IntrospectionRef.class
target/shopcart-0.3.6/io/micronaut/http/server/netty/ssl/SelfSignedSslBuilder.class
target/shopcart-0.3.6/io/micronaut/http/server/netty/ssl/$BuildSelfSignedCondition$Introspection.class
target/shopcart-0.3.6/io/micronaut/http/server/netty/ssl/$SelfSignedSslBuilder$Definition$Reference.class
target/shopcart-0.3.6/io/micronaut/http/server/netty/ssl/$SslEnabledCondition$Introspection.class
target/shopcart-0.3.6/io/micronaut/http/server/netty/ssl/$CertificateProvidedSslBuilder$SelfSignedNotConfigured$IntrospectionRef.class
target/shopcart-0.3.6/io/micronaut/http/server/netty/ssl/CertificateProvidedSslBuilder$SelfSignedNotConfigured.class
target/shopcart-0.3.6/io/micronaut/http/server/netty/ssl/$CertificateProvidedSslBuilder$SelfSignedNotConfigured$Introspection.class
target/shopcart-0.3.6/io/micronaut/http/server/netty/SmartHttpContentCompressor.class
target/shopcart-0.3.6/io/micronaut/http/server/netty/ssl/$SelfSignedSslBuilder$Definition.class
target/shopcart-0.3.6/io/micronaut/http/server/netty/NettyHttpRequest$BodyConvertor.class
target/shopcart-0.3.6/io/micronaut/http/server/netty/HttpDataReference$Component$1.class
target/shopcart-0.3.6/io/micronaut/http/server/netty/DefaultHttpCompressionStrategy.class
target/shopcart-0.3.6/io/micronaut/http/server/netty/HttpContentProcessor.class
target/shopcart-0.3.6/io/micronaut/http/server/netty/$DefaultHttpContentProcessorResolver$Definition.class
target/shopcart-0.3.6/io/micronaut/http/server/netty/NettyEmbeddedServices.class
target/shopcart-0.3.6/io/micronaut/http/server/netty/jackson/JsonContentProcessor$1.class
target/shopcart-0.3.6/io/micronaut/http/server/netty/jackson/JsonViewCodecResolver.class
target/shopcart-0.3.6/io/micronaut/http/server/netty/async/ContextCompletionAwareSubscriber.class
target/shopcart-0.3.6/io/micronaut/http/server/netty/websocket/NettyServerWebSocketHandler$1.class
target/shopcart-0.3.6/io/micronaut/http/server/netty/websocket/NettyServerWebSocketHandler$2.class
target/shopcart-0.3.6/io/micronaut/http/server/netty/jackson/$JsonViewServerFilter$Definition.class
target/shopcart-0.3.6/io/micronaut/http/server/netty/jackson/$JsonHttpContentSubscriberFactory$Definition$Reference.class
target/shopcart-0.3.6/io/micronaut/http/server/netty/jackson/JsonContentProcessor$1$1.class
target/shopcart-0.3.6/io/micronaut/http/server/netty/jackson/$JsonViewServerFilter$Definition$Reference.class
target/shopcart-0.3.6/io/micronaut/http/server/netty/jackson/$JsonViewMediaTypeCodecFactory$Definition$Reference.class
target/shopcart-0.3.6/io/micronaut/http/server/netty/websocket/NettyServerWebSocketHandler.class
target/shopcart-0.3.6/io/micronaut/http/server/netty/websocket/NettyServerWebSocketUpgradeHandler.class
target/shopcart-0.3.6/io/micronaut/http/server/netty/jackson/$JsonViewMediaTypeCodecFactory$Definition.class
target/shopcart-0.3.6/io/micronaut/http/server/netty/jackson/JsonContentProcessor.class
target/shopcart-0.3.6/io/micronaut/http/server/netty/jackson/$JsonHttpContentSubscriberFactory$Definition.class
target/shopcart-0.3.6/io/micronaut/http/server/netty/jackson/JsonViewMediaTypeCodecFactory.class
target/shopcart-0.3.6/io/micronaut/http/server/netty/jackson/JsonViewServerFilter.class
target/shopcart-0.3.6/io/micronaut/http/server/netty/RoutingInBoundHandler$4.class
target/shopcart-0.3.6/io/micronaut/http/server/netty/DelegateNettyEmbeddedServices.class
target/shopcart-0.3.6/io/micronaut/http/server/netty/jackson/JsonHttpContentSubscriberFactory.class
target/shopcart-0.3.6/io/micronaut/http/server/netty/ServerAttributeKeys.class
target/shopcart-0.3.6/io/micronaut/http/server/netty/DelegateHttpResponse.class
target/shopcart-0.3.6/io/micronaut/http/server/netty/NettyHttpResponseFactory.class
target/shopcart-0.3.6/io/micronaut/http/server/netty/AbstractHttpContentProcessor.class
target/shopcart-0.3.6/io/micronaut/http/server/netty/NettyHttpServer$NettyHttpServerInitializer.class
target/shopcart-0.3.6/io/micronaut/http/server/netty/NettyHttpRequest$NettyMutableHttpRequest.class
target/shopcart-0.3.6/io/micronaut/http/server/netty/$NettyEmbeddedServerInstance$Definition.class
target/shopcart-0.3.6/io/micronaut/http/server/netty/multipart/NettyCompletedAttribute.class
target/shopcart-0.3.6/io/micronaut/http/server/netty/multipart/MultipartBodyArgumentBinder.class
target/shopcart-0.3.6/io/micronaut/http/server/netty/$DefaultNettyEmbeddedServerFactory$BuildDefaultServer0$Definition.class
target/shopcart-0.3.6/io/micronaut/http/server/netty/multipart/NettyPartData.class
target/shopcart-0.3.6/io/micronaut/http/server/netty/HttpContentSubscriberFactory.class
target/shopcart-0.3.6/io/micronaut/http/server/netty/multipart/MultipartBodyArgumentBinder$1$1.class
target/shopcart-0.3.6/io/micronaut/http/server/netty/multipart/NettyFileUploadInputStream.class
target/shopcart-0.3.6/io/micronaut/http/server/netty/RoutingInBoundHandler$NettyCustomizableResponseTypeHandlerInvoker.class
target/shopcart-0.3.6/io/micronaut/http/server/netty/RoutingInBoundHandler$5.class
target/shopcart-0.3.6/io/micronaut/http/server/netty/multipart/NettyCompletedFileUpload.class
target/shopcart-0.3.6/io/micronaut/http/server/netty/multipart/MultipartBodyArgumentBinder$1.class
target/shopcart-0.3.6/io/micronaut/http/server/netty/multipart/NettyStreamingFileUpload.class
target/shopcart-0.3.6/io/micronaut/http/server/netty/$DefaultHttpContentProcessorResolver$Definition$Reference.class
target/shopcart-0.3.6/io/micronaut/http/server/netty/multipart/NettyStreamingFileUpload$1.class
target/shopcart-0.3.6/io/micronaut/http/server/netty/NettyHttpServer$Http2OrHttpHandler.class
target/shopcart-0.3.6/io/micronaut/http/server/multipart/MultipartBody.class
target/shopcart-0.3.6/io/micronaut/http/server/netty/DefaultHttpContentProcessorResolver.class
target/shopcart-0.3.6/io/micronaut/http/server/exceptions/response/DefaultErrorContext$1.class
target/shopcart-0.3.6/io/micronaut/http/server/netty/ByteBufDelegate.class
target/shopcart-0.3.6/io/micronaut/http/server/netty/HttpToHttpsRedirectHandler.class
target/shopcart-0.3.6/io/micronaut/http/server/exceptions/response/ErrorResponseProcessor.class
target/shopcart-0.3.6/io/micronaut/http/server/exceptions/response/$HateoasErrorResponseProcessor$Definition.class
target/shopcart-0.3.6/io/micronaut/http/server/exceptions/response/Error.class
target/shopcart-0.3.6/io/micronaut/http/server/netty/decoders/HttpRequestDecoder.class
target/shopcart-0.3.6/io/micronaut/http/server/netty/HttpDataReference.class
target/shopcart-0.3.6/io/micronaut/http/server/$HttpServerConfiguration$Definition.class
target/shopcart-0.3.6/io/micronaut/http/server/netty/StreamTypeHandler.class
target/shopcart-0.3.6/io/micronaut/http/server/CoroutineHelper.class
target/shopcart-0.3.6/io/micronaut/http/server/exceptions/response/ErrorContext$Builder.class
target/shopcart-0.3.6/io/micronaut/http/server/exceptions/response/$HateoasErrorResponseProcessor$Definition$Reference.class
target/shopcart-0.3.6/io/micronaut/http/server/exceptions/response/DefaultErrorContext.class
target/shopcart-0.3.6/io/micronaut/http/server/exceptions/response/HateoasErrorResponseProcessor.class
target/shopcart-0.3.6/io/micronaut/http/server/exceptions/response/ErrorContext.class
target/shopcart-0.3.6/io/micronaut/http/server/exceptions/response/DefaultErrorContext$Builder.class
target/shopcart-0.3.6/io/micronaut/http/server/exceptions/UnsatisfiedArgumentHandler$1.class
target/shopcart-0.3.6/io/micronaut/http/server/exceptions/DuplicateRouteHandler.class
target/shopcart-0.3.6/io/micronaut/http/server/exceptions/InternalServerException.class
target/shopcart-0.3.6/io/micronaut/http/server/netty/NettyHttpServer.class
target/shopcart-0.3.6/io/micronaut/http/server/exceptions/UnsatisfiedRouteHandler$1.class
target/shopcart-0.3.6/io/micronaut/http/server/exceptions/$HttpStatusHandler$Definition.class
target/shopcart-0.3.6/io/micronaut/http/server/exceptions/$ConversionErrorHandler$Definition$Exec.class
target/shopcart-0.3.6/io/micronaut/http/server/exceptions/$UnsatisfiedArgumentHandler$Definition.class
target/shopcart-0.3.6/io/micronaut/http/server/exceptions/ConversionErrorHandler.class
target/shopcart-0.3.6/io/micronaut/http/server/exceptions/$UnsatisfiedArgumentHandler$Definition$Reference.class
target/shopcart-0.3.6/io/micronaut/http/server/exceptions/$ConversionErrorHandler$Definition$Reference.class
target/shopcart-0.3.6/io/micronaut/http/server/exceptions/$DuplicateRouteHandler$Definition$Exec.class
target/shopcart-0.3.6/io/micronaut/http/server/exceptions/ConversionErrorHandler$1.class
target/shopcart-0.3.6/io/micronaut/http/server/exceptions/$UnsatisfiedRouteHandler$Definition.class
target/shopcart-0.3.6/io/micronaut/http/server/exceptions/$HttpStatusHandler$Definition$Reference.class
target/shopcart-0.3.6/io/micronaut/http/server/exceptions/URISyntaxHandler.class
target/shopcart-0.3.6/io/micronaut/http/server/exceptions/HttpStatusHandler.class
target/shopcart-0.3.6/io/micronaut/http/server/exceptions/$UnsatisfiedArgumentHandler$Definition$Exec.class
target/shopcart-0.3.6/io/micronaut/http/server/exceptions/$JsonExceptionHandler$Definition$Reference.class
target/shopcart-0.3.6/io/micronaut/http/server/exceptions/$UnsatisfiedRouteHandler$Definition$Reference.class
target/shopcart-0.3.6/io/micronaut/http/server/exceptions/ServerStartupException.class
target/shopcart-0.3.6/io/micronaut/http/server/exceptions/$URISyntaxHandler$Definition.class
target/shopcart-0.3.6/io/micronaut/http/server/exceptions/ContentLengthExceededHandler.class
target/shopcart-0.3.6/io/micronaut/http/server/exceptions/$UnsatisfiedRouteHandler$Definition$Exec.class
target/shopcart-0.3.6/io/micronaut/http/server/exceptions/UnsatisfiedArgumentHandler.class
target/shopcart-0.3.6/io/micronaut/http/server/exceptions/$ContentLengthExceededHandler$Definition$Reference.class
target/shopcart-0.3.6/io/micronaut/http/server/exceptions/$DuplicateRouteHandler$Definition$Reference.class
target/shopcart-0.3.6/io/micronaut/http/server/exceptions/HttpServerException.class
target/shopcart-0.3.6/io/micronaut/http/server/exceptions/$ContentLengthExceededHandler$Definition.class
target/shopcart-0.3.6/io/micronaut/http/server/exceptions/$ContentLengthExceededHandler$Definition$Exec.class
target/shopcart-0.3.6/io/micronaut/http/server/exceptions/JsonExceptionHandler$1.class
target/shopcart-0.3.6/io/micronaut/http/server/exceptions/$HttpStatusHandler$Definition$Exec.class
target/shopcart-0.3.6/io/micronaut/http/server/exceptions/$DuplicateRouteHandler$Definition.class
target/shopcart-0.3.6/io/micronaut/http/server/exceptions/JsonExceptionHandler.class
target/shopcart-0.3.6/io/micronaut/http/server/exceptions/ExceptionHandler.class
target/shopcart-0.3.6/io/micronaut/http/server/exceptions/$ConversionErrorHandler$Definition.class
target/shopcart-0.3.6/io/micronaut/http/server/exceptions/$JsonExceptionHandler$Definition$Exec.class
target/shopcart-0.3.6/io/micronaut/http/server/exceptions/$URISyntaxHandler$Definition$Reference.class
target/shopcart-0.3.6/io/micronaut/http/server/exceptions/UnsatisfiedRouteHandler.class
target/shopcart-0.3.6/io/micronaut/http/server/ExecutableRouteInfo.class
target/shopcart-0.3.6/io/micronaut/http/server/exceptions/$JsonExceptionHandler$Definition.class
target/shopcart-0.3.6/io/micronaut/http/server/exceptions/$URISyntaxHandler$Definition$Exec.class
target/shopcart-0.3.6/io/micronaut/http/server/exceptions/URISyntaxHandler$1.class
target/shopcart-0.3.6/io/micronaut/http/resource/$ResourceLoaderFactory$Definition.class
target/shopcart-0.3.6/io/micronaut/http/server/$HttpServerConfiguration$MultipartConfiguration$Definition$Reference.class
target/shopcart-0.3.6/io/micronaut/http/resource/$ResourceLoaderFactory$GetClassPathResourceLoader0$Definition$Reference.class
target/shopcart-0.3.6/io/micronaut/http/server/codec/$TextStreamCodec$Definition.class
target/shopcart-0.3.6/io/micronaut/http/server/codec/$TextStreamCodec$Definition$Reference.class
target/shopcart-0.3.6/io/micronaut/http/resource/$ResourceLoaderFactory$FileSystemResourceLoader1$Definition$Reference.class
target/shopcart-0.3.6/io/micronaut/http/resource/ResourceLoaderFactory.class
target/shopcart-0.3.6/io/micronaut/http/annotation/RequestAttributes.class
target/shopcart-0.3.6/io/micronaut/http/resource/$ResourceLoaderFactory$FileSystemResourceLoader1$Definition.class
target/shopcart-0.3.6/io/micronaut/http/annotation/QueryValue.class
target/shopcart-0.3.6/io/micronaut/http/server/HttpServerConfiguration$HostResolutionConfiguration.class
target/shopcart-0.3.6/io/micronaut/http/annotation/Headers.class
target/shopcart-0.3.6/io/micronaut/http/resource/$ResourceLoaderFactory$ResourceResolver2$Definition.class
target/shopcart-0.3.6/io/micronaut/http/resource/$ResourceLoaderFactory$GetClassPathResourceLoader0$Definition.class
target/shopcart-0.3.6/io/micronaut/http/resource/$ResourceLoaderFactory$Definition$Reference.class
target/shopcart-0.3.6/io/micronaut/http/annotation/HttpMethodMapping.class
target/shopcart-0.3.6/io/micronaut/http/annotation/Consumes.class
target/shopcart-0.3.6/io/micronaut/http/server/codec/TextStreamCodec.class
target/shopcart-0.3.6/io/micronaut/http/annotation/RequestAttribute.class
target/shopcart-0.3.6/io/micronaut/http/annotation/PathVariable.class
target/shopcart-0.3.6/io/micronaut/http/resource/$ResourceLoaderFactory$ResourceResolver2$Definition$Reference.class
target/shopcart-0.3.6/io/micronaut/http/annotation/Head.class
target/shopcart-0.3.6/io/micronaut/http/annotation/CustomHttpMethod.class
target/shopcart-0.3.6/io/micronaut/http/annotation/Produces.class
target/shopcart-0.3.6/io/micronaut/http/annotation/Get.class
target/shopcart-0.3.6/io/micronaut/http/annotation/Header.class
target/shopcart-0.3.6/io/micronaut/http/annotation/Trace.class
target/shopcart-0.3.6/io/micronaut/http/annotation/Patch.class
target/shopcart-0.3.6/io/micronaut/http/annotation/FilterMatcher.class
target/shopcart-0.3.6/io/micronaut/http/annotation/Part.class
target/shopcart-0.3.6/io/micronaut/http/annotation/Status.class
target/shopcart-0.3.6/io/micronaut/http/annotation/RequestBean.class
target/shopcart-0.3.6/io/micronaut/http/annotation/Delete.class
target/shopcart-0.3.6/io/micronaut/http/annotation/Put.class
target/shopcart-0.3.6/io/micronaut/http/annotation/Body.class
target/shopcart-0.3.6/io/micronaut/http/annotation/Filter.class
target/shopcart-0.3.6/io/micronaut/http/annotation/Controller.class
target/shopcart-0.3.6/io/micronaut/http/annotation/Options.class
target/shopcart-0.3.6/io/micronaut/http/annotation/CookieValue.class
target/shopcart-0.3.6/io/micronaut/http/annotation/Error.class
target/shopcart-0.3.6/io/micronaut/http/annotation/UriMapping.class
target/shopcart-0.3.6/io/micronaut/http/simple/cookies/SimpleCookieFactory.class
target/shopcart-0.3.6/io/micronaut/http/BasicAuth.class
target/shopcart-0.3.6/io/micronaut/http/annotation/Post.class
target/shopcart-0.3.6/io/micronaut/http/MutableHttpParameters.class
target/shopcart-0.3.6/io/micronaut/http/context/ServerContextPathProvider.class
target/shopcart-0.3.6/io/micronaut/http/simple/cookies/SimpleCookie.class
target/shopcart-0.3.6/io/micronaut/http/context/event/HttpRequestTerminatedEvent.class
target/shopcart-0.3.6/io/micronaut/http/simple/SimpleHttpRequestFactory.class
target/shopcart-0.3.6/io/micronaut/http/context/ClientContextPathProvider.class
target/shopcart-0.3.6/io/micronaut/http/simple/cookies/SimpleCookies.class
target/shopcart-0.3.6/io/micronaut/http/context/event/HttpRequestReceivedEvent.class
target/shopcart-0.3.6/io/micronaut/http/HttpRequestFactory.class
target/shopcart-0.3.6/io/micronaut/http/simple/SimpleHttpResponseFactory.class
target/shopcart-0.3.6/io/micronaut/http/DefaultHttpFactories.class
target/shopcart-0.3.6/io/micronaut/http/simple/SimpleHttpResponse.class
target/shopcart-0.3.6/io/micronaut/http/simple/SimpleHttpHeaders.class
target/shopcart-0.3.6/io/micronaut/http/context/ServerRequestContext.class
target/shopcart-0.3.6/io/micronaut/http/simple/SimpleHttpParameters.class
target/shopcart-0.3.6/io/micronaut/http/HttpMessage.class
target/shopcart-0.3.6/io/micronaut/http/context/ServerRequestTracingPublisher.class
target/shopcart-0.3.6/io/micronaut/http/converters/$HttpConverterRegistrar$Definition.class
target/shopcart-0.3.6/io/micronaut/http/converters/$HttpConverterRegistrar$Definition$Reference.class
target/shopcart-0.3.6/io/micronaut/http/simple/SimpleHttpRequest.class
target/shopcart-0.3.6/io/micronaut/http/context/ServerRequestTracingPublisher$1.class
target/shopcart-0.3.6/io/micronaut/http/HttpHeaders.class
target/shopcart-0.3.6/io/micronaut/http/PushCapableHttpRequest.class
target/shopcart-0.3.6/io/micronaut/http/converters/HttpConverterRegistrar.class
target/shopcart-0.3.6/io/micronaut/http/HttpVersion.class
target/shopcart-0.3.6/io/micronaut/http/HttpAttributes$Constants.class
target/shopcart-0.3.6/io/micronaut/http/HttpMethod.class
target/shopcart-0.3.6/io/micronaut/http/MutableHttpMessage.class
target/shopcart-0.3.6/io/micronaut/http/ssl/$DefaultSslConfiguration$DefaultKeyConfiguration$Definition.class
target/shopcart-0.3.6/io/micronaut/http/ssl/$DefaultSslConfiguration$DefaultTrustStoreConfiguration$Definition$Reference.class
target/shopcart-0.3.6/io/micronaut/http/MutableHttpRequest.class
target/shopcart-0.3.6/io/micronaut/http/ssl/ClientAuthentication.class
target/shopcart-0.3.6/io/micronaut/http/ssl/SslConfigurationException.class
target/shopcart-0.3.6/io/micronaut/http/ssl/$ServerSslConfiguration$DefaultTrustStoreConfiguration$Definition.class
target/shopcart-0.3.6/io/micronaut/http/ssl/$ServerSslConfiguration$DefaultKeyConfiguration$Definition.class
target/shopcart-0.3.6/io/micronaut/http/ssl/ClientSslConfiguration$DefaultTrustStoreConfiguration.class
target/shopcart-0.3.6/io/micronaut/http/ssl/DefaultSslConfiguration$DefaultKeyStoreConfiguration.class
target/shopcart-0.3.6/io/micronaut/http/ssl/$DefaultSslConfiguration$Definition$Reference.class
target/shopcart-0.3.6/io/micronaut/http/ssl/$ClientSslConfiguration$Definition.class
target/shopcart-0.3.6/io/micronaut/http/ssl/$ClientSslConfiguration$Definition$Reference.class
target/shopcart-0.3.6/io/micronaut/http/ssl/$ServerSslConfiguration$Definition$Reference.class
target/shopcart-0.3.6/io/micronaut/http/ssl/DefaultSslConfiguration$DefaultKeyConfiguration.class
target/shopcart-0.3.6/io/micronaut/http/ssl/DefaultSslConfiguration.class
target/shopcart-0.3.6/io/micronaut/http/ssl/SslConfiguration$KeyStoreConfiguration.class
target/shopcart-0.3.6/io/micronaut/http/ssl/$ServerSslConfiguration$DefaultTrustStoreConfiguration$Definition$Reference.class
target/shopcart-0.3.6/io/micronaut/http/ssl/$DefaultSslConfiguration$DefaultTrustStoreConfiguration$Definition.class
target/shopcart-0.3.6/io/micronaut/http/ssl/ClientSslConfiguration$DefaultKeyStoreConfiguration.class
target/shopcart-0.3.6/io/micronaut/http/ssl/ServerSslConfiguration$DefaultTrustStoreConfiguration.class
target/shopcart-0.3.6/io/micronaut/http/ssl/$ClientSslConfiguration$DefaultKeyConfiguration$Definition.class
target/shopcart-0.3.6/io/micronaut/http/ssl/$ServerSslConfiguration$DefaultKeyStoreConfiguration$Definition.class
target/shopcart-0.3.6/io/micronaut/http/ssl/$ServerSslConfiguration$Definition.class
target/shopcart-0.3.6/io/micronaut/http/ssl/ClientSslConfiguration$DefaultKeyConfiguration.class
target/shopcart-0.3.6/io/micronaut/http/ssl/ClientSslConfiguration.class
target/shopcart-0.3.6/io/micronaut/http/ssl/$DefaultSslConfiguration$DefaultKeyStoreConfiguration$Definition.class
target/shopcart-0.3.6/io/micronaut/http/ssl/AbstractClientSslConfiguration.class
target/shopcart-0.3.6/io/micronaut/http/ssl/ServerSslConfiguration.class
target/shopcart-0.3.6/io/micronaut/http/ssl/$ServerSslConfiguration$DefaultKeyConfiguration$Definition$Reference.class
target/shopcart-0.3.6/io/micronaut/http/ssl/$ClientSslConfiguration$DefaultKeyStoreConfiguration$Definition.class
target/shopcart-0.3.6/io/micronaut/http/ssl/$ServerSslConfiguration$DefaultKeyStoreConfiguration$Definition$Reference.class
target/shopcart-0.3.6/io/micronaut/http/ssl/$ClientSslConfiguration$DefaultKeyConfiguration$Definition$Reference.class
target/shopcart-0.3.6/io/micronaut/http/ssl/SslConfiguration.class
target/shopcart-0.3.6/io/micronaut/http/ssl/DefaultSslConfiguration$DefaultTrustStoreConfiguration.class
target/shopcart-0.3.6/io/micronaut/http/ssl/$ClientSslConfiguration$DefaultKeyStoreConfiguration$Definition$Reference.class
target/shopcart-0.3.6/io/micronaut/http/ssl/SslConfiguration$TrustStoreConfiguration.class
target/shopcart-0.3.6/io/micronaut/http/ssl/$DefaultSslConfiguration$DefaultKeyConfiguration$Definition$Reference.class
target/shopcart-0.3.6/io/micronaut/http/ssl/$ClientSslConfiguration$DefaultTrustStoreConfiguration$Definition.class
target/shopcart-0.3.6/io/micronaut/http/ssl/ServerSslConfiguration$DefaultKeyStoreConfiguration.class
target/shopcart-0.3.6/io/micronaut/http/ssl/ServerSslConfiguration$DefaultKeyConfiguration.class
target/shopcart-0.3.6/io/micronaut/http/ssl/$ClientSslConfiguration$DefaultTrustStoreConfiguration$Definition$Reference.class
target/shopcart-0.3.6/io/micronaut/http/ssl/SslConfiguration$KeyConfiguration.class
target/shopcart-0.3.6/io/micronaut/http/ssl/SslBuilder.class
target/shopcart-0.3.6/io/micronaut/http/HttpResponseFactory.class
target/shopcart-0.3.6/io/micronaut/http/ssl/$DefaultSslConfiguration$Definition.class
target/shopcart-0.3.6/io/micronaut/http/HttpResponseWrapper.class
target/shopcart-0.3.6/io/micronaut/http/ssl/$DefaultSslConfiguration$DefaultKeyStoreConfiguration$Definition$Reference.class
target/shopcart-0.3.6/io/micronaut/http/cookie/$SameSiteConverter$Definition$Reference.class
target/shopcart-0.3.6/io/micronaut/http/cookie/SameSite.class
target/shopcart-0.3.6/io/micronaut/http/cookie/CookieFactory.class
target/shopcart-0.3.6/io/micronaut/http/cookie/CookieConfiguration.class
target/shopcart-0.3.6/io/micronaut/http/cookie/Cookies.class
target/shopcart-0.3.6/io/micronaut/http/client/annotation/Client.class
target/shopcart-0.3.6/io/micronaut/http/cookie/$SameSiteConverter$Definition.class
target/shopcart-0.3.6/io/micronaut/http/client/$ServiceHttpClientFactory$HealthCheckStarter1$Definition.class
target/shopcart-0.3.6/io/micronaut/http/cookie/SameSiteConverter.class
target/shopcart-0.3.6/io/micronaut/http/client/StreamingHttpClient.class
target/shopcart-0.3.6/io/micronaut/http/client/ServiceHttpClientConfiguration$ServiceSslClientConfiguration$DefaultTrustStoreConfiguration.class
target/shopcart-0.3.6/io/micronaut/http/FullHttpRequest.class
target/shopcart-0.3.6/io/micronaut/http/client/$ServiceHttpClientFactory$ServiceInstanceList0$Definition$Reference.class
target/shopcart-0.3.6/io/micronaut/http/client/$ServiceHttpClientCondition$Introspection.class
target/shopcart-0.3.6/io/micronaut/http/client/$ServiceHttpClientCondition$IntrospectionRef.class
target/shopcart-0.3.6/io/micronaut/http/cookie/Cookie.class
target/shopcart-0.3.6/io/micronaut/http/client/loadbalance/$DiscoveryClientLoadBalancerFactory$Definition.class
target/shopcart-0.3.6/io/micronaut/http/client/ProxyHttpClientFactoryResolver.class
target/shopcart-0.3.6/io/micronaut/http/client/loadbalance/$LoadBalancerConverters$Definition.class
target/shopcart-0.3.6/io/micronaut/http/client/loadbalance/$ServiceInstanceListLoadBalancerFactory$Definition.class
target/shopcart-0.3.6/io/micronaut/http/client/loadbalance/DiscoveryClientLoadBalancerFactory.class
target/shopcart-0.3.6/io/micronaut/http/client/loadbalance/$LoadBalancerConverters$Definition$Reference.class
target/shopcart-0.3.6/io/micronaut/http/client/$ServiceHttpClientConfiguration$ServiceSslClientConfiguration$Definition$Reference.class
target/shopcart-0.3.6/io/micronaut/http/client/loadbalance/LoadBalancerConverters.class
target/shopcart-0.3.6/io/micronaut/http/client/$ServiceHttpClientConfiguration$ServiceConnectionPoolConfiguration$Definition$Reference.class
target/shopcart-0.3.6/io/micronaut/http/client/loadbalance/DiscoveryClientRoundRobinLoadBalancer.class
target/shopcart-0.3.6/io/micronaut/http/client/loadbalance/ServiceInstanceListLoadBalancerFactory.class
target/shopcart-0.3.6/io/micronaut/http/MediaType.class
target/shopcart-0.3.6/io/micronaut/http/client/loadbalance/$DiscoveryClientLoadBalancerFactory$Definition$Reference.class
target/shopcart-0.3.6/io/micronaut/http/client/loadbalance/$ServiceInstanceListLoadBalancerFactory$Definition$Reference.class
target/shopcart-0.3.6/io/micronaut/http/client/loadbalance/FixedLoadBalancer.class
target/shopcart-0.3.6/io/micronaut/http/client/$ServiceHttpClientConfiguration$Definition.class
target/shopcart-0.3.6/io/micronaut/http/client/StreamingHttpClientRegistry.class
target/shopcart-0.3.6/io/micronaut/http/client/loadbalance/AbstractRoundRobinLoadBalancer.class
target/shopcart-0.3.6/io/micronaut/http/client/StreamingHttpClientFactory.class
target/shopcart-0.3.6/io/micronaut/http/client/ServiceHttpClientConfiguration$ServiceConnectionPoolConfiguration.class
target/shopcart-0.3.6/io/micronaut/http/client/$DefaultHttpClientConfiguration$Definition$Reference.class
target/shopcart-0.3.6/io/micronaut/http/client/loadbalance/ServiceInstanceListRoundRobinLoadBalancer.class
target/shopcart-0.3.6/io/micronaut/http/client/ServiceHttpClientConfiguration.class
target/shopcart-0.3.6/io/micronaut/http/client/ProxyHttpClient.class
target/shopcart-0.3.6/io/micronaut/http/client/interceptor/HttpClientIntroductionAdvice$2.class
target/shopcart-0.3.6/io/micronaut/http/client/interceptor/configuration/NamedClientVersioningConfiguration.class
target/shopcart-0.3.6/io/micronaut/http/client/$ServiceHttpClientConfiguration$ServiceSslClientConfiguration$DefaultKeyStoreConfiguration$Definition.class
target/shopcart-0.3.6/io/micronaut/http/client/interceptor/configuration/DefaultClientVersioningConfiguration.class
target/shopcart-0.3.6/io/micronaut/http/client/interceptor/$HttpClientIntroductionAdvice$Definition$Reference.class
target/shopcart-0.3.6/io/micronaut/http/client/package-info.class
target/shopcart-0.3.6/io/micronaut/http/client/interceptor/$HttpClientIntroductionAdvice$Definition.class
target/shopcart-0.3.6/io/micronaut/http/client/ProxyHttpClientFactory.class
target/shopcart-0.3.6/io/micronaut/http/client/interceptor/configuration/$NamedClientVersioningConfiguration$Definition.class
target/shopcart-0.3.6/io/micronaut/http/client/interceptor/configuration/$DefaultClientVersioningConfiguration$Definition.class
target/shopcart-0.3.6/io/micronaut/http/client/interceptor/configuration/$DefaultClientVersioningConfiguration$Definition$Reference.class
target/shopcart-0.3.6/io/micronaut/http/client/interceptor/configuration/ClientVersioningConfiguration.class
target/shopcart-0.3.6/io/micronaut/http/client/LoadBalancer.class
target/shopcart-0.3.6/io/micronaut/http/client/ReactiveClientResultTransformer.class
target/shopcart-0.3.6/io/micronaut/http/client/HttpClientFactory.class
target/shopcart-0.3.6/io/micronaut/http/client/interceptor/configuration/$NamedClientVersioningConfiguration$Definition$Reference.class
target/shopcart-0.3.6/io/micronaut/http/client/interceptor/HttpClientIntroductionAdvice$1.class
target/shopcart-0.3.6/io/micronaut/http/client/$ServiceHttpClientConfiguration$ServiceSslClientConfiguration$DefaultKeyStoreConfiguration$Definition$Reference.class
target/shopcart-0.3.6/io/micronaut/http/client/ServiceHttpClientCondition.class
target/shopcart-0.3.6/io/micronaut/http/client/StreamingHttpClientFactoryResolver.class
target/shopcart-0.3.6/io/micronaut/http/client/LoadBalancerResolver.class
target/shopcart-0.3.6/io/micronaut/http/client/DefaultLoadBalancerResolver.class
target/shopcart-0.3.6/io/micronaut/http/client/$ServiceHttpClientFactory$Definition$Reference.class
target/shopcart-0.3.6/io/micronaut/http/client/$ServiceHttpClientConfiguration$ServiceSslClientConfiguration$DefaultKeyConfiguration$Definition$Reference.class
target/shopcart-0.3.6/io/micronaut/http/client/BlockingHttpClient.class
target/shopcart-0.3.6/io/micronaut/http/client/DefaultHttpClientConfiguration.class
target/shopcart-0.3.6/io/micronaut/http/client/$ServiceHttpClientConfiguration$ServiceSslClientConfiguration$DefaultKeyConfiguration$Definition.class
target/shopcart-0.3.6/io/micronaut/http/client/ServiceHttpClientConfiguration$ServiceSslClientConfiguration$DefaultKeyConfiguration.class
target/shopcart-0.3.6/io/micronaut/http/client/HttpClientConfiguration$ConnectionPoolConfiguration.class
target/shopcart-0.3.6/io/micronaut/http/client/$ServiceHttpClientConfiguration$ServiceSslClientConfiguration$DefaultTrustStoreConfiguration$Definition.class
target/shopcart-0.3.6/io/micronaut/http/client/netty/$DefaultNettyHttpClientRegistry$HttpClient0$Definition$Reference.class
target/shopcart-0.3.6/io/micronaut/http/client/interceptor/HttpClientIntroductionAdvice.class
target/shopcart-0.3.6/io/micronaut/http/client/HttpClient.class
target/shopcart-0.3.6/io/micronaut/http/client/netty/DefaultHttpClient$11$2.class
target/shopcart-0.3.6/io/micronaut/http/client/netty/MicronautFlux.class
target/shopcart-0.3.6/io/micronaut/http/client/netty/DefaultHttpClient$SimpleChannelInboundHandlerInstrumented.class
target/shopcart-0.3.6/io/micronaut/http/client/netty/DefaultHttpClient$NettyRequestWriter.class
target/shopcart-0.3.6/io/micronaut/http/client/HttpClientConfiguration.class
target/shopcart-0.3.6/io/micronaut/http/client/netty/$DefaultNettyHttpClientRegistry$Definition.class
target/shopcart-0.3.6/io/micronaut/http/client/netty/DefaultHttpClient$15.class
target/shopcart-0.3.6/io/micronaut/http/client/netty/DefaultHttpClient$14.class
target/shopcart-0.3.6/io/micronaut/http/client/netty/$DefaultNettyHttpClientRegistry$HttpClient0$Definition.class
target/shopcart-0.3.6/io/micronaut/http/client/netty/DefaultHttpClient$9.class
target/shopcart-0.3.6/io/micronaut/http/client/netty/DefaultHttpClient$7.class
target/shopcart-0.3.6/io/micronaut/http/client/netty/DefaultHttpClient$ThrowingBiConsumer.class
target/shopcart-0.3.6/io/micronaut/http/client/netty/MicronautFlux$AfterNextOperator.class
target/shopcart-0.3.6/io/micronaut/http/client/netty/IdlingConnectionHandler.class
target/shopcart-0.3.6/io/micronaut/http/client/netty/DefaultHttpClient$8$1.class
target/shopcart-0.3.6/io/micronaut/http/client/netty/DefaultHttpClient$HttpClientInitializer$2.class
target/shopcart-0.3.6/io/micronaut/http/client/netty/MicronautFlux$AfterNextOperator$1.class
target/shopcart-0.3.6/io/micronaut/http/client/netty/$DefaultNettyHttpClientRegistry$Definition$Reference.class
target/shopcart-0.3.6/io/micronaut/http/client/netty/ssl/NettyClientSslBuilder.class
target/shopcart-0.3.6/io/micronaut/http/client/netty/DefaultHttpClient$8.class
target/shopcart-0.3.6/io/micronaut/http/client/netty/DefaultHttpClient$16.class
target/shopcart-0.3.6/io/micronaut/http/client/netty/DefaultHttpClient$6.class
target/shopcart-0.3.6/io/micronaut/http/client/netty/websocket/NettyWebSocketClientHandler$1.class
target/shopcart-0.3.6/io/micronaut/http/client/netty/DefaultHttpClient$Http2SettingsHandler.class
target/shopcart-0.3.6/io/micronaut/http/client/netty/NettyClientHttpRequestFactory.class
target/shopcart-0.3.6/io/micronaut/http/client/netty/ssl/$NettyClientSslBuilder$Definition$Reference.class
target/shopcart-0.3.6/io/micronaut/http/client/netty/DefaultHttpClient$2.class
target/shopcart-0.3.6/io/micronaut/http/client/netty/DefaultHttpClient$1.class
target/shopcart-0.3.6/io/micronaut/http/client/netty/DefaultHttpClient$5.class
target/shopcart-0.3.6/io/micronaut/http/client/netty/ssl/$NettyClientSslBuilder$Definition.class
target/shopcart-0.3.6/io/micronaut/http/client/netty/DefaultNettyHttpClientRegistry.class
target/shopcart-0.3.6/io/micronaut/http/client/netty/DefaultHttpClient$HttpClientInitializer.class
target/shopcart-0.3.6/io/micronaut/http/client/netty/DefaultHttpClient$15$1.class
target/shopcart-0.3.6/io/micronaut/http/client/netty/DefaultHttpClient$CurrentEvent.class
target/shopcart-0.3.6/io/micronaut/http/client/netty/websocket/NettyWebSocketClientHandler.class
target/shopcart-0.3.6/io/micronaut/http/client/netty/NettyClientHttpRequest.class
target/shopcart-0.3.6/io/micronaut/http/client/netty/DefaultHttpClient$10.class
target/shopcart-0.3.6/io/micronaut/http/client/netty/DefaultHttpClient$4.class
target/shopcart-0.3.6/io/micronaut/http/client/netty/DefaultHttpClient$HttpClientInitializer$1.class
target/shopcart-0.3.6/io/micronaut/http/client/netty/NettyStreamedHttpResponse.class
target/shopcart-0.3.6/io/micronaut/http/client/netty/IdleTimeoutHandler.class
target/shopcart-0.3.6/io/micronaut/http/client/netty/DefaultHttpClient$RequestKey.class
target/shopcart-0.3.6/io/micronaut/http/client/netty/DefaultHttpClient$11.class
target/shopcart-0.3.6/io/micronaut/http/client/netty/DefaultHttpClient$10$1.class
target/shopcart-0.3.6/io/micronaut/http/client/netty/DefaultNettyHttpClientRegistry$ClientKey.class
target/shopcart-0.3.6/io/micronaut/http/client/netty/NettyHttpClientFactory.class
target/shopcart-0.3.6/io/micronaut/http/client/netty/DefaultHttpClient$13.class
target/shopcart-0.3.6/io/micronaut/http/client/netty/ConnectTTLHandler.class
target/shopcart-0.3.6/io/micronaut/http/client/bind/AnnotatedClientArgumentRequestBinder.class
target/shopcart-0.3.6/io/micronaut/http/client/netty/DefaultHttpClient$11$1.class
target/shopcart-0.3.6/io/micronaut/http/client/netty/DefaultHttpClient$HttpClientInitializer$3.class
target/shopcart-0.3.6/io/micronaut/http/client/netty/DefaultHttpClient$3.class
target/shopcart-0.3.6/io/micronaut/http/client/bind/TypedClientArgumentRequestBinder.class
target/shopcart-0.3.6/io/micronaut/http/client/netty/DefaultHttpClient$HttpClientInitializer$4.class
target/shopcart-0.3.6/io/micronaut/http/client/netty/DefaultHttpClient$UpgradeRequestHandler.class
target/shopcart-0.3.6/io/micronaut/http/client/netty/DefaultHttpClient$12.class
target/shopcart-0.3.6/io/micronaut/http/client/bind/ClientRequestBinder.class
target/shopcart-0.3.6/io/micronaut/http/client/bind/binders/AttributeClientRequestBinder.class
target/shopcart-0.3.6/io/micronaut/http/client/bind/HttpClientBinderRegistry.class
target/shopcart-0.3.6/io/micronaut/http/client/bind/AnnotatedClientRequestBinder.class
target/shopcart-0.3.6/io/micronaut/http/client/bind/ClientArgumentRequestBinder.class
target/shopcart-0.3.6/io/micronaut/http/client/bind/binders/QueryValueClientArgumentRequestBinder.class
target/shopcart-0.3.6/io/micronaut/http/client/bind/$DefaultHttpClientBinderRegistry$Definition.class
target/shopcart-0.3.6/io/micronaut/http/client/bind/ClientRequestUriContext.class
target/shopcart-0.3.6/io/micronaut/http/client/netty/FullNettyClientHttpResponse.class
target/shopcart-0.3.6/io/micronaut/http/client/bind/binders/HeaderClientRequestBinder.class
target/shopcart-0.3.6/io/micronaut/http/client/bind/$DefaultHttpClientBinderRegistry$Definition$Reference.class
target/shopcart-0.3.6/io/micronaut/http/client/$DefaultHttpClientConfiguration$DefaultConnectionPoolConfiguration$Definition$Reference.class
target/shopcart-0.3.6/io/micronaut/http/client/multipart/MultipartDataFactory.class
target/shopcart-0.3.6/io/micronaut/http/client/$BeanConfiguration.class
target/shopcart-0.3.6/io/micronaut/http/client/multipart/StringPart.class
target/shopcart-0.3.6/io/micronaut/http/client/multipart/AbstractFilePart.class
target/shopcart-0.3.6/io/micronaut/http/client/bind/binders/VersionClientRequestBinder.class
target/shopcart-0.3.6/io/micronaut/http/client/multipart/MultipartBody.class
target/shopcart-0.3.6/io/micronaut/http/client/multipart/MultipartBody$1.class
target/shopcart-0.3.6/io/micronaut/http/client/ServiceHttpClientFactory.class
target/shopcart-0.3.6/io/micronaut/http/client/$ServiceHttpClientConfiguration$Definition$Reference.class
target/shopcart-0.3.6/io/micronaut/http/client/$DefaultHttpClientConfiguration$Definition.class
target/shopcart-0.3.6/io/micronaut/http/client/multipart/FilePart.class
target/shopcart-0.3.6/io/micronaut/http/client/bind/DefaultHttpClientBinderRegistry.class
target/shopcart-0.3.6/io/micronaut/http/client/multipart/MultipartBody$Builder.class
target/shopcart-0.3.6/io/micronaut/http/client/multipart/BytePart.class
target/shopcart-0.3.6/io/micronaut/http/client/multipart/Part.class
target/shopcart-0.3.6/io/micronaut/http/client/multipart/InputStreamPart.class
target/shopcart-0.3.6/io/micronaut/http/client/$DefaultLoadBalancerResolver$Definition$Reference.class
target/shopcart-0.3.6/io/micronaut/http/client/HttpClientRegistry.class
target/shopcart-0.3.6/io/micronaut/http/client/exceptions/ReadTimeoutException.class
target/shopcart-0.3.6/io/micronaut/http/client/exceptions/ContentLengthExceededException.class
target/shopcart-0.3.6/io/micronaut/http/client/$ServiceHttpClientConfiguration$ServiceSslClientConfiguration$DefaultTrustStoreConfiguration$Definition$Reference.class
target/shopcart-0.3.6/io/micronaut/http/client/HttpClientFactoryResolver.class
target/shopcart-0.3.6/io/micronaut/http/client/exceptions/HttpClientException.class
target/shopcart-0.3.6/io/micronaut/http/client/exceptions/HttpClientErrorDecoder.class
target/shopcart-0.3.6/io/micronaut/http/client/exceptions/HttpClientErrorDecoder$1.class
target/shopcart-0.3.6/io/micronaut/http/client/exceptions/NoHostException.class
target/shopcart-0.3.6/io/micronaut/http/client/ServiceHttpClientConfiguration$ServiceSslClientConfiguration.class
target/shopcart-0.3.6/io/micronaut/http/client/exceptions/EmptyResponseException.class
target/shopcart-0.3.6/io/micronaut/http/client/$ServiceHttpClientConfiguration$ServiceConnectionPoolConfiguration$Definition.class
target/shopcart-0.3.6/io/micronaut/http/client/DefaultHttpClientConfiguration$DefaultConnectionPoolConfiguration.class
target/shopcart-0.3.6/io/micronaut/http/client/ServiceHttpClientConfiguration$ServiceSslClientConfiguration$DefaultKeyStoreConfiguration.class
target/shopcart-0.3.6/io/micronaut/http/client/exceptions/HttpClientResponseException.class
target/shopcart-0.3.6/io/micronaut/http/client/filter/$DefaultHttpClientFilterResolver$Definition$Reference.class
target/shopcart-0.3.6/io/micronaut/http/client/$DefaultLoadBalancerResolver$Definition.class
target/shopcart-0.3.6/io/micronaut/http/client/$ServiceHttpClientConfiguration$ServiceSslClientConfiguration$Definition.class
target/shopcart-0.3.6/io/micronaut/http/client/filter/$DefaultHttpClientFilterResolver$Definition.class
target/shopcart-0.3.6/io/micronaut/http/client/filter/ClientFilterResolutionContext.class
target/shopcart-0.3.6/io/micronaut/http/client/filters/ClientServerContextFilter.class
target/shopcart-0.3.6/io/micronaut/http/client/filter/DefaultHttpClientFilterResolver.class
target/shopcart-0.3.6/io/micronaut/http/client/netty/DefaultHttpClient.class
target/shopcart-0.3.6/io/micronaut/http/client/filters/ClientServerRequestTracingPublisher.class
target/shopcart-0.3.6/io/micronaut/http/client/$DefaultHttpClientConfiguration$DefaultConnectionPoolConfiguration$Definition.class
target/shopcart-0.3.6/io/micronaut/http/client/sse/SseClientFactory.class
target/shopcart-0.3.6/io/micronaut/http/client/ProxyHttpClientRegistry.class
target/shopcart-0.3.6/io/micronaut/http/client/sse/SseClient.class
target/shopcart-0.3.6/io/micronaut/http/client/filters/ClientServerRequestTracingPublisher$1.class
target/shopcart-0.3.6/io/micronaut/http/client/$ServiceHttpClientFactory$ServiceInstanceList0$Definition.class
target/shopcart-0.3.6/io/micronaut/http/client/sse/SseClientFactoryResolver.class
target/shopcart-0.3.6/io/micronaut/http/client/sse/SseClientRegistry.class
target/shopcart-0.3.6/io/micronaut/http/client/$ServiceHttpClientFactory$Definition.class
target/shopcart-0.3.6/io/micronaut/http/client/$ServiceHttpClientFactory$HealthCheckStarter1$Definition$Reference.class
target/shopcart-0.3.6/io/micronaut/http/HttpRequestWrapper.class
target/shopcart-0.3.6/io/micronaut/http/util/$OutgoingHttpRequestProcessorImpl$Definition.class
target/shopcart-0.3.6/io/micronaut/http/util/$OutgoingHttpRequestProcessorImpl$Definition$Reference.class
target/shopcart-0.3.6/io/micronaut/http/util/HttpTypeInformationProvider.class
target/shopcart-0.3.6/io/micronaut/http/util/OutgointRequestProcessorMatcher.class
target/shopcart-0.3.6/io/micronaut/http/util/OutgoingHttpRequestProcessor.class
target/shopcart-0.3.6/io/micronaut/http/netty/cookies/NettyCookieFactory.class
target/shopcart-0.3.6/io/micronaut/http/netty/graal/MicronautSubstitutions.class
target/shopcart-0.3.6/io/micronaut/http/netty/stream/DelegateStreamedHttpResponse.class
target/shopcart-0.3.6/io/micronaut/http/util/HttpUtil.class
target/shopcart-0.3.6/io/micronaut/http/netty/cookies/NettyCookies.class
target/shopcart-0.3.6/io/micronaut/http/netty/graal/Target_io_netty_util_internal_logging_InternalLoggerFactory.class
target/shopcart-0.3.6/io/micronaut/http/netty/stream/StreamedHttpMessage.class
target/shopcart-0.3.6/io/micronaut/http/netty/graal/HttpNettyFeature.class
target/shopcart-0.3.6/io/micronaut/http/netty/stream/StreamedHttpResponse.class
target/shopcart-0.3.6/io/micronaut/http/netty/stream/HttpStreamsHandler$3.class
target/shopcart-0.3.6/io/micronaut/http/util/OutgoingHttpRequestProcessorImpl.class
target/shopcart-0.3.6/io/micronaut/http/HttpResponse.class
target/shopcart-0.3.6/io/micronaut/http/netty/stream/DelegateHttpRequest.class
target/shopcart-0.3.6/io/micronaut/http/netty/stream/HttpStreamsHandler$Outgoing.class
target/shopcart-0.3.6/io/micronaut/http/HttpStatus.class
target/shopcart-0.3.6/io/micronaut/http/netty/stream/StreamedHttpRequest.class
target/shopcart-0.3.6/io/micronaut/http/netty/stream/DefaultHttp2Content.class
target/shopcart-0.3.6/io/micronaut/http/netty/NettyHttpResponseBuilder.class
target/shopcart-0.3.6/io/micronaut/http/netty/stream/DefaultLastHttp2Content.class
target/shopcart-0.3.6/io/micronaut/http/netty/stream/DelegateHttpMessage.class
target/shopcart-0.3.6/io/micronaut/http/netty/stream/WebSocketHttpResponse.class
target/shopcart-0.3.6/io/micronaut/http/netty/cookies/NettyCookie.class
target/shopcart-0.3.6/io/micronaut/http/netty/stream/HttpStreamsHandler$1.class
target/shopcart-0.3.6/io/micronaut/http/netty/stream/DefaultStreamedHttpResponse.class
target/shopcart-0.3.6/io/micronaut/http/netty/stream/EmptyHttpRequest.class
target/shopcart-0.3.6/io/micronaut/http/netty/stream/Http2Content.class
target/shopcart-0.3.6/io/micronaut/http/netty/stream/HttpStreamsHandler.class
target/shopcart-0.3.6/io/micronaut/http/netty/stream/HttpStreamsHandler$2.class
target/shopcart-0.3.6/io/micronaut/http/netty/stream/DefaultStreamedHttpRequest.class
target/shopcart-0.3.6/io/micronaut/http/netty/stream/HttpStreamsClientHandler$1.class
target/shopcart-0.3.6/io/micronaut/http/netty/stream/DelegateHttpResponse.class
target/shopcart-0.3.6/io/micronaut/http/netty/stream/DelegateStreamedHttpRequest.class
target/shopcart-0.3.6/io/micronaut/http/netty/stream/EmptyHttpResponse.class
target/shopcart-0.3.6/io/micronaut/http/netty/stream/HttpStreamsServerHandler.class
target/shopcart-0.3.6/io/micronaut/http/netty/stream/JsonSubscriber.class
target/shopcart-0.3.6/io/micronaut/http/netty/stream/StreamingInboundHttp2ToHttpAdapter.class
target/shopcart-0.3.6/io/micronaut/http/netty/configuration/$NettyGlobalConfiguration$Definition.class
target/shopcart-0.3.6/io/micronaut/http/netty/stream/DefaultWebSocketHttpResponse.class
target/shopcart-0.3.6/io/micronaut/http/netty/stream/HttpStreamsClientHandler.class
target/shopcart-0.3.6/io/micronaut/http/netty/configuration/$NettyGlobalConfiguration$Definition$Reference.class
target/shopcart-0.3.6/io/micronaut/http/netty/configuration/NettyGlobalConfiguration.class
target/shopcart-0.3.6/io/micronaut/http/netty/NettyMutableHttpResponse$1.class
target/shopcart-0.3.6/io/micronaut/http/netty/NettyMutableHttpResponse$BodyConvertor$1.class
target/shopcart-0.3.6/io/micronaut/http/netty/websocket/WebSocketSessionRepository.class
target/shopcart-0.3.6/io/micronaut/http/netty/websocket/$NettyServerWebSocketBroadcaster$Definition.class
target/shopcart-0.3.6/io/micronaut/http/netty/websocket/$NettyServerWebSocketBroadcaster$Definition$Reference.class
target/shopcart-0.3.6/io/micronaut/http/netty/websocket/$WebSocketMessageEncoder$Definition.class
target/shopcart-0.3.6/io/micronaut/http/netty/content/HttpContentUtil.class
target/shopcart-0.3.6/io/micronaut/http/netty/channel/NioEventLoopGroupFactory.class
target/shopcart-0.3.6/io/micronaut/http/netty/websocket/WebSocketMessageEncoder.class
target/shopcart-0.3.6/io/micronaut/http/netty/websocket/$WebSocketMessageEncoder$Definition$Reference.class
target/shopcart-0.3.6/io/micronaut/http/netty/websocket/NettyServerWebSocketBroadcaster.class
target/shopcart-0.3.6/io/micronaut/http/netty/channel/$DefaultEventLoopGroupFactory$Definition$Reference.class
target/shopcart-0.3.6/io/micronaut/http/netty/channel/$NioEventLoopGroupFactory$Definition.class
target/shopcart-0.3.6/io/micronaut/http/netty/channel/$NettyThreadFactory$Definition.class
target/shopcart-0.3.6/io/micronaut/http/netty/channel/$DefaultEventLoopGroupFactory$Definition.class
target/shopcart-0.3.6/io/micronaut/http/netty/NettyHttpParameters.class
target/shopcart-0.3.6/io/micronaut/http/netty/channel/$DefaultEventLoopGroupRegistry$DefaultEventLoopGroup1$Definition.class
target/shopcart-0.3.6/io/micronaut/http/netty/NettyHttpHeaders.class
target/shopcart-0.3.6/io/micronaut/http/netty/channel/ChannelPipelineListener.class
target/shopcart-0.3.6/io/micronaut/http/netty/channel/NettyThreadFactory.class
target/shopcart-0.3.6/io/micronaut/http/netty/channel/$EpollEventLoopGroupFactory$Definition$Reference.class
target/shopcart-0.3.6/io/micronaut/http/netty/NettyMutableHttpResponse.class
target/shopcart-0.3.6/io/micronaut/http/netty/channel/$KQueueAvailabilityCondition$Introspection.class
target/shopcart-0.3.6/io/micronaut/http/netty/channel/$DefaultEventLoopGroupConfiguration$Definition.class
target/shopcart-0.3.6/io/micronaut/http/netty/channel/$DefaultEventLoopGroupRegistry$DefaultEventLoopGroup1$Definition$Reference.class
target/shopcart-0.3.6/io/micronaut/http/netty/channel/DefaultEventLoopGroupConfiguration.class
target/shopcart-0.3.6/io/micronaut/http/netty/channel/$NettyThreadFactory$NettyThreadFactory0$Definition$Reference.class
target/shopcart-0.3.6/io/micronaut/http/netty/channel/EventLoopGroupConfiguration.class
target/shopcart-0.3.6/io/micronaut/http/netty/websocket/NettyWebSocketSession.class
target/shopcart-0.3.6/io/micronaut/http/netty/channel/EpollEventLoopGroupFactory.class
target/shopcart-0.3.6/io/micronaut/http/netty/channel/$DefaultEventLoopGroupRegistry$Definition$Reference.class
target/shopcart-0.3.6/io/micronaut/http/netty/channel/converters/$EpollChannelOptionFactory$Definition.class
target/shopcart-0.3.6/io/micronaut/http/netty/channel/$EpollAvailabilityCondition$IntrospectionRef.class
target/shopcart-0.3.6/io/micronaut/http/netty/channel/converters/$EpollChannelOptionFactory$Definition$Reference.class
target/shopcart-0.3.6/io/micronaut/http/netty/channel/EventLoopGroupFactory.class
target/shopcart-0.3.6/io/micronaut/http/netty/channel/converters/ChannelOptionFactory.class
target/shopcart-0.3.6/io/micronaut/http/netty/channel/converters/$KQueueChannelOptionFactory$Definition.class
target/shopcart-0.3.6/io/micronaut/http/netty/channel/$EpollAvailabilityCondition$Introspection.class
target/shopcart-0.3.6/io/micronaut/http/netty/channel/converters/$DefaultChannelOptionFactory$Definition$Reference.class
target/shopcart-0.3.6/io/micronaut/http/netty/channel/converters/DefaultChannelOptionFactory.class
target/shopcart-0.3.6/io/micronaut/http/netty/channel/converters/$DefaultChannelOptionFactory$Definition.class
target/shopcart-0.3.6/io/micronaut/http/netty/channel/converters/EpollChannelOptionFactory.class
target/shopcart-0.3.6/io/micronaut/http/netty/channel/converters/$KQueueChannelOptionFactory$Definition$Reference.class
target/shopcart-0.3.6/io/micronaut/http/netty/channel/EventLoopGroupRegistry.class
target/shopcart-0.3.6/io/micronaut/http/netty/channel/ChannelPipelineCustomizer.class
target/shopcart-0.3.6/io/micronaut/http/netty/channel/converters/KQueueChannelOptionFactory.class
target/shopcart-0.3.6/io/micronaut/http/netty/channel/KQueueAvailabilityCondition.class
target/shopcart-0.3.6/io/micronaut/http/netty/websocket/AbstractNettyWebSocketHandler.class
target/shopcart-0.3.6/io/micronaut/http/netty/channel/KQueueEventLoopGroupFactory.class
target/shopcart-0.3.6/io/micronaut/http/netty/channel/DefaultEventLoopGroupRegistry.class
target/shopcart-0.3.6/io/micronaut/http/netty/channel/$DefaultEventLoopGroupRegistry$Definition.class
target/shopcart-0.3.6/io/micronaut/http/netty/channel/$KQueueAvailabilityCondition$IntrospectionRef.class
target/shopcart-0.3.6/io/micronaut/http/netty/channel/$KQueueEventLoopGroupFactory$Definition.class
target/shopcart-0.3.6/io/micronaut/http/netty/channel/$NioEventLoopGroupFactory$Definition$Reference.class
target/shopcart-0.3.6/io/micronaut/http/netty/channel/$NettyThreadFactory$Definition$Reference.class
target/shopcart-0.3.6/io/micronaut/http/netty/channel/EpollAvailabilityCondition.class
target/shopcart-0.3.6/io/micronaut/http/netty/channel/DefaultEventLoopGroupFactory.class
target/shopcart-0.3.6/io/micronaut/http/netty/channel/$DefaultEventLoopGroupRegistry$EventLoopGroup0$Definition.class
target/shopcart-0.3.6/io/micronaut/http/netty/reactive/HandlerPublisher$2.class
target/shopcart-0.3.6/io/micronaut/http/netty/channel/$EpollEventLoopGroupFactory$Definition.class
target/shopcart-0.3.6/io/micronaut/http/netty/channel/$NettyThreadFactory$NettyThreadFactory0$Definition.class
target/shopcart-0.3.6/io/micronaut/http/netty/reactive/HandlerSubscriber$1.class
target/shopcart-0.3.6/io/micronaut/http/netty/channel/$DefaultEventLoopGroupConfiguration$Definition$Reference.class
target/shopcart-0.3.6/io/micronaut/http/netty/reactive/HandlerPublisher$3.class
target/shopcart-0.3.6/io/micronaut/http/netty/reactive/CancelledSubscriber.class
target/shopcart-0.3.6/io/micronaut/http/netty/reactive/HandlerSubscriber$State.class
target/shopcart-0.3.6/io/micronaut/http/netty/channel/$DefaultEventLoopGroupRegistry$EventLoopGroup0$Definition$Reference.class
target/shopcart-0.3.6/io/micronaut/http/netty/channel/$KQueueEventLoopGroupFactory$Definition$Reference.class
target/shopcart-0.3.6/io/micronaut/http/netty/reactive/HotObservable.class
target/shopcart-0.3.6/io/micronaut/http/netty/reactive/HandlerPublisher$State.class
target/shopcart-0.3.6/io/micronaut/http/netty/LastHttp2Content.class
target/shopcart-0.3.6/io/micronaut/http/netty/reactive/HandlerPublisher.class
target/shopcart-0.3.6/io/micronaut/http/netty/reactive/HandlerPublisher$1.class
target/shopcart-0.3.6/io/micronaut/http/netty/reactive/HandlerPublisher$ChannelSubscription.class
target/shopcart-0.3.6/io/micronaut/http/netty/NettyMutableHttpResponse$BodyConvertor.class
target/shopcart-0.3.6/io/micronaut/http/bind/$DefaultRequestBinderRegistry$Definition.class
target/shopcart-0.3.6/io/micronaut/http/netty/NettyHttpRequestBuilder.class
target/shopcart-0.3.6/io/micronaut/http/netty/reactive/HandlerSubscriber.class
target/shopcart-0.3.6/io/micronaut/http/bind/$DefaultRequestBinderRegistry$Definition$Reference.class
target/shopcart-0.3.6/io/micronaut/http/bind/binders/AnnotatedRequestArgumentBinder.class
target/shopcart-0.3.6/io/micronaut/http/bind/binders/AnnotatedRequestArgumentBinder$1.class
target/shopcart-0.3.6/io/micronaut/http/bind/binders/NonBlockingBodyArgumentBinder.class
target/shopcart-0.3.6/io/micronaut/http/netty/AbstractNettyHttpRequest.class
target/shopcart-0.3.6/io/micronaut/http/bind/binders/RequestArgumentBinder.class
target/shopcart-0.3.6/io/micronaut/http/bind/binders/BodyArgumentBinder.class
target/shopcart-0.3.6/io/micronaut/http/bind/binders/ContinuationArgumentBinder$Companion.class
target/shopcart-0.3.6/io/micronaut/http/bind/binders/RequestAttributeAnnotationBinder.class
target/shopcart-0.3.6/io/micronaut/http/bind/binders/DefaultBodyAnnotationBinder$1.class
target/shopcart-0.3.6/io/micronaut/http/bind/binders/RequestBeanAnnotationBinder.class
target/shopcart-0.3.6/io/micronaut/http/bind/binders/DefaultBodyAnnotationBinder.class
target/shopcart-0.3.6/io/micronaut/http/bind/binders/ServerRequestScopeHandler$Key.class
target/shopcart-0.3.6/io/micronaut/http/bind/binders/ParameterAnnotationBinder.class
target/shopcart-0.3.6/io/micronaut/http/bind/binders/TypedRequestArgumentBinder.class
target/shopcart-0.3.6/io/micronaut/http/bind/binders/CookieAnnotationBinder.class
target/shopcart-0.3.6/io/micronaut/http/bind/binders/DelegatingCoroutineContext.class
target/shopcart-0.3.6/io/micronaut/http/bind/binders/ContinuationArgumentBinder.class
target/shopcart-0.3.6/io/micronaut/http/bind/binders/QueryValueArgumentBinder.class
target/shopcart-0.3.6/io/micronaut/http/bind/binders/HttpCoroutineContextFactory.class
target/shopcart-0.3.6/io/micronaut/http/bind/RequestBinderRegistry.class
target/shopcart-0.3.6/io/micronaut/http/bind/binders/ServerRequestScopeHandler.class
target/shopcart-0.3.6/io/micronaut/http/multipart/PartData.class
target/shopcart-0.3.6/io/micronaut/http/bind/binders/PathVariableAnnotationBinder.class
target/shopcart-0.3.6/io/micronaut/http/bind/binders/HeaderAnnotationBinder.class
target/shopcart-0.3.6/io/micronaut/http/bind/DefaultRequestBinderRegistry$PushCapableFullHttpRequest.class
target/shopcart-0.3.6/io/micronaut/http/bind/binders/CustomContinuation.class
target/shopcart-0.3.6/io/micronaut/http/multipart/CompletedFileUpload.class
target/shopcart-0.3.6/io/micronaut/http/multipart/FileUpload.class
target/shopcart-0.3.6/io/micronaut/http/multipart/StreamingFileUpload.class
target/shopcart-0.3.6/io/micronaut/http/multipart/CompletedPart.class
target/shopcart-0.3.6/io/micronaut/http/multipart/MultipartException.class
target/shopcart-0.3.6/io/micronaut/http/HttpMessageWrapper.class
target/shopcart-0.3.6/io/micronaut/http/bind/DefaultRequestBinderRegistry$TypeAndAnnotation.class
target/shopcart-0.3.6/io/micronaut/http/HttpRequest.class
target/shopcart-0.3.6/io/micronaut/http/hateoas/VndError.class
target/shopcart-0.3.6/io/micronaut/http/hateoas/$JsonError$Introspection.class
target/shopcart-0.3.6/io/micronaut/http/hateoas/Link$Builder.class
target/shopcart-0.3.6/io/micronaut/http/hateoas/Resource.class
target/shopcart-0.3.6/io/micronaut/http/hateoas/$AbstractResource$IntrospectionRef.class
target/shopcart-0.3.6/io/micronaut/http/bind/DefaultRequestBinderRegistry.class
target/shopcart-0.3.6/io/micronaut/http/MutableHttpHeaders.class
target/shopcart-0.3.6/io/micronaut/http/MutableHttpResponse.class
target/shopcart-0.3.6/io/micronaut/http/hateoas/$AbstractResource$Introspection.class
target/shopcart-0.3.6/io/micronaut/http/hateoas/DefaultLink.class
target/shopcart-0.3.6/io/micronaut/http/hateoas/$VndError$IntrospectionRef.class
target/shopcart-0.3.6/io/micronaut/http/hateoas/JsonError.class
target/shopcart-0.3.6/io/micronaut/http/hateoas/$DefaultLink$IntrospectionRef.class
target/shopcart-0.3.6/io/micronaut/http/hateoas/Link.class
target/shopcart-0.3.6/io/micronaut/http/uri/UriMatchTemplate$DefaultUriMatchInfo.class
target/shopcart-0.3.6/io/micronaut/http/hateoas/$DefaultLink$Introspection.class
target/shopcart-0.3.6/io/micronaut/http/hateoas/$VndError$Introspection.class
target/shopcart-0.3.6/io/micronaut/http/hateoas/AbstractResource.class
target/shopcart-0.3.6/io/micronaut/http/uri/UriTemplate$UriTemplateParser.class
target/shopcart-0.3.6/io/micronaut/http/hateoas/$JsonError$IntrospectionRef.class
target/shopcart-0.3.6/io/micronaut/http/uri/DefaultUriBuilder.class
target/shopcart-0.3.6/io/micronaut/http/uri/UriTypeMatchTemplate$TypedUriMatchTemplateParser.class
target/shopcart-0.3.6/io/micronaut/http/uri/UriMatcher.class
target/shopcart-0.3.6/io/micronaut/http/uri/UriTemplate$PathSegment.class
target/shopcart-0.3.6/io/micronaut/http/uri/UriMatchInfo.class
target/shopcart-0.3.6/io/micronaut/http/uri/UriMatchVariable.class
target/shopcart-0.3.6/io/micronaut/http/exceptions/UriSyntaxException.class
target/shopcart-0.3.6/io/micronaut/http/uri/UriBuilder.class
target/shopcart-0.3.6/io/micronaut/http/exceptions/HttpException.class
target/shopcart-0.3.6/io/micronaut/http/HttpHeaderValues.class
target/shopcart-0.3.6/io/micronaut/http/uri/QueryStringDecoder.class
target/shopcart-0.3.6/io/micronaut/http/uri/UriMatchTemplate$UriMatchTemplateParser.class
target/shopcart-0.3.6/io/micronaut/http/uri/UriTypeMatchTemplate.class
target/shopcart-0.3.6/io/micronaut/http/exceptions/ConnectionClosedException.class
target/shopcart-0.3.6/io/micronaut/http/uri/UriTemplate$UriTemplateParser$RawPathSegment.class
target/shopcart-0.3.6/io/micronaut/http/exceptions/HttpStatusException.class
target/shopcart-0.3.6/io/micronaut/http/exceptions/ContentLengthExceededException.class
target/shopcart-0.3.6/io/micronaut/http/codec/MediaTypeCodecRegistry.class
target/shopcart-0.3.6/io/micronaut/http/HttpResponseProvider.class
target/shopcart-0.3.6/io/micronaut/http/filter/HttpServerFilterResolver.class
target/shopcart-0.3.6/io/micronaut/http/uri/UriTemplate.class
target/shopcart-0.3.6/io/micronaut/http/uri/UriMatchTemplate.class
target/shopcart-0.3.6/io/micronaut/http/uri/UriTemplate$UriTemplateParser$VariablePathSegment.class
target/shopcart-0.3.6/io/micronaut/http/codec/CodecConfiguration.class
target/shopcart-0.3.6/io/micronaut/http/codec/$CodecConfiguration$Definition.class
target/shopcart-0.3.6/io/micronaut/http/codec/CodecException.class
target/shopcart-0.3.6/io/micronaut/http/codec/$CodecConfiguration$Definition$Reference.class
target/shopcart-0.3.6/io/micronaut/http/codec/MediaTypeCodec.class
target/shopcart-0.3.6/io/micronaut/http/filter/ClientFilterChain.class
target/shopcart-0.3.6/io/micronaut/http/filter/OncePerRequestHttpServerFilter.class
target/shopcart-0.3.6/io/micronaut/http/filter/FilterOrderProvider.class
target/shopcart-0.3.6/io/micronaut/http/filter/HttpClientFilterResolver.class
target/shopcart-0.3.6/io/micronaut/http/codec/DefaultMediaTypeCodecRegistry.class
target/shopcart-0.3.6/io/micronaut/http/filter/FilterChain.class
target/shopcart-0.3.6/io/micronaut/http/filter/FilterPatternStyle.class
target/shopcart-0.3.6/io/micronaut/http/filter/ServerFilterPhase.class
target/shopcart-0.3.6/io/micronaut/http/filter/HttpServerFilter.class
target/shopcart-0.3.6/io/micronaut/http/filter/DefaultFilterEntry.class
target/shopcart-0.3.6/io/micronaut/http/filter/HttpFilterResolver.class
target/shopcart-0.3.6/io/micronaut/http/HttpParameters.class
target/shopcart-0.3.6/io/micronaut/http/sse/Event.class
target/shopcart-0.3.6/io/micronaut/http/filter/HttpClientFilter.class
target/shopcart-0.3.6/io/micronaut/http/filter/HttpFilter.class
target/shopcart-0.3.6/io/micronaut/http/filter/HttpFilterResolver$FilterEntry.class
target/shopcart-0.3.6/io/micronaut/http/sse/DefaultEvent.class
target/shopcart-0.3.6/io/micronaut/discovery/cloud/ComputeInstanceMetadata.class
target/shopcart-0.3.6/io/micronaut/http/filter/ServerFilterChain.class
target/shopcart-0.3.6/io/micronaut/discovery/cloud/ComputeInstanceMetadataResolver.class
target/shopcart-0.3.6/io/micronaut/discovery/ServiceInstance$1.class
target/shopcart-0.3.6/io/micronaut/discovery/cloud/digitalocean/$DigitalOceanMetadataResolver$Definition.class
target/shopcart-0.3.6/io/micronaut/http/HttpAttributes.class
target/shopcart-0.3.6/io/micronaut/discovery/cloud/digitalocean/DigitalOceanNetworkInterface.class
target/shopcart-0.3.6/io/micronaut/discovery/cloud/NetworkInterface.class
target/shopcart-0.3.6/io/micronaut/discovery/CompositeDiscoveryClient.class
target/shopcart-0.3.6/io/micronaut/discovery/DefaultCompositeDiscoveryClient.class
target/shopcart-0.3.6/io/micronaut/discovery/cloud/digitalocean/DigitalOceanInstanceMetadata.class
target/shopcart-0.3.6/io/micronaut/discovery/cloud/digitalocean/$DigitalOceanMetadataConfiguration$Definition.class
target/shopcart-0.3.6/io/micronaut/discovery/cloud/digitalocean/$DigitalOceanMetadataResolver$Definition$Reference.class
target/shopcart-0.3.6/io/micronaut/discovery/cloud/digitalocean/DigitalOceanMetadataConfiguration.class
target/shopcart-0.3.6/io/micronaut/discovery/cloud/digitalocean/$DigitalOceanMetadataConfiguration$Definition$Reference.class
target/shopcart-0.3.6/io/micronaut/discovery/metadata/ServiceInstanceMetadataContributor.class
target/shopcart-0.3.6/io/micronaut/discovery/cloud/digitalocean/$DigitalOceanInstanceMetadata$IntrospectionRef.class
target/shopcart-0.3.6/io/micronaut/discovery/EmbeddedServerInstance.class
target/shopcart-0.3.6/io/micronaut/discovery/DiscoveryConfiguration.class
target/shopcart-0.3.6/io/micronaut/discovery/cloud/digitalocean/$DigitalOceanInstanceMetadata$Introspection.class
target/shopcart-0.3.6/io/micronaut/discovery/cloud/digitalocean/DigitalOceanMetadataKeys.class
target/shopcart-0.3.6/io/micronaut/discovery/cloud/digitalocean/DigitalOceanMetadataResolver.class
target/shopcart-0.3.6/io/micronaut/discovery/cloud/ComputeInstanceMetadataResolverUtils.class
target/shopcart-0.3.6/io/micronaut/discovery/$DefaultCompositeDiscoveryClient$Definition.class
target/shopcart-0.3.6/io/micronaut/discovery/cloud/AbstractComputeInstanceMetadata.class
target/shopcart-0.3.6/io/micronaut/discovery/$DefaultCompositeDiscoveryClient$Definition$Reference.class
target/shopcart-0.3.6/io/micronaut/discovery/$DefaultServiceInstanceIdGenerator$Definition.class
target/shopcart-0.3.6/io/micronaut/discovery/StaticServiceInstanceList.class
target/shopcart-0.3.6/io/micronaut/discovery/ServiceInstance.class
target/shopcart-0.3.6/io/micronaut/discovery/ServiceInstanceList.class
target/shopcart-0.3.6/io/micronaut/discovery/registration/RegistrationException.class
target/shopcart-0.3.6/io/micronaut/discovery/registration/RegistrationConfiguration.class
target/shopcart-0.3.6/io/micronaut/discovery/ServiceInstance$2.class
target/shopcart-0.3.6/io/micronaut/discovery/registration/AutoRegistration.class
target/shopcart-0.3.6/io/micronaut/discovery/config/ConfigurationClient.class
target/shopcart-0.3.6/io/micronaut/discovery/$DefaultServiceInstanceIdGenerator$Definition$Reference.class
target/shopcart-0.3.6/io/micronaut/discovery/config/ConfigDiscoveryConfiguration.class
target/shopcart-0.3.6/io/micronaut/discovery/DefaultServiceInstance.class
target/shopcart-0.3.6/io/micronaut/discovery/config/ConfigDiscoveryConfiguration$Format.class
target/shopcart-0.3.6/io/micronaut/discovery/ServiceInstance$Builder.class
target/shopcart-0.3.6/io/micronaut/discovery/event/ServiceStoppedEvent.class
target/shopcart-0.3.6/io/micronaut/discovery/config/$DefaultCompositeConfigurationClient$Definition$Reference.class
target/shopcart-0.3.6/io/micronaut/discovery/DefaultServiceInstanceIdGenerator.class
target/shopcart-0.3.6/io/micronaut/discovery/config/DefaultCompositeConfigurationClient.class
target/shopcart-0.3.6/io/micronaut/discovery/config/$DefaultCompositeConfigurationClient$Definition.class
target/shopcart-0.3.6/io/micronaut/discovery/event/ServiceReadyEvent.class
target/shopcart-0.3.6/io/micronaut/discovery/ServiceInstanceIdGenerator.class
target/shopcart-0.3.6/io/micronaut/discovery/event/AbstractServiceInstanceEvent.class
target/shopcart-0.3.6/io/micronaut/discovery/exceptions/DiscoveryException.class
target/shopcart-0.3.6/io/micronaut/discovery/exceptions/NoAvailableServiceException.class
target/shopcart-0.3.6/io/micronaut/discovery/DiscoveryClient.class
target/shopcart-0.3.6/io/micronaut/caffeine/base/UnsafeAccess.class
target/shopcart-0.3.6/io/micronaut/caffeine/SingleConsumerQueue$LinearizableNode.class
target/shopcart-0.3.6/io/micronaut/caffeine/SCQHeader.class
target/shopcart-0.3.6/io/micronaut/caffeine/SingleConsumerQueue$SerializationProxy.class
target/shopcart-0.3.6/io/micronaut/caffeine/cache/SSLAW.class
target/shopcart-0.3.6/io/micronaut/caffeine/SingleConsumerQueue.class
target/shopcart-0.3.6/io/micronaut/caffeine/SCQHeader$PadHeadAndTail.class
target/shopcart-0.3.6/io/micronaut/caffeine/SCQHeader$HeadRef.class
target/shopcart-0.3.6/io/micronaut/caffeine/SCQHeader$PadHead.class
target/shopcart-0.3.6/io/micronaut/caffeine/cache/WSLSMSAWR.class
target/shopcart-0.3.6/io/micronaut/caffeine/cache/UnboundedLocalCache$KeySetView.class
target/shopcart-0.3.6/io/micronaut/caffeine/SingleConsumerQueue$Node.class
target/shopcart-0.3.6/io/micronaut/caffeine/cache/WSSMSAWR.class
target/shopcart-0.3.6/io/micronaut/caffeine/cache/LinkedDeque$PeekingIterator$2.class
target/shopcart-0.3.6/io/micronaut/caffeine/cache/WISMSAW.class
target/shopcart-0.3.6/io/micronaut/caffeine/cache/FDWRMS.class
target/shopcart-0.3.6/io/micronaut/caffeine/cache/Policy$Expiration.class
target/shopcart-0.3.6/io/micronaut/caffeine/cache/PSW.class
target/shopcart-0.3.6/io/micronaut/caffeine/cache/WSLSMWAWR.class
target/shopcart-0.3.6/io/micronaut/caffeine/cache/Expiry.class
target/shopcart-0.3.6/io/micronaut/caffeine/cache/FW.class
target/shopcart-0.3.6/io/micronaut/caffeine/cache/Node.class
target/shopcart-0.3.6/io/micronaut/caffeine/cache/WIMWWR.class
target/shopcart-0.3.6/io/micronaut/caffeine/cache/SSSWR.class
target/shopcart-0.3.6/io/micronaut/caffeine/cache/SISMS.class
target/shopcart-0.3.6/io/micronaut/caffeine/cache/BoundedLocalCache$BoundedPolicy$BoundedExpireAfterAccess.class
target/shopcart-0.3.6/io/micronaut/caffeine/cache/WISMW.class
target/shopcart-0.3.6/io/micronaut/caffeine/cache/WILSAWR.class
target/shopcart-0.3.6/io/micronaut/caffeine/cache/SILSAWR.class
target/shopcart-0.3.6/io/micronaut/caffeine/cache/SSLW.class
target/shopcart-0.3.6/io/micronaut/caffeine/cache/WISMWW.class
target/shopcart-0.3.6/io/micronaut/caffeine/cache/PWAMS.class
target/shopcart-0.3.6/io/micronaut/caffeine/cache/SS.class
target/shopcart-0.3.6/io/micronaut/caffeine/cache/SSLSW.class
target/shopcart-0.3.6/io/micronaut/caffeine/cache/MpscChunkedArrayQueue.class
target/shopcart-0.3.6/io/micronaut/caffeine/cache/BoundedBuffer$RingBuffer.class
target/shopcart-0.3.6/io/micronaut/caffeine/cache/SIMWR.class
target/shopcart-0.3.6/io/micronaut/caffeine/cache/BoundedLocalCache$EntryIterator.class
target/shopcart-0.3.6/io/micronaut/caffeine/cache/SILSMWR.class
target/shopcart-0.3.6/io/micronaut/caffeine/cache/WSLSMWAR.class
target/shopcart-0.3.6/io/micronaut/caffeine/cache/FSAMS.class
target/shopcart-0.3.6/io/micronaut/caffeine/cache/SSLSMW.class
target/shopcart-0.3.6/io/micronaut/caffeine/cache/LocalAsyncCache$1.class
target/shopcart-0.3.6/io/micronaut/caffeine/cache/References.class
target/shopcart-0.3.6/io/micronaut/caffeine/cache/SIMWAR.class
target/shopcart-0.3.6/io/micronaut/caffeine/cache/WSSMSWR.class
target/shopcart-0.3.6/io/micronaut/caffeine/cache/RemovalCause$5.class
target/shopcart-0.3.6/io/micronaut/caffeine/cache/SIAW.class
target/shopcart-0.3.6/io/micronaut/caffeine/cache/WILW.class
target/shopcart-0.3.6/io/micronaut/caffeine/cache/SIAR.class
target/shopcart-0.3.6/io/micronaut/caffeine/cache/SSMSAW.class
target/shopcart-0.3.6/io/micronaut/caffeine/cache/WILSMWAWR.class
target/shopcart-0.3.6/io/micronaut/caffeine/cache/SSSMWAR.class
target/shopcart-0.3.6/io/micronaut/caffeine/cache/WSLMWAWR.class
target/shopcart-0.3.6/io/micronaut/caffeine/cache/WSW.class
target/shopcart-0.3.6/io/micronaut/caffeine/cache/WSWR.class
target/shopcart-0.3.6/io/micronaut/caffeine/cache/PDA.class
target/shopcart-0.3.6/io/micronaut/caffeine/cache/FDA.class
target/shopcart-0.3.6/io/micronaut/caffeine/cache/SISMWA.class
target/shopcart-0.3.6/io/micronaut/caffeine/cache/SSSAR.class
target/shopcart-0.3.6/io/micronaut/caffeine/cache/PSRMW.class
target/shopcart-0.3.6/io/micronaut/caffeine/cache/WILWR.class
target/shopcart-0.3.6/io/micronaut/caffeine/cache/SILMWA.class
target/shopcart-0.3.6/io/micronaut/caffeine/cache/SSMSR.class
target/shopcart-0.3.6/io/micronaut/caffeine/cache/FSMS.class
target/shopcart-0.3.6/io/micronaut/caffeine/cache/WSSMSAR.class
target/shopcart-0.3.6/io/micronaut/caffeine/cache/PSAWMW.class
target/shopcart-0.3.6/io/micronaut/caffeine/cache/FWRMW.class
target/shopcart-0.3.6/io/micronaut/caffeine/cache/BBHeader$PadWriteCounter.class
target/shopcart-0.3.6/io/micronaut/caffeine/cache/WSLMSA.class
target/shopcart-0.3.6/io/micronaut/caffeine/cache/PS.class
target/shopcart-0.3.6/io/micronaut/caffeine/cache/WSLAW.class
target/shopcart-0.3.6/io/micronaut/caffeine/cache/WIMWR.class
target/shopcart-0.3.6/io/micronaut/caffeine/cache/WIMSWR.class
target/shopcart-0.3.6/io/micronaut/caffeine/cache/PDRMW.class
target/shopcart-0.3.6/io/micronaut/caffeine/cache/PWAWRMS.class
target/shopcart-0.3.6/io/micronaut/caffeine/cache/Policy$VarExpiration.class
target/shopcart-0.3.6/io/micronaut/caffeine/cache/FWARMS.class
target/shopcart-0.3.6/io/micronaut/caffeine/cache/WSLMWWR.class
target/shopcart-0.3.6/io/micronaut/caffeine/cache/StripedBuffer.class
target/shopcart-0.3.6/io/micronaut/caffeine/cache/FDAWMS.class
target/shopcart-0.3.6/io/micronaut/caffeine/cache/LocalAsyncCache$AsMapView$Values$1.class
target/shopcart-0.3.6/io/micronaut/caffeine/cache/WSLMW.class
target/shopcart-0.3.6/io/micronaut/caffeine/cache/LocalAsyncCache$AsMapView$EntrySet.class
target/shopcart-0.3.6/io/micronaut/caffeine/cache/WILMWW.class
target/shopcart-0.3.6/io/micronaut/caffeine/cache/WILSMWAW.class
target/shopcart-0.3.6/io/micronaut/caffeine/cache/BoundedLocalCache$RemovalTask.class
target/shopcart-0.3.6/io/micronaut/caffeine/cache/WSLSAR.class
target/shopcart-0.3.6/io/micronaut/caffeine/cache/SSLMS.class
target/shopcart-0.3.6/io/micronaut/caffeine/cache/WISWR.class
target/shopcart-0.3.6/io/micronaut/caffeine/cache/WSA.class
target/shopcart-0.3.6/io/micronaut/caffeine/cache/WriteOrderDeque.class
target/shopcart-0.3.6/io/micronaut/caffeine/cache/SSSMS.class
target/shopcart-0.3.6/io/micronaut/caffeine/cache/FSRMW.class
target/shopcart-0.3.6/io/micronaut/caffeine/cache/WSMSAW.class
target/shopcart-0.3.6/io/micronaut/caffeine/cache/WISMSAR.class
target/shopcart-0.3.6/io/micronaut/caffeine/cache/FWRMS.class
target/shopcart-0.3.6/io/micronaut/caffeine/cache/LinkedDeque$PeekingIterator.class
target/shopcart-0.3.6/io/micronaut/caffeine/cache/PSMS.class
target/shopcart-0.3.6/io/micronaut/caffeine/cache/WIMWA.class
target/shopcart-0.3.6/io/micronaut/caffeine/cache/WSSAW.class
target/shopcart-0.3.6/io/micronaut/caffeine/cache/WILSMSR.class
target/shopcart-0.3.6/io/micronaut/caffeine/cache/SIMS.class
target/shopcart-0.3.6/io/micronaut/caffeine/cache/SILS.class
target/shopcart-0.3.6/io/micronaut/caffeine/cache/WSLAR.class
target/shopcart-0.3.6/io/micronaut/caffeine/cache/PWAMW.class
target/shopcart-0.3.6/io/micronaut/caffeine/cache/LocalAsyncCache$AsyncAsMapView.class
target/shopcart-0.3.6/io/micronaut/caffeine/cache/FDWMS.class
target/shopcart-0.3.6/io/micronaut/caffeine/cache/MpscGrowableArrayQueue.class
target/shopcart-0.3.6/io/micronaut/caffeine/cache/PSARMS.class
target/shopcart-0.3.6/io/micronaut/caffeine/cache/SILSMWA.class
target/shopcart-0.3.6/io/micronaut/caffeine/cache/WSSA.class
target/shopcart-0.3.6/io/micronaut/caffeine/cache/FWAWRMW.class
target/shopcart-0.3.6/io/micronaut/caffeine/cache/UnboundedLocalCache$UnboundedLocalAsyncLoadingCache.class
target/shopcart-0.3.6/io/micronaut/caffeine/cache/PWAWR.class
target/shopcart-0.3.6/io/micronaut/caffeine/cache/WILAR.class
target/shopcart-0.3.6/io/micronaut/caffeine/cache/WSSW.class
target/shopcart-0.3.6/io/micronaut/caffeine/cache/SSSMSR.class
target/shopcart-0.3.6/io/micronaut/caffeine/cache/FDAMS.class
target/shopcart-0.3.6/io/micronaut/caffeine/cache/WSMSA.class
target/shopcart-0.3.6/io/micronaut/caffeine/cache/SSLA.class
target/shopcart-0.3.6/io/micronaut/caffeine/cache/WILA.class
target/shopcart-0.3.6/io/micronaut/caffeine/cache/WILMWAR.class
target/shopcart-0.3.6/io/micronaut/caffeine/cache/PDMS.class
target/shopcart-0.3.6/io/micronaut/caffeine/cache/PDWRMS.class
target/shopcart-0.3.6/io/micronaut/caffeine/cache/FWMW.class
target/shopcart-0.3.6/io/micronaut/caffeine/cache/SSAW.class
target/shopcart-0.3.6/io/micronaut/caffeine/cache/SSLSWR.class
target/shopcart-0.3.6/io/micronaut/caffeine/cache/WSLSW.class
target/shopcart-0.3.6/io/micronaut/caffeine/cache/FWAWR.class
target/shopcart-0.3.6/io/micronaut/caffeine/cache/WSMWW.class
target/shopcart-0.3.6/io/micronaut/caffeine/cache/FWAW.class
target/shopcart-0.3.6/io/micronaut/caffeine/cache/WIMSR.class
target/shopcart-0.3.6/io/micronaut/caffeine/cache/WILSW.class
target/shopcart-0.3.6/io/micronaut/caffeine/cache/WSSMSAW.class
target/shopcart-0.3.6/io/micronaut/caffeine/cache/WISW.class
target/shopcart-0.3.6/io/micronaut/caffeine/cache/WISAW.class
target/shopcart-0.3.6/io/micronaut/caffeine/cache/SIR.class
target/shopcart-0.3.6/io/micronaut/caffeine/cache/WIMWAR.class
target/shopcart-0.3.6/io/micronaut/caffeine/cache/WIMSAR.class
target/shopcart-0.3.6/io/micronaut/caffeine/cache/WSLSMWA.class
target/shopcart-0.3.6/io/micronaut/caffeine/cache/References$WeakKeyReference.class
target/shopcart-0.3.6/io/micronaut/caffeine/cache/WSSMS.class
target/shopcart-0.3.6/io/micronaut/caffeine/cache/SILMSW.class
target/shopcart-0.3.6/io/micronaut/caffeine/cache/WISMSAWR.class
target/shopcart-0.3.6/io/micronaut/caffeine/cache/BoundedBuffer.class
target/shopcart-0.3.6/io/micronaut/caffeine/cache/FSARMS.class
target/shopcart-0.3.6/io/micronaut/caffeine/cache/FDR.class
target/shopcart-0.3.6/io/micronaut/caffeine/cache/WSMWAWR.class
target/shopcart-0.3.6/io/micronaut/caffeine/cache/PSA.class
target/shopcart-0.3.6/io/micronaut/caffeine/cache/WSLA.class
target/shopcart-0.3.6/io/micronaut/caffeine/cache/SSLSMSW.class
target/shopcart-0.3.6/io/micronaut/caffeine/cache/SILSMWAW.class
target/shopcart-0.3.6/io/micronaut/caffeine/cache/PDAWRMS.class
target/shopcart-0.3.6/io/micronaut/caffeine/cache/WSLMSR.class
target/shopcart-0.3.6/io/micronaut/caffeine/cache/PSWMW.class
target/shopcart-0.3.6/io/micronaut/caffeine/cache/FDAWRMS.class
target/shopcart-0.3.6/io/micronaut/caffeine/cache/WSSWR.class
target/shopcart-0.3.6/io/micronaut/caffeine/cache/LocalAsyncCache$CacheView.class
target/shopcart-0.3.6/io/micronaut/caffeine/cache/SILMSA.class
target/shopcart-0.3.6/io/micronaut/caffeine/cache/PW.class
target/shopcart-0.3.6/io/micronaut/caffeine/cache/WIR.class
target/shopcart-0.3.6/io/micronaut/caffeine/cache/SSLSMWR.class
target/shopcart-0.3.6/io/micronaut/caffeine/cache/WILMWAW.class
target/shopcart-0.3.6/io/micronaut/caffeine/cache/AbstractLinkedDeque$AbstractLinkedIterator.class
target/shopcart-0.3.6/io/micronaut/caffeine/cache/SSSAWR.class
target/shopcart-0.3.6/io/micronaut/caffeine/cache/WSLMWA.class
target/shopcart-0.3.6/io/micronaut/caffeine/cache/SSAWR.class
target/shopcart-0.3.6/io/micronaut/caffeine/cache/FDAWMW.class
target/shopcart-0.3.6/io/micronaut/caffeine/cache/UnboundedLocalCache$EntrySpliterator.class
target/shopcart-0.3.6/io/micronaut/caffeine/cache/WIMWAW.class
target/shopcart-0.3.6/io/micronaut/caffeine/cache/SILSMWWR.class
target/shopcart-0.3.6/io/micronaut/caffeine/cache/SISAR.class
target/shopcart-0.3.6/io/micronaut/caffeine/cache/WIMS.class
target/shopcart-0.3.6/io/micronaut/caffeine/cache/WI.class
target/shopcart-0.3.6/io/micronaut/caffeine/cache/SSLMWW.class
target/shopcart-0.3.6/io/micronaut/caffeine/cache/DisabledScheduler.class
target/shopcart-0.3.6/io/micronaut/caffeine/cache/SIL.class
target/shopcart-0.3.6/io/micronaut/caffeine/cache/RemovalCause$4.class
target/shopcart-0.3.6/io/micronaut/caffeine/cache/WSMWR.class
target/shopcart-0.3.6/io/micronaut/caffeine/cache/BoundedLocalCache$BoundedLocalAsyncLoadingCache.class
target/shopcart-0.3.6/io/micronaut/caffeine/cache/PDR.class
target/shopcart-0.3.6/io/micronaut/caffeine/cache/WSR.class
target/shopcart-0.3.6/io/micronaut/caffeine/cache/SSMSWR.class
target/shopcart-0.3.6/io/micronaut/caffeine/cache/SILSA.class
target/shopcart-0.3.6/io/micronaut/caffeine/cache/SILMSAWR.class
target/shopcart-0.3.6/io/micronaut/caffeine/cache/WSMSAWR.class
target/shopcart-0.3.6/io/micronaut/caffeine/cache/FSR.class
target/shopcart-0.3.6/io/micronaut/caffeine/cache/SSSW.class
target/shopcart-0.3.6/io/micronaut/caffeine/cache/WISMSA.class
target/shopcart-0.3.6/io/micronaut/caffeine/cache/BaseMpscLinkedArrayQueue.class
target/shopcart-0.3.6/io/micronaut/caffeine/cache/WSLMSW.class
target/shopcart-0.3.6/io/micronaut/caffeine/cache/SSLSR.class
target/shopcart-0.3.6/io/micronaut/caffeine/cache/SSLSMSA.class
target/shopcart-0.3.6/io/micronaut/caffeine/cache/BaseMpscLinkedArrayQueueConsumerFields.class
target/shopcart-0.3.6/io/micronaut/caffeine/cache/PWWMW.class
target/shopcart-0.3.6/io/micronaut/caffeine/cache/SSSMSAWR.class
target/shopcart-0.3.6/io/micronaut/caffeine/cache/SystemTicker.class
target/shopcart-0.3.6/io/micronaut/caffeine/cache/SILSMS.class
target/shopcart-0.3.6/io/micronaut/caffeine/cache/PWMS.class
target/shopcart-0.3.6/io/micronaut/caffeine/cache/SSSMSAR.class
target/shopcart-0.3.6/io/micronaut/caffeine/cache/FDARMS.class
target/shopcart-0.3.6/io/micronaut/caffeine/cache/BaseMpscLinkedArrayQueueColdProducerFields.class
target/shopcart-0.3.6/io/micronaut/caffeine/cache/SILSMSAW.class
target/shopcart-0.3.6/io/micronaut/caffeine/cache/SSLMW.class
target/shopcart-0.3.6/io/micronaut/caffeine/cache/WSLSMSAR.class
target/shopcart-0.3.6/io/micronaut/caffeine/cache/SingletonWeigher.class
target/shopcart-0.3.6/io/micronaut/caffeine/cache/SSS.class
target/shopcart-0.3.6/io/micronaut/caffeine/cache/UnboundedLocalCache.class
target/shopcart-0.3.6/io/micronaut/caffeine/cache/PDAR.class
target/shopcart-0.3.6/io/micronaut/caffeine/cache/FDAR.class
target/shopcart-0.3.6/io/micronaut/caffeine/cache/BaseMpscLinkedArrayQueuePad3.class
target/shopcart-0.3.6/io/micronaut/caffeine/cache/SSMWA.class
target/shopcart-0.3.6/io/micronaut/caffeine/cache/WIS.class
target/shopcart-0.3.6/io/micronaut/caffeine/cache/WILMSWR.class
target/shopcart-0.3.6/io/micronaut/caffeine/cache/FDW.class
target/shopcart-0.3.6/io/micronaut/caffeine/cache/SSR.class
target/shopcart-0.3.6/io/micronaut/caffeine/cache/WISA.class
target/shopcart-0.3.6/io/micronaut/caffeine/cache/WSMSW.class
target/shopcart-0.3.6/io/micronaut/caffeine/cache/UnboundedLocalCache$ValuesIterator.class
target/shopcart-0.3.6/io/micronaut/caffeine/cache/SSLSMSAWR.class
target/shopcart-0.3.6/io/micronaut/caffeine/cache/SILSW.class
target/shopcart-0.3.6/io/micronaut/caffeine/cache/SSSMWAWR.class
target/shopcart-0.3.6/io/micronaut/caffeine/cache/SILSR.class
target/shopcart-0.3.6/io/micronaut/caffeine/cache/AsyncCacheLoader.class
target/shopcart-0.3.6/io/micronaut/caffeine/cache/FWWRMS.class
target/shopcart-0.3.6/io/micronaut/caffeine/cache/SSMWR.class
target/shopcart-0.3.6/io/micronaut/caffeine/cache/BoundedLocalCache$BoundedPolicy$BoundedVarExpiration.class
target/shopcart-0.3.6/io/micronaut/caffeine/cache/SILMWAR.class
target/shopcart-0.3.6/io/micronaut/caffeine/cache/BLCHeader$DrainStatusRef.class
target/shopcart-0.3.6/io/micronaut/caffeine/cache/BLCHeader$PadDrainStatus.class
target/shopcart-0.3.6/io/micronaut/caffeine/cache/FDAMW.class
target/shopcart-0.3.6/io/micronaut/caffeine/cache/SIMWA.class
target/shopcart-0.3.6/io/micronaut/caffeine/cache/BoundedLocalCache$PerformCleanupTask.class
target/shopcart-0.3.6/io/micronaut/caffeine/cache/WSL.class
target/shopcart-0.3.6/io/micronaut/caffeine/cache/WISMSR.class
target/shopcart-0.3.6/io/micronaut/caffeine/cache/PDAWRMW.class
target/shopcart-0.3.6/io/micronaut/caffeine/cache/WSLMSAWR.class
target/shopcart-0.3.6/io/micronaut/caffeine/cache/WISMWAWR.class
target/shopcart-0.3.6/io/micronaut/caffeine/cache/UnboundedLocalCache$UnboundedLocalAsyncCache.class
target/shopcart-0.3.6/io/micronaut/caffeine/cache/WILMW.class
target/shopcart-0.3.6/io/micronaut/caffeine/cache/Async$AsyncExpiry.class
target/shopcart-0.3.6/io/micronaut/caffeine/cache/SSLMSW.class
target/shopcart-0.3.6/io/micronaut/caffeine/cache/BoundedLocalCache$BoundedPolicy.class
target/shopcart-0.3.6/io/micronaut/caffeine/cache/TimerWheel.class
target/shopcart-0.3.6/io/micronaut/caffeine/cache/SSSMWA.class
target/shopcart-0.3.6/io/micronaut/caffeine/cache/SSSA.class
target/shopcart-0.3.6/io/micronaut/caffeine/cache/WILSMWWR.class
target/shopcart-0.3.6/io/micronaut/caffeine/cache/PWWRMS.class
target/shopcart-0.3.6/io/micronaut/caffeine/cache/SSLMSA.class
target/shopcart-0.3.6/io/micronaut/caffeine/cache/NodeFactory.class
target/shopcart-0.3.6/io/micronaut/caffeine/cache/WILSMWA.class
target/shopcart-0.3.6/io/micronaut/caffeine/cache/SILSMWW.class
target/shopcart-0.3.6/io/micronaut/caffeine/cache/BoundedLocalCache$BoundedLocalLoadingCache.class
target/shopcart-0.3.6/io/micronaut/caffeine/cache/WIMSAW.class
target/shopcart-0.3.6/io/micronaut/caffeine/cache/SISMWAR.class
target/shopcart-0.3.6/io/micronaut/caffeine/cache/FWAMW.class
target/shopcart-0.3.6/io/micronaut/caffeine/cache/PWWRMW.class
target/shopcart-0.3.6/io/micronaut/caffeine/cache/WISMSWR.class
target/shopcart-0.3.6/io/micronaut/caffeine/cache/WSSAR.class
target/shopcart-0.3.6/io/micronaut/caffeine/cache/FSAWMS.class
target/shopcart-0.3.6/io/micronaut/caffeine/cache/SSMSW.class
target/shopcart-0.3.6/io/micronaut/caffeine/cache/FSWRMS.class
target/shopcart-0.3.6/io/micronaut/caffeine/cache/WSLMWW.class
target/shopcart-0.3.6/io/micronaut/caffeine/cache/SSLSMSWR.class
target/shopcart-0.3.6/io/micronaut/caffeine/cache/PWWMS.class
target/shopcart-0.3.6/io/micronaut/caffeine/cache/SILAWR.class
target/shopcart-0.3.6/io/micronaut/caffeine/cache/LocalCache.class
target/shopcart-0.3.6/io/micronaut/caffeine/cache/FSAWMW.class
target/shopcart-0.3.6/io/micronaut/caffeine/cache/FS.class
target/shopcart-0.3.6/io/micronaut/caffeine/cache/SSLSMWAW.class
target/shopcart-0.3.6/io/micronaut/caffeine/cache/BBHeader$ReadAndWriteCounterRef.class
target/shopcart-0.3.6/io/micronaut/caffeine/cache/WSLSAW.class
target/shopcart-0.3.6/io/micronaut/caffeine/cache/SILAW.class
target/shopcart-0.3.6/io/micronaut/caffeine/cache/SSLAWR.class
target/shopcart-0.3.6/io/micronaut/caffeine/cache/BoundedLocalCache$ValueIterator.class
target/shopcart-0.3.6/io/micronaut/caffeine/cache/WSLSMSWR.class
target/shopcart-0.3.6/io/micronaut/caffeine/cache/TimerWheel$Sentinel.class
target/shopcart-0.3.6/io/micronaut/caffeine/cache/CacheWriter.class
target/shopcart-0.3.6/io/micronaut/caffeine/cache/FWW.class
target/shopcart-0.3.6/io/micronaut/caffeine/cache/References$InternalReference.class
target/shopcart-0.3.6/io/micronaut/caffeine/cache/PSR.class
target/shopcart-0.3.6/io/micronaut/caffeine/cache/SISAW.class
target/shopcart-0.3.6/io/micronaut/caffeine/cache/BBHeader$PadReadCounter.class
target/shopcart-0.3.6/io/micronaut/caffeine/cache/WSLMWAR.class
target/shopcart-0.3.6/io/micronaut/caffeine/cache/SSLMWAR.class
target/shopcart-0.3.6/io/micronaut/caffeine/cache/SILMWWR.class
target/shopcart-0.3.6/io/micronaut/caffeine/cache/FrequencySketch.class
target/shopcart-0.3.6/io/micronaut/caffeine/cache/WILMSA.class
target/shopcart-0.3.6/io/micronaut/caffeine/cache/WILMSAR.class
target/shopcart-0.3.6/io/micronaut/caffeine/cache/SSLMSWR.class
target/shopcart-0.3.6/io/micronaut/caffeine/cache/WSLAWR.class
target/shopcart-0.3.6/io/micronaut/caffeine/cache/WILSMS.class
target/shopcart-0.3.6/io/micronaut/caffeine/cache/SSLS.class
target/shopcart-0.3.6/io/micronaut/caffeine/cache/WSMWAR.class
target/shopcart-0.3.6/io/micronaut/caffeine/cache/PDARMS.class
target/shopcart-0.3.6/io/micronaut/caffeine/cache/WILSMSAR.class
target/shopcart-0.3.6/io/micronaut/caffeine/cache/SSLSMWAWR.class
target/shopcart-0.3.6/io/micronaut/caffeine/cache/SSMWW.class
target/shopcart-0.3.6/io/micronaut/caffeine/cache/DisabledBuffer.class
target/shopcart-0.3.6/io/micronaut/caffeine/cache/AccessOrderDeque.class
target/shopcart-0.3.6/io/micronaut/caffeine/cache/PDAWMW.class
target/shopcart-0.3.6/io/micronaut/caffeine/cache/SSSMSAW.class
target/shopcart-0.3.6/io/micronaut/caffeine/cache/SISMWAWR.class
target/shopcart-0.3.6/io/micronaut/caffeine/cache/Policy$Eviction.class
target/shopcart-0.3.6/io/micronaut/caffeine/cache/PDAMS.class
target/shopcart-0.3.6/io/micronaut/caffeine/cache/SSMS.class
target/shopcart-0.3.6/io/micronaut/caffeine/cache/SIMW.class
target/shopcart-0.3.6/io/micronaut/caffeine/cache/SIA.class
target/shopcart-0.3.6/io/micronaut/caffeine/cache/FWWR.class
target/shopcart-0.3.6/io/micronaut/caffeine/cache/LoadingCache.class
target/shopcart-0.3.6/io/micronaut/caffeine/cache/WILSA.class
target/shopcart-0.3.6/io/micronaut/caffeine/cache/WISAWR.class
target/shopcart-0.3.6/io/micronaut/caffeine/cache/SILMWAW.class
target/shopcart-0.3.6/io/micronaut/caffeine/cache/SSMWWR.class
target/shopcart-0.3.6/io/micronaut/caffeine/cache/SSSMWAW.class
target/shopcart-0.3.6/io/micronaut/caffeine/cache/FDAWRMW.class
target/shopcart-0.3.6/io/micronaut/caffeine/cache/UnsafeAccess.class
target/shopcart-0.3.6/io/micronaut/caffeine/cache/PDWMW.class
target/shopcart-0.3.6/io/micronaut/caffeine/cache/BoundedLocalCache$KeyIterator.class
target/shopcart-0.3.6/io/micronaut/caffeine/cache/SISMSWR.class
target/shopcart-0.3.6/io/micronaut/caffeine/cache/LocalAsyncLoadingCache.class
target/shopcart-0.3.6/io/micronaut/caffeine/cache/WILMWR.class
target/shopcart-0.3.6/io/micronaut/caffeine/cache/FDWR.class
target/shopcart-0.3.6/io/micronaut/caffeine/cache/WSLSMWW.class
target/shopcart-0.3.6/io/micronaut/caffeine/cache/SSSAW.class
target/shopcart-0.3.6/io/micronaut/caffeine/cache/WILMWA.class
target/shopcart-0.3.6/io/micronaut/caffeine/cache/SSLMWWR.class
target/shopcart-0.3.6/io/micronaut/caffeine/cache/WISMWAW.class
target/shopcart-0.3.6/io/micronaut/caffeine/cache/SystemScheduler.class
target/shopcart-0.3.6/io/micronaut/caffeine/cache/WSMSAR.class
target/shopcart-0.3.6/io/micronaut/caffeine/cache/PWAWRMW.class
target/shopcart-0.3.6/io/micronaut/caffeine/cache/WILAWR.class
target/shopcart-0.3.6/io/micronaut/caffeine/cache/SISMSA.class
target/shopcart-0.3.6/io/micronaut/caffeine/cache/SIMSAW.class
target/shopcart-0.3.6/io/micronaut/caffeine/cache/UnboundedLocalCache$ValuesView.class
target/shopcart-0.3.6/io/micronaut/caffeine/cache/SISWR.class
target/shopcart-0.3.6/io/micronaut/caffeine/cache/SILMSAW.class
target/shopcart-0.3.6/io/micronaut/caffeine/cache/CacheLoader.class
target/shopcart-0.3.6/io/micronaut/caffeine/cache/WIA.class
target/shopcart-0.3.6/io/micronaut/caffeine/cache/BBHeader.class
target/shopcart-0.3.6/io/micronaut/caffeine/cache/BoundedLocalCache$EntrySpliterator.class
target/shopcart-0.3.6/io/micronaut/caffeine/cache/WSLW.class
target/shopcart-0.3.6/io/micronaut/caffeine/cache/SSMWAR.class
target/shopcart-0.3.6/io/micronaut/caffeine/cache/WSSMWW.class
target/shopcart-0.3.6/io/micronaut/caffeine/cache/BoundedLocalCache.class
target/shopcart-0.3.6/io/micronaut/caffeine/cache/FDRMS.class
target/shopcart-0.3.6/io/micronaut/caffeine/cache/Weigher.class
target/shopcart-0.3.6/io/micronaut/caffeine/cache/PWAWMS.class
target/shopcart-0.3.6/io/micronaut/caffeine/cache/SISAWR.class
target/shopcart-0.3.6/io/micronaut/caffeine/cache/SSLMWAWR.class
target/shopcart-0.3.6/io/micronaut/caffeine/cache/SSLAR.class
target/shopcart-0.3.6/io/micronaut/caffeine/cache/WILMWWR.class
target/shopcart-0.3.6/io/micronaut/caffeine/cache/FSAWRMW.class
target/shopcart-0.3.6/io/micronaut/caffeine/cache/LinkedDeque.class
target/shopcart-0.3.6/io/micronaut/caffeine/cache/CaffeineSpec.class
target/shopcart-0.3.6/io/micronaut/caffeine/cache/FWAWMW.class
target/shopcart-0.3.6/io/micronaut/caffeine/cache/WSSMWAR.class
target/shopcart-0.3.6/io/micronaut/caffeine/cache/PSAMS.class
target/shopcart-0.3.6/io/micronaut/caffeine/cache/SILSMSA.class
target/shopcart-0.3.6/io/micronaut/caffeine/cache/WSLMSAR.class
target/shopcart-0.3.6/io/micronaut/caffeine/cache/WIAWR.class
target/shopcart-0.3.6/io/micronaut/caffeine/cache/Buffer.class
target/shopcart-0.3.6/io/micronaut/caffeine/cache/WIMWAWR.class
target/shopcart-0.3.6/io/micronaut/caffeine/cache/SSSMSWR.class
target/shopcart-0.3.6/io/micronaut/caffeine/cache/LocalAsyncCache$AsyncBulkCompleter.class
target/shopcart-0.3.6/io/micronaut/caffeine/cache/WSLWR.class
target/shopcart-0.3.6/io/micronaut/caffeine/cache/SIS.class
target/shopcart-0.3.6/io/micronaut/caffeine/cache/BoundedLocalCache$BoundedPolicy$BoundedEviction.class
target/shopcart-0.3.6/io/micronaut/caffeine/cache/WSLS.class
target/shopcart-0.3.6/io/micronaut/caffeine/cache/WIL.class
target/shopcart-0.3.6/io/micronaut/caffeine/cache/SI.class
target/shopcart-0.3.6/io/micronaut/caffeine/cache/BoundedLocalCache$KeySetView.class
target/shopcart-0.3.6/io/micronaut/caffeine/cache/SSLMWR.class
target/shopcart-0.3.6/io/micronaut/caffeine/cache/SISMSAWR.class
target/shopcart-0.3.6/io/micronaut/caffeine/cache/PWARMW.class
target/shopcart-0.3.6/io/micronaut/caffeine/cache/SISMW.class
target/shopcart-0.3.6/io/micronaut/caffeine/cache/PDWR.class
target/shopcart-0.3.6/io/micronaut/caffeine/cache/LocalAsyncCache.class
target/shopcart-0.3.6/io/micronaut/caffeine/cache/BoundedLocalCache$BoundedLocalAsyncCache.class
target/shopcart-0.3.6/io/micronaut/caffeine/cache/FSAMW.class
target/shopcart-0.3.6/io/micronaut/caffeine/cache/WILMS.class
target/shopcart-0.3.6/io/micronaut/caffeine/cache/Policy.class
target/shopcart-0.3.6/io/micronaut/caffeine/cache/SSLSMWAR.class
target/shopcart-0.3.6/io/micronaut/caffeine/cache/WILSMSAWR.class
target/shopcart-0.3.6/io/micronaut/caffeine/cache/SSMSA.class
target/shopcart-0.3.6/io/micronaut/caffeine/cache/WSLMSWR.class
target/shopcart-0.3.6/io/micronaut/caffeine/cache/FWARMW.class
target/shopcart-0.3.6/io/micronaut/caffeine/cache/SSSMWR.class
target/shopcart-0.3.6/io/micronaut/caffeine/cache/FDWMW.class
target/shopcart-0.3.6/io/micronaut/caffeine/cache/WISR.class
target/shopcart-0.3.6/io/micronaut/caffeine/cache/WSSR.class
target/shopcart-0.3.6/io/micronaut/caffeine/cache/SISMWW.class
target/shopcart-0.3.6/io/micronaut/caffeine/cache/WSMS.class
target/shopcart-0.3.6/io/micronaut/caffeine/cache/WSS.class
target/shopcart-0.3.6/io/micronaut/caffeine/cache/LocalAsyncLoadingCache$LoadingCacheView.class
target/shopcart-0.3.6/io/micronaut/caffeine/cache/WSLSMSR.class
target/shopcart-0.3.6/io/micronaut/caffeine/cache/FSAWR.class
target/shopcart-0.3.6/io/micronaut/caffeine/cache/PDMW.class
target/shopcart-0.3.6/io/micronaut/caffeine/cache/FWWRMW.class
target/shopcart-0.3.6/io/micronaut/caffeine/cache/WISMWA.class
target/shopcart-0.3.6/io/micronaut/caffeine/cache/SSLSAWR.class
target/shopcart-0.3.6/io/micronaut/caffeine/cache/PSAWRMW.class
target/shopcart-0.3.6/io/micronaut/caffeine/cache/SILMSR.class
target/shopcart-0.3.6/io/micronaut/caffeine/cache/FSAWRMS.class
target/shopcart-0.3.6/io/micronaut/caffeine/cache/WSLR.class
target/shopcart-0.3.6/io/micronaut/caffeine/cache/FSARMW.class
target/shopcart-0.3.6/io/micronaut/caffeine/cache/WILMSAW.class
target/shopcart-0.3.6/io/micronaut/caffeine/cache/SILMWAWR.class
target/shopcart-0.3.6/io/micronaut/caffeine/cache/RemovalCause$2.class
target/shopcart-0.3.6/io/micronaut/caffeine/cache/WSMSR.class
target/shopcart-0.3.6/io/micronaut/caffeine/cache/UnboundedLocalCache$UnboundedLocalLoadingCache.class
target/shopcart-0.3.6/io/micronaut/caffeine/cache/WSLSA.class
target/shopcart-0.3.6/io/micronaut/caffeine/cache/WILMSAWR.class
target/shopcart-0.3.6/io/micronaut/caffeine/cache/PDAW.class
target/shopcart-0.3.6/io/micronaut/caffeine/cache/SILSAW.class
target/shopcart-0.3.6/io/micronaut/caffeine/cache/WSLSMWAW.class
target/shopcart-0.3.6/io/micronaut/caffeine/cache/UnboundedLocalCache$KeyIterator.class
target/shopcart-0.3.6/io/micronaut/caffeine/cache/SSLMSAR.class
target/shopcart-0.3.6/io/micronaut/caffeine/cache/WSLSMSAW.class
target/shopcart-0.3.6/io/micronaut/caffeine/cache/SILSMSAWR.class
target/shopcart-0.3.6/io/micronaut/caffeine/cache/FSMW.class
target/shopcart-0.3.6/io/micronaut/caffeine/cache/PWWR.class
target/shopcart-0.3.6/io/micronaut/caffeine/cache/PWARMS.class
target/shopcart-0.3.6/io/micronaut/caffeine/cache/PSMW.class
target/shopcart-0.3.6/io/micronaut/caffeine/cache/WIMSA.class
target/shopcart-0.3.6/io/micronaut/caffeine/cache/PDARMW.class
target/shopcart-0.3.6/io/micronaut/caffeine/cache/ExecutorServiceScheduler.class
target/shopcart-0.3.6/io/micronaut/caffeine/cache/WIMSAWR.class
target/shopcart-0.3.6/io/micronaut/caffeine/cache/PWRMW.class
target/shopcart-0.3.6/io/micronaut/caffeine/cache/SSLMWA.class
target/shopcart-0.3.6/io/micronaut/caffeine/cache/SILA.class
target/shopcart-0.3.6/io/micronaut/caffeine/cache/SSMSAWR.class
target/shopcart-0.3.6/io/micronaut/caffeine/cache/WSSMSA.class
target/shopcart-0.3.6/io/micronaut/caffeine/cache/SISMWR.class
target/shopcart-0.3.6/io/micronaut/caffeine/cache/BoundedLocalCache$BoundedPolicy$BoundedVarExpiration$1.class
target/shopcart-0.3.6/io/micronaut/caffeine/cache/FSW.class
target/shopcart-0.3.6/io/micronaut/caffeine/cache/PSRMS.class
target/shopcart-0.3.6/io/micronaut/caffeine/cache/FSRMS.class
target/shopcart-0.3.6/io/micronaut/caffeine/cache/SSSMWWR.class
target/shopcart-0.3.6/io/micronaut/caffeine/cache/SIMSW.class
target/shopcart-0.3.6/io/micronaut/caffeine/cache/WSLSMSW.class
target/shopcart-0.3.6/io/micronaut/caffeine/cache/WS.class
target/shopcart-0.3.6/io/micronaut/caffeine/cache/PDW.class
target/shopcart-0.3.6/io/micronaut/caffeine/cache/SILSMSW.class
target/shopcart-0.3.6/io/micronaut/caffeine/cache/FDMS.class
target/shopcart-0.3.6/io/micronaut/caffeine/cache/LinkedDeque$PeekingIterator$1.class
target/shopcart-0.3.6/io/micronaut/caffeine/cache/WIAW.class
target/shopcart-0.3.6/io/micronaut/caffeine/cache/PWA.class
target/shopcart-0.3.6/io/micronaut/caffeine/cache/AbstractLinkedDeque$2.class
target/shopcart-0.3.6/io/micronaut/caffeine/cache/SSLSA.class
target/shopcart-0.3.6/io/micronaut/caffeine/cache/PDAWR.class
target/shopcart-0.3.6/io/micronaut/caffeine/cache/SISMSW.class
target/shopcart-0.3.6/io/micronaut/caffeine/cache/FWA.class
target/shopcart-0.3.6/io/micronaut/caffeine/cache/SSSR.class
target/shopcart-0.3.6/io/micronaut/caffeine/cache/FDARMW.class
target/shopcart-0.3.6/io/micronaut/caffeine/cache/WILSMSWR.class
target/shopcart-0.3.6/io/micronaut/caffeine/cache/PSAWMS.class
target/shopcart-0.3.6/io/micronaut/caffeine/cache/WSLMSAW.class
target/shopcart-0.3.6/io/micronaut/caffeine/cache/References$WeakValueReference.class
target/shopcart-0.3.6/io/micronaut/caffeine/cache/SIMWAW.class
target/shopcart-0.3.6/io/micronaut/caffeine/cache/SIMSAWR.class
target/shopcart-0.3.6/io/micronaut/caffeine/cache/UnboundedLocalCache$UnboundedPolicy.class
target/shopcart-0.3.6/io/micronaut/caffeine/cache/Caffeine$CacheWriterAdapter.class
target/shopcart-0.3.6/io/micronaut/caffeine/cache/PWMW.class
target/shopcart-0.3.6/io/micronaut/caffeine/cache/Caffeine$Strength.class
target/shopcart-0.3.6/io/micronaut/caffeine/cache/WSMSWR.class
target/shopcart-0.3.6/io/micronaut/caffeine/cache/SISW.class
target/shopcart-0.3.6/io/micronaut/caffeine/cache/PSAR.class
target/shopcart-0.3.6/io/micronaut/caffeine/cache/WILSAR.class
target/shopcart-0.3.6/io/micronaut/caffeine/cache/SISMSAR.class
target/shopcart-0.3.6/io/micronaut/caffeine/cache/WILSR.class
target/shopcart-0.3.6/io/micronaut/caffeine/cache/SILSAR.class
target/shopcart-0.3.6/io/micronaut/caffeine/cache/SSMWAW.class
target/shopcart-0.3.6/io/micronaut/caffeine/cache/AsyncLoadingCache.class
target/shopcart-0.3.6/io/micronaut/caffeine/cache/WSLMWAW.class
target/shopcart-0.3.6/io/micronaut/caffeine/cache/References$LookupKeyReference.class
target/shopcart-0.3.6/io/micronaut/caffeine/cache/SILSMSWR.class
target/shopcart-0.3.6/io/micronaut/caffeine/cache/WISMWAR.class
target/shopcart-0.3.6/io/micronaut/caffeine/cache/SILR.class
target/shopcart-0.3.6/io/micronaut/caffeine/cache/LocalAsyncCache$AbstractCacheView.class
target/shopcart-0.3.6/io/micronaut/caffeine/cache/UnboundedLocalCache$EntrySetView.class
target/shopcart-0.3.6/io/micronaut/caffeine/cache/LocalAsyncCache$AsMapView$Values.class
target/shopcart-0.3.6/io/micronaut/caffeine/cache/FSWR.class
target/shopcart-0.3.6/io/micronaut/caffeine/cache/SIMSA.class
target/shopcart-0.3.6/io/micronaut/caffeine/cache/SSLSMWW.class
target/shopcart-0.3.6/io/micronaut/caffeine/cache/stats/ConcurrentStatsCounter.class
target/shopcart-0.3.6/io/micronaut/caffeine/cache/stats/DisabledStatsCounter.class
target/shopcart-0.3.6/io/micronaut/caffeine/cache/SSLSMSAW.class
target/shopcart-0.3.6/io/micronaut/caffeine/cache/BoundedWeigher.class
target/shopcart-0.3.6/io/micronaut/caffeine/cache/stats/StatsCounter.class
target/shopcart-0.3.6/io/micronaut/caffeine/cache/BoundedLocalCache$ValueSpliterator.class
target/shopcart-0.3.6/io/micronaut/caffeine/cache/stats/GuardedStatsCounter.class
target/shopcart-0.3.6/io/micronaut/caffeine/cache/WSLSMW.class
target/shopcart-0.3.6/io/micronaut/caffeine/cache/WSLSMWWR.class
target/shopcart-0.3.6/io/micronaut/caffeine/cache/SSLMWAW.class
target/shopcart-0.3.6/io/micronaut/caffeine/cache/RemovalCause$1.class
target/shopcart-0.3.6/io/micronaut/caffeine/cache/stats/CacheStats.class
target/shopcart-0.3.6/io/micronaut/caffeine/cache/PDRMS.class
target/shopcart-0.3.6/io/micronaut/caffeine/cache/SILSMWAR.class
target/shopcart-0.3.6/io/micronaut/caffeine/cache/RemovalCause$3.class
target/shopcart-0.3.6/io/micronaut/caffeine/cache/FWWMS.class
target/shopcart-0.3.6/io/micronaut/caffeine/cache/PSAWR.class
target/shopcart-0.3.6/io/micronaut/caffeine/cache/PDAMW.class
target/shopcart-0.3.6/io/micronaut/caffeine/cache/PSWR.class
target/shopcart-0.3.6/io/micronaut/caffeine/cache/FDRMW.class
target/shopcart-0.3.6/io/micronaut/caffeine/cache/SSMW.class
target/shopcart-0.3.6/io/micronaut/caffeine/cache/PWR.class
target/shopcart-0.3.6/io/micronaut/caffeine/cache/WIAR.class
target/shopcart-0.3.6/io/micronaut/caffeine/cache/WSLSMS.class
target/shopcart-0.3.6/io/micronaut/caffeine/cache/WILSMWAR.class
target/shopcart-0.3.6/io/micronaut/caffeine/cache/SSLSMS.class
target/shopcart-0.3.6/io/micronaut/caffeine/cache/WIMWW.class
target/shopcart-0.3.6/io/micronaut/caffeine/cache/BoundedLocalCache$BoundedPolicy$BoundedExpireAfterWrite.class
target/shopcart-0.3.6/io/micronaut/caffeine/cache/WSLMWR.class
target/shopcart-0.3.6/io/micronaut/caffeine/cache/SILMW.class
target/shopcart-0.3.6/io/micronaut/caffeine/cache/SSLSAW.class
target/shopcart-0.3.6/io/micronaut/caffeine/cache/WSSMW.class
target/shopcart-0.3.6/io/micronaut/caffeine/cache/WILSMWR.class
target/shopcart-0.3.6/io/micronaut/caffeine/cache/LocalManualCache.class
target/shopcart-0.3.6/io/micronaut/caffeine/cache/FWMS.class
target/shopcart-0.3.6/io/micronaut/caffeine/cache/SSLMSR.class
target/shopcart-0.3.6/io/micronaut/caffeine/cache/PWAR.class
target/shopcart-0.3.6/io/micronaut/caffeine/cache/WSMWWR.class
target/shopcart-0.3.6/io/micronaut/caffeine/cache/Async$AsyncRemovalListener.class
target/shopcart-0.3.6/io/micronaut/caffeine/cache/AbstractLinkedDeque.class
target/shopcart-0.3.6/io/micronaut/caffeine/cache/SSLMSAW.class
target/shopcart-0.3.6/io/micronaut/caffeine/cache/WIMSW.class
target/shopcart-0.3.6/io/micronaut/caffeine/cache/PSWRMS.class
target/shopcart-0.3.6/io/micronaut/caffeine/cache/SILMWR.class
target/shopcart-0.3.6/io/micronaut/caffeine/cache/SILMWW.class
target/shopcart-0.3.6/io/micronaut/caffeine/cache/SIMSWR.class
target/shopcart-0.3.6/io/micronaut/caffeine/cache/WSSMSR.class
target/shopcart-0.3.6/io/micronaut/caffeine/cache/BoundedLocalCache$KeySpliterator.class
target/shopcart-0.3.6/io/micronaut/caffeine/cache/WSSMWAW.class
target/shopcart-0.3.6/io/micronaut/caffeine/cache/FDMW.class
target/shopcart-0.3.6/io/micronaut/caffeine/cache/PDWMS.class
target/shopcart-0.3.6/io/micronaut/caffeine/cache/SSMSAR.class
target/shopcart-0.3.6/io/micronaut/caffeine/cache/SSLSMWA.class
target/shopcart-0.3.6/io/micronaut/caffeine/cache/SILSMW.class
target/shopcart-0.3.6/io/micronaut/caffeine/cache/FWAR.class
target/shopcart-0.3.6/io/micronaut/caffeine/cache/SSSMSW.class
target/shopcart-0.3.6/io/micronaut/caffeine/cache/SSMWAWR.class
target/shopcart-0.3.6/io/micronaut/caffeine/cache/Cache.class
target/shopcart-0.3.6/io/micronaut/caffeine/cache/SILW.class
target/shopcart-0.3.6/io/micronaut/caffeine/cache/WSSMWWR.class
target/shopcart-0.3.6/io/micronaut/caffeine/cache/WILAW.class
target/shopcart-0.3.6/io/micronaut/caffeine/cache/SSLSMSAR.class
target/shopcart-0.3.6/io/micronaut/caffeine/cache/SILSWR.class
target/shopcart-0.3.6/io/micronaut/caffeine/cache/Scheduler.class
target/shopcart-0.3.6/io/micronaut/caffeine/cache/UnboundedLocalCache$UnboundedLocalManualCache.class
target/shopcart-0.3.6/io/micronaut/caffeine/cache/SILSMWAWR.class
target/shopcart-0.3.6/io/micronaut/caffeine/cache/SISMSAW.class
target/shopcart-0.3.6/io/micronaut/caffeine/cache/WriteThroughEntry.class
target/shopcart-0.3.6/io/micronaut/caffeine/cache/SSSMW.class
target/shopcart-0.3.6/io/micronaut/caffeine/cache/SSA.class
target/shopcart-0.3.6/io/micronaut/caffeine/cache/WSAR.class
target/shopcart-0.3.6/io/micronaut/caffeine/cache/GuardedScheduler.class
target/shopcart-0.3.6/io/micronaut/caffeine/cache/PDAWMS.class
target/shopcart-0.3.6/io/micronaut/caffeine/cache/WSLSWR.class
target/shopcart-0.3.6/io/micronaut/caffeine/cache/PWAWMW.class
target/shopcart-0.3.6/io/micronaut/caffeine/cache/WIWR.class
target/shopcart-0.3.6/io/micronaut/caffeine/cache/BaseMpscLinkedArrayQueueProducerFields.class
target/shopcart-0.3.6/io/micronaut/caffeine/cache/PWRMS.class
target/shopcart-0.3.6/io/micronaut/caffeine/cache/SILMS.class
target/shopcart-0.3.6/io/micronaut/caffeine/cache/BoundedLocalCache$EntrySetView.class
target/shopcart-0.3.6/io/micronaut/caffeine/cache/WSMWAW.class
target/shopcart-0.3.6/io/micronaut/caffeine/cache/WSLMS.class
target/shopcart-0.3.6/io/micronaut/caffeine/cache/WILSMWW.class
target/shopcart-0.3.6/io/micronaut/caffeine/cache/WILMWAWR.class
target/shopcart-0.3.6/io/micronaut/caffeine/cache/WILS.class
target/shopcart-0.3.6/io/micronaut/caffeine/cache/WILSMSAW.class
target/shopcart-0.3.6/io/micronaut/caffeine/cache/DisabledWriter.class
target/shopcart-0.3.6/io/micronaut/caffeine/cache/Pacer.class
target/shopcart-0.3.6/io/micronaut/caffeine/cache/WSSMWAWR.class
target/shopcart-0.3.6/io/micronaut/caffeine/cache/BoundedLocalCache$AddTask.class
target/shopcart-0.3.6/io/micronaut/caffeine/cache/SSLMSAWR.class
target/shopcart-0.3.6/io/micronaut/caffeine/cache/SSLSMSR.class
target/shopcart-0.3.6/io/micronaut/caffeine/cache/SerializationProxy.class
target/shopcart-0.3.6/io/micronaut/caffeine/cache/DisabledFuture.class
target/shopcart-0.3.6/io/micronaut/caffeine/cache/SSSMWW.class
target/shopcart-0.3.6/io/micronaut/caffeine/cache/RemovalCause.class
target/shopcart-0.3.6/io/micronaut/caffeine/cache/WSLSMSA.class
target/shopcart-0.3.6/io/micronaut/caffeine/cache/PSWRMW.class
target/shopcart-0.3.6/io/micronaut/caffeine/cache/FSAR.class
target/shopcart-0.3.6/io/micronaut/caffeine/cache/FWAWMS.class
target/shopcart-0.3.6/io/micronaut/caffeine/cache/LocalCacheFactory.class
target/shopcart-0.3.6/io/micronaut/caffeine/cache/WSSMWR.class
target/shopcart-0.3.6/io/micronaut/caffeine/cache/SISMSR.class
target/shopcart-0.3.6/io/micronaut/caffeine/cache/PSARMW.class
target/shopcart-0.3.6/io/micronaut/caffeine/cache/SIMWWR.class
target/shopcart-0.3.6/io/micronaut/caffeine/cache/WIMW.class
target/shopcart-0.3.6/io/micronaut/caffeine/cache/PSAWRMS.class
target/shopcart-0.3.6/io/micronaut/caffeine/cache/SSLR.class
target/shopcart-0.3.6/io/micronaut/caffeine/cache/AsyncCache.class
target/shopcart-0.3.6/io/micronaut/caffeine/cache/WSAWR.class
target/shopcart-0.3.6/io/micronaut/caffeine/cache/BaseMpscLinkedArrayQueuePad2.class
target/shopcart-0.3.6/io/micronaut/caffeine/cache/LocalAsyncCache$AsMapView$EntrySet$1.class
target/shopcart-0.3.6/io/micronaut/caffeine/cache/FWAMS.class
target/shopcart-0.3.6/io/micronaut/caffeine/cache/FSAW.class
target/shopcart-0.3.6/io/micronaut/caffeine/cache/LocalLoadingCache.class
target/shopcart-0.3.6/io/micronaut/caffeine/cache/BoundedLocalCache$BoundedPolicy$BoundedRefreshAfterWrite.class
target/shopcart-0.3.6/io/micronaut/caffeine/cache/UnboundedLocalCache$EntryIterator.class
target/shopcart-0.3.6/io/micronaut/caffeine/cache/SILMSWR.class
target/shopcart-0.3.6/io/micronaut/caffeine/cache/SIMSR.class
target/shopcart-0.3.6/io/micronaut/caffeine/cache/DisabledTicker.class
target/shopcart-0.3.6/io/micronaut/caffeine/cache/WISMSW.class
target/shopcart-0.3.6/io/micronaut/caffeine/cache/WISAR.class
target/shopcart-0.3.6/io/micronaut/caffeine/cache/SIMWAWR.class
target/shopcart-0.3.6/io/micronaut/caffeine/cache/WILSAW.class
target/shopcart-0.3.6/io/micronaut/caffeine/cache/MpscChunkedArrayQueueColdProducerFields.class
target/shopcart-0.3.6/io/micronaut/caffeine/cache/WISMS.class
target/shopcart-0.3.6/io/micronaut/caffeine/cache/WISMWWR.class
target/shopcart-0.3.6/io/micronaut/caffeine/cache/SISMWAW.class
target/shopcart-0.3.6/io/micronaut/caffeine/cache/SSLWR.class
target/shopcart-0.3.6/io/micronaut/caffeine/cache/PWW.class
target/shopcart-0.3.6/io/micronaut/caffeine/cache/WriteOrderDeque$WriteOrder.class
target/shopcart-0.3.6/io/micronaut/caffeine/cache/SILMSAR.class
target/shopcart-0.3.6/io/micronaut/caffeine/cache/PSAMW.class
target/shopcart-0.3.6/io/micronaut/caffeine/cache/SIW.class
target/shopcart-0.3.6/io/micronaut/caffeine/cache/BoundedLocalCache$BoundedLocalAsyncLoadingCache$AsyncLoader.class
target/shopcart-0.3.6/io/micronaut/caffeine/cache/PSAW.class
target/shopcart-0.3.6/io/micronaut/caffeine/cache/FDAWR.class
target/shopcart-0.3.6/io/micronaut/caffeine/cache/BBHeader$ReadCounterRef.class
target/shopcart-0.3.6/io/micronaut/caffeine/cache/SSLSMWWR.class
target/shopcart-0.3.6/io/micronaut/caffeine/cache/FSWMS.class
target/shopcart-0.3.6/io/micronaut/caffeine/cache/PDWRMW.class
target/shopcart-0.3.6/io/micronaut/caffeine/cache/BoundedLocalCache$BoundedLocalManualCache.class
target/shopcart-0.3.6/io/micronaut/caffeine/cache/Ticker.class
target/shopcart-0.3.6/io/micronaut/caffeine/cache/SISR.class
target/shopcart-0.3.6/io/micronaut/caffeine/cache/RemovalListener.class
target/shopcart-0.3.6/io/micronaut/caffeine/cache/BaseMpscLinkedArrayQueuePad1.class
target/shopcart-0.3.6/io/micronaut/caffeine/cache/WILSMW.class
target/shopcart-0.3.6/io/micronaut/caffeine/cache/SIMSAR.class
target/shopcart-0.3.6/io/micronaut/caffeine/cache/WILMSR.class
target/shopcart-0.3.6/io/micronaut/caffeine/cache/SILSMSR.class
target/shopcart-0.3.6/io/micronaut/caffeine/cache/SILSMSAR.class
target/shopcart-0.3.6/io/micronaut/caffeine/cache/WSAW.class
target/shopcart-0.3.6/io/micronaut/caffeine/cache/SIMWW.class
target/shopcart-0.3.6/io/micronaut/caffeine/cache/BoundedLocalCache$UpdateTask.class
target/shopcart-0.3.6/io/micronaut/caffeine/cache/AbstractLinkedDeque$1.class
target/shopcart-0.3.6/io/micronaut/caffeine/cache/LocalAsyncCache$AsMapView.class
target/shopcart-0.3.6/io/micronaut/caffeine/cache/WISMWR.class
target/shopcart-0.3.6/io/micronaut/caffeine/cache/SSSMSA.class
target/shopcart-0.3.6/io/micronaut/caffeine/cache/SSLSAR.class
target/shopcart-0.3.6/io/micronaut/caffeine/cache/Caffeine.class
target/shopcart-0.3.6/io/micronaut/caffeine/cache/SISMWWR.class
target/shopcart-0.3.6/io/micronaut/caffeine/cache/WSSMSW.class
target/shopcart-0.3.6/io/micronaut/caffeine/cache/Async$AsyncWeigher.class
target/shopcart-0.3.6/io/micronaut/caffeine/cache/UnsafeRefArrayAccess.class
target/shopcart-0.3.6/io/micronaut/caffeine/cache/WSMWA.class
target/shopcart-0.3.6/io/micronaut/caffeine/cache/WILMSW.class
target/shopcart-0.3.6/io/micronaut/caffeine/cache/AccessOrderDeque$AccessOrder.class
target/shopcart-0.3.6/io/micronaut/caffeine/cache/SILAR.class
target/shopcart-0.3.6/io/micronaut/caffeine/cache/FSWMW.class
target/shopcart-0.3.6/io/micronaut/caffeine/cache/FWR.class
target/shopcart-0.3.6/io/micronaut/caffeine/cache/WSLSAWR.class
target/shopcart-0.3.6/io/micronaut/caffeine/cache/SSL.class
target/shopcart-0.3.6/io/micronaut/caffeine/cache/FWAWRMS.class
target/shopcart-0.3.6/io/micronaut/caffeine/cache/Async.class
target/shopcart-0.3.6/io/micronaut/caffeine/cache/WILSMSW.class
target/shopcart-0.3.6/io/micronaut/caffeine/cache/SIWR.class
target/shopcart-0.3.6/io/micronaut/caffeine/cache/WSSAWR.class
target/shopcart-0.3.6/io/micronaut/caffeine/cache/LocalAsyncCache$AsyncBulkCompleter$NullMapCompletionException.class
target/shopcart-0.3.6/io/micronaut/caffeine/cache/WSLSMWR.class
target/shopcart-0.3.6/io/micronaut/caffeine/cache/WSSMWA.class
target/shopcart-0.3.6/io/micronaut/caffeine/cache/BoundedLocalCache$ValuesView.class
target/shopcart-0.3.6/io/micronaut/caffeine/cache/SIAWR.class
target/shopcart-0.3.6/io/micronaut/caffeine/cache/PD.class
target/shopcart-0.3.6/io/micronaut/caffeine/cache/FDAW.class
target/shopcart-0.3.6/io/micronaut/caffeine/cache/WILR.class
target/shopcart-0.3.6/io/micronaut/caffeine/cache/FD.class
target/shopcart-0.3.6/io/micronaut/caffeine/cache/WIW.class
target/shopcart-0.3.6/io/micronaut/caffeine/cache/PSWMS.class
target/shopcart-0.3.6/io/micronaut/caffeine/cache/References$SoftValueReference.class
target/shopcart-0.3.6/io/micronaut/caffeine/cache/WSLSR.class
target/shopcart-0.3.6/io/micronaut/caffeine/cache/PWAW.class
target/shopcart-0.3.6/io/micronaut/caffeine/cache/SSW.class
target/shopcart-0.3.6/io/micronaut/caffeine/cache/SSWR.class
target/shopcart-0.3.6/io/micronaut/caffeine/cache/FSA.class
target/shopcart-0.3.6/io/micronaut/caffeine/cache/WILSMSA.class
target/shopcart-0.3.6/io/micronaut/caffeine/cache/FSWRMW.class
target/shopcart-0.3.6/io/micronaut/caffeine/cache/FWWMW.class
target/shopcart-0.3.6/io/micronaut/caffeine/cache/BLCHeader.class
target/shopcart-0.3.6/io/micronaut/caffeine/cache/WILSWR.class
target/shopcart-0.3.6/io/micronaut/logging/LoggingSystem.class
target/shopcart-0.3.6/io/micronaut/caffeine/cache/WSMW.class
target/shopcart-0.3.6/io/micronaut/caffeine/cache/FDWRMW.class
target/shopcart-0.3.6/io/micronaut/caffeine/cache/SSAR.class
target/shopcart-0.3.6/io/micronaut/caffeine/cache/SILWR.class
target/shopcart-0.3.6/io/micronaut/caffeine/cache/SISA.class
target/shopcart-0.3.6/io/micronaut/logging/LogLevel.class
target/shopcart-0.3.6/io/micronaut/logging/$PropertiesLoggingLevelsConfigurer$Definition.class
target/shopcart-0.3.6/io/micronaut/caffeine/SingleConsumerQueue$1.class
target/shopcart-0.3.6/io/micronaut/caffeine/SCQHeader$HeadAndTailRef.class
target/shopcart-0.3.6/io/micronaut/logging/$PropertiesLoggingLevelsConfigurer$Definition$Reference.class
target/shopcart-0.3.6/io/micronaut/logging/impl/$LogbackLoggingSystem$Definition.class
target/shopcart-0.3.6/io/micronaut/logging/impl/LogbackLoggingSystem.class
target/shopcart-0.3.6/io/micronaut/logging/$LogLevel$Introspection.class
target/shopcart-0.3.6/io/micronaut/logging/impl/Log4jLoggingSystem.class
target/shopcart-0.3.6/io/micronaut/logging/PropertiesLoggingLevelsConfigurer.class
target/shopcart-0.3.6/io/micronaut/logging/impl/$Log4jLoggingSystem$Definition.class
target/shopcart-0.3.6/io/micronaut/logging/impl/$Log4jLoggingSystem$Definition$Reference.class
target/shopcart-0.3.6/io/micronaut/logging/$LogLevel$IntrospectionRef.class
target/shopcart-0.3.6/io/micronaut/logging/impl/$LogbackLoggingSystem$Definition$Reference.class
target/shopcart-0.3.6/io/micronaut/context/annotation/Requirements.class
target/shopcart-0.3.6/io/micronaut/context/AbstractBeanResolutionContext$MethodSegment.class
target/shopcart-0.3.6/io/micronaut/context/BeanDefinitionDelegate$ProxyValidatingBeanDefinition.class
target/shopcart-0.3.6/io/micronaut/context/DefaultBeanContext$BeanExecutionHandle.class
target/shopcart-0.3.6/io/micronaut/context/DefaultCustomScopeRegistry$InjectScopeImpl.class
target/shopcart-0.3.6/io/micronaut/context/AbstractBeanDefinitionReference.class
target/shopcart-0.3.6/io/micronaut/context/annotation/AliasFor.class
target/shopcart-0.3.6/io/micronaut/context/annotation/Primary.class
target/shopcart-0.3.6/io/micronaut/context/annotation/ConfigurationInject.class
target/shopcart-0.3.6/io/micronaut/context/AbstractBeanContextConditional.class
target/shopcart-0.3.6/io/micronaut/context/annotation/Aliases.class
target/shopcart-0.3.6/io/micronaut/context/annotation/EachProperty.class
target/shopcart-0.3.6/io/micronaut/context/annotation/InjectScope.class
target/shopcart-0.3.6/io/micronaut/context/annotation/Any.class
target/shopcart-0.3.6/io/micronaut/context/annotation/Context.class
target/shopcart-0.3.6/io/micronaut/context/annotation/BootstrapContextCompatible.class
target/shopcart-0.3.6/io/micronaut/context/annotation/PropertySource.class
target/shopcart-0.3.6/io/micronaut/context/annotation/ConfigurationBuilder.class
target/shopcart-0.3.6/io/micronaut/context/annotation/Bean.class
target/shopcart-0.3.6/io/micronaut/context/annotation/DefaultImplementation.class
target/shopcart-0.3.6/io/micronaut/context/annotation/Value.class
target/shopcart-0.3.6/io/micronaut/context/annotation/DefaultScope.class
target/shopcart-0.3.6/io/micronaut/context/annotation/EachBean.class
target/shopcart-0.3.6/io/micronaut/context/annotation/Provided.class
target/shopcart-0.3.6/io/micronaut/context/annotation/ContextConfigurer.class
target/shopcart-0.3.6/io/micronaut/context/annotation/Infrastructure.class
target/shopcart-0.3.6/io/micronaut/context/annotation/Import.class
target/shopcart-0.3.6/io/micronaut/context/annotation/ConfigurationReader.class
target/shopcart-0.3.6/io/micronaut/context/annotation/Property.class
target/shopcart-0.3.6/io/micronaut/context/annotation/Configuration.class
target/shopcart-0.3.6/io/micronaut/context/annotation/Parallel.class
target/shopcart-0.3.6/io/micronaut/context/annotation/Factory.class
target/shopcart-0.3.6/io/micronaut/context/annotation/Type.class
target/shopcart-0.3.6/io/micronaut/context/annotation/NonBinding.class
target/shopcart-0.3.6/io/micronaut/context/annotation/Replaces.class
target/shopcart-0.3.6/io/micronaut/context/annotation/Requires$Family.class
target/shopcart-0.3.6/io/micronaut/context/annotation/Executable.class
target/shopcart-0.3.6/io/micronaut/context/annotation/Prototype.class
target/shopcart-0.3.6/io/micronaut/context/annotation/Requires.class
target/shopcart-0.3.6/io/micronaut/context/annotation/ConfigurationProperties.class
target/shopcart-0.3.6/io/micronaut/context/annotation/Parameter.class
target/shopcart-0.3.6/io/micronaut/context/annotation/Secondary.class
target/shopcart-0.3.6/io/micronaut/context/env/ActiveEnvironment.class
target/shopcart-0.3.6/io/micronaut/context/env/DefaultPropertyPlaceholderResolver$Segment.class
target/shopcart-0.3.6/io/micronaut/context/env/MapPropertySource.class
target/shopcart-0.3.6/io/micronaut/context/annotation/Requires$Sdk.class
target/shopcart-0.3.6/io/micronaut/context/env/AbstractPropertySourceLoader$1.class
target/shopcart-0.3.6/io/micronaut/context/env/ComputePlatform.class
target/shopcart-0.3.6/io/micronaut/context/env/PropertySource$2.class
target/shopcart-0.3.6/io/micronaut/context/env/CommandLinePropertySource.class
target/shopcart-0.3.6/io/micronaut/context/env/PropertySource.class
target/shopcart-0.3.6/io/micronaut/context/env/DefaultPropertyPlaceholderResolver$PlaceholderSegment.class
target/shopcart-0.3.6/io/micronaut/context/env/PropertySourceLoader.class
target/shopcart-0.3.6/io/micronaut/context/env/Environment.class
target/shopcart-0.3.6/io/micronaut/context/env/MapPropertySource$1.class
target/shopcart-0.3.6/io/micronaut/context/env/PropertySourceLocator.class
target/shopcart-0.3.6/io/micronaut/context/env/PropertiesPropertySourceLoader.class
target/shopcart-0.3.6/io/micronaut/context/env/AbstractPropertySourceLoader.class
target/shopcart-0.3.6/io/micronaut/context/env/PropertySource$PropertyConvention.class
target/shopcart-0.3.6/io/micronaut/context/env/ConstantPropertySources.class
target/shopcart-0.3.6/io/micronaut/context/env/ActiveEnvironment$1.class
target/shopcart-0.3.6/io/micronaut/context/env/EmptyPropertySource.class
target/shopcart-0.3.6/io/micronaut/context/env/DefaultPropertyPlaceholderResolver$RawSegment.class
target/shopcart-0.3.6/io/micronaut/context/env/CachedEnvironment.class
target/shopcart-0.3.6/io/micronaut/context/env/PropertySourcePropertyResolver$PropertyCatalog.class
target/shopcart-0.3.6/io/micronaut/context/env/BootstrapPropertySourceLocator.class
target/shopcart-0.3.6/io/micronaut/context/env/PropertySourcePropertyResolver$1.class
target/shopcart-0.3.6/io/micronaut/context/env/SystemPropertiesPropertySource.class
target/shopcart-0.3.6/io/micronaut/context/env/yaml/CustomSafeConstructor.class
target/shopcart-0.3.6/io/micronaut/context/env/PropertyPlaceholderResolver.class
target/shopcart-0.3.6/io/micronaut/context/env/KubernetesEnvironmentPropertySource.class
target/shopcart-0.3.6/io/micronaut/context/env/DefaultEnvironment$1.class
target/shopcart-0.3.6/io/micronaut/context/env/DefaultEnvironment$EnvironmentsAndPackage.class
target/shopcart-0.3.6/io/micronaut/context/AbstractBeanResolutionContext$FieldSegment.class
target/shopcart-0.3.6/io/micronaut/context/env/yaml/YamlPropertySourceLoader.class
target/shopcart-0.3.6/io/micronaut/context/BeanDefinitionDelegate$1.class
target/shopcart-0.3.6/io/micronaut/context/env/EmptyPropertySource$1.class
target/shopcart-0.3.6/io/micronaut/context/env/PropertySourceReader.class
target/shopcart-0.3.6/io/micronaut/context/env/PropertySourcePropertyResolver.class
target/shopcart-0.3.6/io/micronaut/context/env/EnvironmentPropertySource.class
target/shopcart-0.3.6/io/micronaut/context/env/PropertySource$1.class
target/shopcart-0.3.6/io/micronaut/context/env/DefaultEnvironment.class
target/shopcart-0.3.6/io/micronaut/context/DefaultConstructorInjectionPoint.class
target/shopcart-0.3.6/io/micronaut/context/EnvironmentAwareArgument$ArgumentAnnotationMetadata.class
target/shopcart-0.3.6/io/micronaut/context/visitor/BeanImportHandler.class
target/shopcart-0.3.6/io/micronaut/context/MessageSource$MessageContext.class
target/shopcart-0.3.6/io/micronaut/context/env/DefaultPropertyPlaceholderResolver.class
target/shopcart-0.3.6/io/micronaut/context/DefaultApplicationContext$BootstrapEnvironment.class
target/shopcart-0.3.6/io/micronaut/context/AbstractExecutableMethod$MethodAnnotationMetadata.class
target/shopcart-0.3.6/io/micronaut/context/ApplicationContextProvider.class
target/shopcart-0.3.6/io/micronaut/context/DefaultCustomScopeRegistry$1.class
target/shopcart-0.3.6/io/micronaut/context/visitor/BeanImportVisitor.class
target/shopcart-0.3.6/io/micronaut/context/BeanContext.class
target/shopcart-0.3.6/io/micronaut/context/visitor/ContextConfigurerVisitor.class
target/shopcart-0.3.6/io/micronaut/context/ReflectionConstructorInjectionPoint.class
target/shopcart-0.3.6/io/micronaut/context/ProviderUtils$MemoizingProvider.class
target/shopcart-0.3.6/io/micronaut/context/ApplicationContext.class
target/shopcart-0.3.6/io/micronaut/context/DefaultConstructorInjectionPoint$ConstructorAnnotationMetadata.class
target/shopcart-0.3.6/io/micronaut/context/ApplicationContextLifeCycle.class
target/shopcart-0.3.6/io/micronaut/context/DefaultApplicationContext$1.class
target/shopcart-0.3.6/io/micronaut/context/DefaultConditionContext.class
target/shopcart-0.3.6/io/micronaut/context/AbstractExecutableMethodsDefinition$1.class
target/shopcart-0.3.6/io/micronaut/context/ProviderUtils.class
target/shopcart-0.3.6/io/micronaut/context/DefaultBeanContext$7.class
target/shopcart-0.3.6/io/micronaut/context/AbstractMessageSource.class
target/shopcart-0.3.6/io/micronaut/context/LifeCycle.class
target/shopcart-0.3.6/io/micronaut/context/AbstractInitializableBeanDefinition$BeanAnnotationMetadata.class
target/shopcart-0.3.6/io/micronaut/context/DefaultBeanResolutionContext.class
target/shopcart-0.3.6/io/micronaut/context/DefaultApplicationContext$BootstrapEnvironment$1.class
target/shopcart-0.3.6/io/micronaut/context/AbstractExecutableMethodsDefinition$MethodAnnotationMetadata.class
target/shopcart-0.3.6/io/micronaut/context/BeanContextConfiguration.class
target/shopcart-0.3.6/io/micronaut/context/BeanResolutionContext.class
target/shopcart-0.3.6/io/micronaut/context/BeanDefinitionDelegate.class
target/shopcart-0.3.6/io/micronaut/context/BeanDefinitionDelegate$LifeCycleValidatingDelegate.class
target/shopcart-0.3.6/io/micronaut/context/BeanDefinitionDelegate$ProxyDisposableBeanDefinition.class
target/shopcart-0.3.6/io/micronaut/context/ProxyTarget.class
target/shopcart-0.3.6/io/micronaut/context/DefaultBeanContext$ObjectExecutionHandle.class
target/shopcart-0.3.6/io/micronaut/context/AbstractParametrizedBeanDefinition.class
target/shopcart-0.3.6/io/micronaut/context/BeanResolutionContext$Path.class
target/shopcart-0.3.6/io/micronaut/context/ReflectionMethodConstructorInjectionPoint.class
target/shopcart-0.3.6/io/micronaut/context/InitializableBeanContext.class
target/shopcart-0.3.6/io/micronaut/context/AbstractBeanResolutionContext.class
target/shopcart-0.3.6/io/micronaut/context/DefaultFieldInjectionPoint.class
target/shopcart-0.3.6/io/micronaut/context/DefaultApplicationContext$RuntimeConfiguredEnvironment.class
target/shopcart-0.3.6/io/micronaut/context/AbstractBeanResolutionContext$DefaultPath.class
target/shopcart-0.3.6/io/micronaut/context/MessageSource$MessageContext$1.class
target/shopcart-0.3.6/io/micronaut/context/ApplicationContextConfiguration.class
target/shopcart-0.3.6/io/micronaut/context/AbstractInitializableBeanDefinition$MethodOrFieldReference.class
target/shopcart-0.3.6/io/micronaut/context/DefaultFieldInjectionPoint$FieldAnnotationMetadata.class
target/shopcart-0.3.6/io/micronaut/context/AbstractExecutableMethod.class
target/shopcart-0.3.6/io/micronaut/context/AnnotationProcessorListener.class
target/shopcart-0.3.6/io/micronaut/context/AbstractConstructorInjectionPoint.class
target/shopcart-0.3.6/io/micronaut/context/MissingMethodInjectionPoint.class
target/shopcart-0.3.6/io/micronaut/context/ApplicationContextConfigurer$1.class
target/shopcart-0.3.6/io/micronaut/context/BeanDefinitionDelegate$ValidatingDelegate.class
target/shopcart-0.3.6/io/micronaut/context/DefaultMethodInjectionPoint$MethodAnnotationMetadata.class
target/shopcart-0.3.6/io/micronaut/context/ReflectionMethodInjectionPoint.class
target/shopcart-0.3.6/io/micronaut/context/DefaultBeanContext$5.class
target/shopcart-0.3.6/io/micronaut/context/converters/ContextConverterRegistrar$MissingClass.class
target/shopcart-0.3.6/io/micronaut/context/RequiresCondition$1.class
target/shopcart-0.3.6/io/micronaut/context/DefaultFieldConstructorInjectionPoint.class
target/shopcart-0.3.6/io/micronaut/context/DefaultApplicationContext$BootstrapPropertySource.class
target/shopcart-0.3.6/io/micronaut/context/AbstractInitializableBeanDefinition$MethodReference.class
target/shopcart-0.3.6/io/micronaut/context/ApplicationContextBuilder.class
target/shopcart-0.3.6/io/micronaut/context/AbstractBeanResolutionContext$AbstractSegment.class
target/shopcart-0.3.6/io/micronaut/context/AbstractMessageSource$MessageKey.class
target/shopcart-0.3.6/io/micronaut/context/AbstractExecutableMethod$ReturnTypeImpl.class
target/shopcart-0.3.6/io/micronaut/context/DefaultApplicationContextBuilder$1.class
target/shopcart-0.3.6/io/micronaut/context/EnvironmentConfigurable.class
target/shopcart-0.3.6/io/micronaut/context/AbstractBeanConfiguration.class
target/shopcart-0.3.6/io/micronaut/context/DefaultMethodConstructorInjectionPoint.class
target/shopcart-0.3.6/io/micronaut/context/DefaultCustomScopeRegistry.class
target/shopcart-0.3.6/io/micronaut/context/AbstractExecutable.class
target/shopcart-0.3.6/io/micronaut/context/DefaultBeanContext$BeanDisposingRegistration.class
target/shopcart-0.3.6/io/micronaut/context/BeanDefinitionDelegate$LifeCycleDelegate.class
target/shopcart-0.3.6/io/micronaut/context/DefaultBeanContext$BeanKey.class
target/shopcart-0.3.6/io/micronaut/context/converters/ContextConverterRegistrar.class
target/shopcart-0.3.6/io/micronaut/context/BeanDefinitionRegistry.class
target/shopcart-0.3.6/io/micronaut/context/condition/Condition.class
target/shopcart-0.3.6/io/micronaut/context/DefaultBeanContext$4.class
target/shopcart-0.3.6/io/micronaut/context/ExecutionHandleLocator.class
target/shopcart-0.3.6/io/micronaut/context/AbstractBeanDefinition$BeanAnnotationMetadata.class
target/shopcart-0.3.6/io/micronaut/context/DefaultApplicationContext$BootstrapApplicationContext.class
target/shopcart-0.3.6/io/micronaut/context/DefaultMethodInjectionPoint.class
target/shopcart-0.3.6/io/micronaut/context/condition/Failure.class
target/shopcart-0.3.6/io/micronaut/context/condition/TrueCondition.class
target/shopcart-0.3.6/io/micronaut/context/DefaultBeanContext$3.class
target/shopcart-0.3.6/io/micronaut/context/condition/ConditionContext.class
target/shopcart-0.3.6/io/micronaut/context/condition/OperatingSystem.class
target/shopcart-0.3.6/io/micronaut/context/StaticMessageSource.class
target/shopcart-0.3.6/io/micronaut/context/AbstractBeanResolutionContext$ConstructorSegment$1.class
target/shopcart-0.3.6/io/micronaut/context/scope/BeanCreationContext.class
target/shopcart-0.3.6/io/micronaut/context/scope/CustomScope.class
target/shopcart-0.3.6/io/micronaut/context/DefaultBeanContext$2.class
target/shopcart-0.3.6/io/micronaut/context/DefaultBeanContext$AbstractExecutionHandle.class
target/shopcart-0.3.6/io/micronaut/context/scope/CreatedBean.class
target/shopcart-0.3.6/io/micronaut/context/event/ApplicationEventListener.class
target/shopcart-0.3.6/io/micronaut/context/scope/CustomScopeRegistry.class
target/shopcart-0.3.6/io/micronaut/context/DefaultBeanContext$1.class
target/shopcart-0.3.6/io/micronaut/context/event/BeanDestroyedEventListener.class
target/shopcart-0.3.6/io/micronaut/context/event/BeanPreDestroyEvent.class
target/shopcart-0.3.6/io/micronaut/context/event/BeanDestroyedEvent.class
target/shopcart-0.3.6/io/micronaut/context/scope/AbstractConcurrentCustomScope.class
target/shopcart-0.3.6/io/micronaut/context/event/ApplicationEventPublisherFactory$2.class
target/shopcart-0.3.6/io/micronaut/context/event/BeanEvent.class
target/shopcart-0.3.6/io/micronaut/context/event/BeanPreDestroyEventListener.class
target/shopcart-0.3.6/io/micronaut/context/event/NoOpApplicationEventPublisher.class
target/shopcart-0.3.6/io/micronaut/context/event/BeanContextEvent.class
target/shopcart-0.3.6/io/micronaut/context/event/BeanInitializingEvent.class
target/shopcart-0.3.6/io/micronaut/context/event/ShutdownEvent.class
target/shopcart-0.3.6/io/micronaut/context/event/ApplicationEventPublisher.class
target/shopcart-0.3.6/io/micronaut/context/MessageSource.class
target/shopcart-0.3.6/io/micronaut/context/RequiresCondition.class
target/shopcart-0.3.6/io/micronaut/context/AbstractInitializableBeanDefinition.class
target/shopcart-0.3.6/io/micronaut/context/event/ApplicationEvent.class
target/shopcart-0.3.6/io/micronaut/context/event/BeanInitializedEventListener.class
target/shopcart-0.3.6/io/micronaut/context/event/BeanCreatedEventListener.class
target/shopcart-0.3.6/io/micronaut/context/event/StartupEvent.class
target/shopcart-0.3.6/io/micronaut/context/event/BeanCreatedEvent.class
target/shopcart-0.3.6/io/micronaut/context/AbstractBeanResolutionContext$ConstructorArgumentSegment.class
target/shopcart-0.3.6/io/micronaut/context/AbstractBeanDefinition$BeanResolver.class
target/shopcart-0.3.6/io/micronaut/context/DefaultBeanContext.class
target/shopcart-0.3.6/io/micronaut/context/event/ApplicationEventPublisherFactory$1.class
target/shopcart-0.3.6/io/micronaut/context/ReflectionFieldInjectionPoint.class
target/shopcart-0.3.6/io/micronaut/context/ApplicationContextConfigurer.class
target/shopcart-0.3.6/io/micronaut/context/DefaultBeanContext$NoInjectionBeanDefinition.class
target/shopcart-0.3.6/io/micronaut/context/AbstractBeanDefinition$MethodKey.class
target/shopcart-0.3.6/io/micronaut/context/AbstractExecutableMethodsDefinition.class
target/shopcart-0.3.6/io/micronaut/context/Qualifier.class
target/shopcart-0.3.6/io/micronaut/context/ExecutionHandleLocator$1.class
target/shopcart-0.3.6/io/micronaut/context/event/ApplicationEventPublisherFactory.class
target/shopcart-0.3.6/io/micronaut/context/AbstractExecutableMethodsDefinition$MethodReference.class
target/shopcart-0.3.6/io/micronaut/context/BeanDefinitionDelegate$ProxyInitializingBeanDefinition.class
target/shopcart-0.3.6/io/micronaut/context/DefaultMessageContext.class
target/shopcart-0.3.6/io/micronaut/context/DefaultBeanContext$SingletonBeanResolutionContext.class
target/shopcart-0.3.6/io/micronaut/context/exceptions/DisabledBeanException.class
target/shopcart-0.3.6/io/micronaut/context/exceptions/BeanDestructionException.class
target/shopcart-0.3.6/io/micronaut/context/BeanProvider.class
target/shopcart-0.3.6/io/micronaut/context/AbstractBeanDefinition.class
target/shopcart-0.3.6/io/micronaut/context/exceptions/BeanCreationException.class
target/shopcart-0.3.6/io/micronaut/context/exceptions/CircularDependencyException.class
target/shopcart-0.3.6/io/micronaut/context/exceptions/BeanInstantiationException.class
target/shopcart-0.3.6/io/micronaut/context/exceptions/BeanContextException.class
target/shopcart-0.3.6/io/micronaut/context/exceptions/NoSuchBeanException.class
target/shopcart-0.3.6/io/micronaut/context/exceptions/ConfigurationException.class
target/shopcart-0.3.6/io/micronaut/context/BeanResolutionContext$Segment.class
target/shopcart-0.3.6/io/micronaut/context/banner/Banner.class
target/shopcart-0.3.6/io/micronaut/context/exceptions/MessageUtils.class
target/shopcart-0.3.6/io/micronaut/context/exceptions/NoSuchMessageException.class
target/shopcart-0.3.6/io/micronaut/context/EnvironmentAwareArgument.class
target/shopcart-0.3.6/io/micronaut/context/exceptions/NonUniqueBeanException.class
target/shopcart-0.3.6/io/micronaut/context/exceptions/DependencyInjectionException.class
target/shopcart-0.3.6/io/micronaut/context/AbstractInitializableBeanDefinitionReference.class
target/shopcart-0.3.6/io/micronaut/context/DefaultBeanContext$6.class
target/shopcart-0.3.6/io/micronaut/context/banner/MicronautBanner.class
target/shopcart-0.3.6/io/micronaut/context/banner/ResourceBanner.class
target/shopcart-0.3.6/io/micronaut/context/AbstractBeanResolutionContext$MethodArgumentSegment.class
target/shopcart-0.3.6/io/micronaut/context/AbstractInitializableBeanDefinition$FieldReference.class
target/shopcart-0.3.6/io/micronaut/context/DefaultApplicationContextBuilder.class
target/shopcart-0.3.6/io/micronaut/context/processor/AnnotationProcessor.class
target/shopcart-0.3.6/io/micronaut/context/AbstractExecutableMethodsDefinition$DispatchedExecutableMethod.class
target/shopcart-0.3.6/io/micronaut/context/processor/ExecutableMethodProcessor.class
target/shopcart-0.3.6/io/micronaut/context/MessageSource$1.class
target/shopcart-0.3.6/io/micronaut/context/DefaultApplicationContext.class
target/shopcart-0.3.6/io/micronaut/context/processor/BeanDefinitionProcessor.class
target/shopcart-0.3.6/io/micronaut/aop/ConstructorInvocationContext.class
target/shopcart-0.3.6/io/micronaut/aop/InterceptedProxy.class
target/shopcart-0.3.6/io/micronaut/context/BeanLocator.class
target/shopcart-0.3.6/io/micronaut/context/BeanRegistration.class
target/shopcart-0.3.6/io/micronaut/aop/InterceptPhase.class
target/shopcart-0.3.6/io/micronaut/aop/Interceptor.class
target/shopcart-0.3.6/io/micronaut/aop/HotSwappableInterceptedProxy.class
target/shopcart-0.3.6/io/micronaut/aop/Around.class
target/shopcart-0.3.6/io/micronaut/aop/MethodInvocationContext.class
target/shopcart-0.3.6/io/micronaut/context/AbstractBeanResolutionContext$ConstructorSegment.class
target/shopcart-0.3.6/io/micronaut/aop/InterceptedMethod$ResultType.class
target/shopcart-0.3.6/io/micronaut/context/i18n/ResourceBundleMessageSource.class
target/shopcart-0.3.6/io/micronaut/aop/AroundConstruct.class
target/shopcart-0.3.6/io/micronaut/aop/InterceptorBean.class
target/shopcart-0.3.6/io/micronaut/aop/Introduction.class
target/shopcart-0.3.6/io/micronaut/aop/Introduced.class
target/shopcart-0.3.6/io/micronaut/aop/writer/AopProxyWriter$MethodRef.class
target/shopcart-0.3.6/io/micronaut/aop/internal/InterceptorRegistryBean.class
target/shopcart-0.3.6/io/micronaut/aop/internal/InterceptorBeanMapper.class
target/shopcart-0.3.6/io/micronaut/aop/internal/intercepted/InterceptedMethodUtil.class
target/shopcart-0.3.6/io/micronaut/aop/Adapter$InternalAttributes.class
target/shopcart-0.3.6/io/micronaut/aop/Adapter.class
target/shopcart-0.3.6/io/micronaut/aop/internal/intercepted/SynchronousInterceptedMethod.class
target/shopcart-0.3.6/io/micronaut/aop/internal/intercepted/PublisherInterceptedMethod.class
target/shopcart-0.3.6/io/micronaut/aop/InterceptorKind.class
target/shopcart-0.3.6/io/micronaut/aop/internal/intercepted/CompletionStageInterceptedMethod.class
target/shopcart-0.3.6/io/micronaut/aop/Intercepted.class
target/shopcart-0.3.6/io/micronaut/aop/util/CompletableFutureContinuation$Companion.class
target/shopcart-0.3.6/io/micronaut/aop/ConstructorInterceptor.class
target/shopcart-0.3.6/io/micronaut/aop/Around$ProxyTargetConstructorMode.class
target/shopcart-0.3.6/io/micronaut/aop/internal/intercepted/KotlinInterceptedMethod.class
target/shopcart-0.3.6/io/micronaut/aop/exceptions/UnimplementedAdviceException.class
target/shopcart-0.3.6/io/micronaut/aop/InterceptorBinding.class
target/shopcart-0.3.6/io/micronaut/aop/MethodInterceptor.class
target/shopcart-0.3.6/io/micronaut/aop/InvocationContext.class
target/shopcart-0.3.6/io/micronaut/aop/InterceptorBindingDefinitions.class
target/shopcart-0.3.6/io/micronaut/aop/util/DelegatingContextContinuation.class
target/shopcart-0.3.6/io/micronaut/aop/chain/package-info.class
target/shopcart-0.3.6/io/micronaut/aop/util/CompletableFutureContinuation.class
target/shopcart-0.3.6/io/micronaut/aop/kotlin/KotlinInterceptedMethod.class
target/shopcart-0.3.6/io/micronaut/aop/InterceptedMethod.class
target/shopcart-0.3.6/io/micronaut/aop/chain/AbstractInterceptorChain$1.class
target/shopcart-0.3.6/io/micronaut/aop/chain/ConstructorInterceptorChain.class
target/shopcart-0.3.6/io/micronaut/aop/chain/AbstractInterceptorChain.class
target/shopcart-0.3.6/io/micronaut/aop/InterceptorRegistry.class
target/shopcart-0.3.6/io/micronaut/asm/AnnotationVisitor.class
target/shopcart-0.3.6/io/micronaut/asm/commons/TryCatchBlockSorter$1.class
target/shopcart-0.3.6/io/micronaut/aop/chain/MethodInterceptorChain.class
target/shopcart-0.3.6/io/micronaut/asm/Handle.class
target/shopcart-0.3.6/io/micronaut/aop/chain/InterceptorChain.class
target/shopcart-0.3.6/io/micronaut/aop/chain/DefaultInterceptorRegistry.class
target/shopcart-0.3.6/io/micronaut/asm/Label.class
target/shopcart-0.3.6/io/micronaut/aop/chain/AdapterIntroduction.class
target/shopcart-0.3.6/io/micronaut/asm/commons/RecordComponentRemapper.class
target/shopcart-0.3.6/io/micronaut/asm/commons/Remapper.class
target/shopcart-0.3.6/io/micronaut/asm/commons/SerialVersionUIDAdder$Item.class
target/shopcart-0.3.6/io/micronaut/asm/commons/ModuleHashesAttribute.class
target/shopcart-0.3.6/io/micronaut/asm/commons/ModuleRemapper.class
target/shopcart-0.3.6/io/micronaut/asm/commons/StaticInitMerger.class
target/shopcart-0.3.6/io/micronaut/asm/commons/ModuleTargetAttribute.class
target/shopcart-0.3.6/io/micronaut/asm/commons/ModuleResolutionAttribute.class
target/shopcart-0.3.6/io/micronaut/aop/writer/AopProxyWriter.class
target/shopcart-0.3.6/io/micronaut/asm/commons/LocalVariablesSorter.class
target/shopcart-0.3.6/io/micronaut/asm/commons/ClassRemapper.class
target/shopcart-0.3.6/io/micronaut/asm/commons/FieldRemapper.class
target/shopcart-0.3.6/io/micronaut/asm/commons/AnnotationRemapper.class
target/shopcart-0.3.6/io/micronaut/asm/commons/SimpleRemapper.class
target/shopcart-0.3.6/io/micronaut/asm/commons/TableSwitchGenerator.class
target/shopcart-0.3.6/io/micronaut/asm/commons/AdviceAdapter.class
target/shopcart-0.3.6/io/micronaut/asm/commons/CodeSizeEvaluator.class
target/shopcart-0.3.6/io/micronaut/asm/commons/SignatureRemapper.class
target/shopcart-0.3.6/io/micronaut/asm/commons/SerialVersionUIDAdder.class
target/shopcart-0.3.6/io/micronaut/asm/commons/JSRInlinerAdapter.class
target/shopcart-0.3.6/io/micronaut/asm/commons/Method.class
target/shopcart-0.3.6/io/micronaut/asm/commons/TryCatchBlockSorter.class
target/shopcart-0.3.6/io/micronaut/asm/commons/JSRInlinerAdapter$Instantiation.class
target/shopcart-0.3.6/io/micronaut/asm/tree/MultiANewArrayInsnNode.class
target/shopcart-0.3.6/io/micronaut/asm/tree/InvokeDynamicInsnNode.class
target/shopcart-0.3.6/io/micronaut/asm/commons/MethodRemapper.class
target/shopcart-0.3.6/io/micronaut/asm/tree/TypeAnnotationNode.class
target/shopcart-0.3.6/io/micronaut/asm/commons/AnalyzerAdapter.class
target/shopcart-0.3.6/io/micronaut/asm/tree/LineNumberNode.class
target/shopcart-0.3.6/io/micronaut/asm/tree/FrameNode.class
target/shopcart-0.3.6/io/micronaut/asm/commons/InstructionAdapter.class
target/shopcart-0.3.6/io/micronaut/asm/tree/ModuleOpenNode.class
target/shopcart-0.3.6/io/micronaut/asm/tree/AbstractInsnNode.class
target/shopcart-0.3.6/io/micronaut/asm/tree/MethodInsnNode.class
target/shopcart-0.3.6/io/micronaut/asm/tree/ParameterNode.class
target/shopcart-0.3.6/io/micronaut/asm/tree/FieldNode.class
target/shopcart-0.3.6/io/micronaut/asm/tree/RecordComponentNode.class
target/shopcart-0.3.6/io/micronaut/asm/tree/InsnNode.class
target/shopcart-0.3.6/io/micronaut/asm/tree/InnerClassNode.class
target/shopcart-0.3.6/io/micronaut/asm/tree/TableSwitchInsnNode.class
target/shopcart-0.3.6/io/micronaut/asm/tree/JumpInsnNode.class
target/shopcart-0.3.6/io/micronaut/asm/ClassWriter.class
target/shopcart-0.3.6/io/micronaut/asm/tree/ClassNode.class
target/shopcart-0.3.6/io/micronaut/asm/tree/ModuleNode.class
target/shopcart-0.3.6/io/micronaut/asm/tree/ModuleExportNode.class
target/shopcart-0.3.6/io/micronaut/asm/tree/analysis/SmallSet$IteratorImpl.class
target/shopcart-0.3.6/io/micronaut/asm/tree/LocalVariableNode.class
target/shopcart-0.3.6/io/micronaut/asm/tree/LdcInsnNode.class
target/shopcart-0.3.6/io/micronaut/asm/tree/MethodNode.class
target/shopcart-0.3.6/io/micronaut/asm/tree/MethodNode$1.class
target/shopcart-0.3.6/io/micronaut/asm/tree/analysis/Interpreter.class
target/shopcart-0.3.6/io/micronaut/asm/commons/GeneratorAdapter.class
target/shopcart-0.3.6/io/micronaut/asm/tree/InsnList$InsnListIterator.class
target/shopcart-0.3.6/io/micronaut/asm/tree/ModuleProvideNode.class
target/shopcart-0.3.6/io/micronaut/asm/tree/analysis/Subroutine.class
target/shopcart-0.3.6/io/micronaut/asm/tree/analysis/SourceValue.class
target/shopcart-0.3.6/io/micronaut/asm/tree/LookupSwitchInsnNode.class
target/shopcart-0.3.6/io/micronaut/asm/tree/VarInsnNode.class
target/shopcart-0.3.6/io/micronaut/asm/tree/analysis/Value.class
target/shopcart-0.3.6/io/micronaut/asm/tree/analysis/AnalyzerException.class
target/shopcart-0.3.6/io/micronaut/asm/tree/analysis/BasicValue.class
target/shopcart-0.3.6/io/micronaut/asm/tree/IntInsnNode.class
target/shopcart-0.3.6/io/micronaut/asm/tree/analysis/SimpleVerifier.class
target/shopcart-0.3.6/io/micronaut/asm/tree/LabelNode.class
target/shopcart-0.3.6/io/micronaut/asm/tree/analysis/SourceInterpreter.class
target/shopcart-0.3.6/io/micronaut/asm/tree/analysis/Analyzer.class
target/shopcart-0.3.6/io/micronaut/asm/tree/analysis/Frame.class
target/shopcart-0.3.6/io/micronaut/asm/tree/TypeInsnNode.class
target/shopcart-0.3.6/io/micronaut/asm/tree/analysis/BasicVerifier.class
target/shopcart-0.3.6/io/micronaut/asm/tree/analysis/BasicInterpreter.class
target/shopcart-0.3.6/io/micronaut/asm/tree/analysis/SmallSet.class
target/shopcart-0.3.6/io/micronaut/asm/tree/LocalVariableAnnotationNode.class
target/shopcart-0.3.6/io/micronaut/asm/tree/Util.class
target/shopcart-0.3.6/io/micronaut/asm/tree/TryCatchBlockNode.class
target/shopcart-0.3.6/io/micronaut/asm/tree/IincInsnNode.class
target/shopcart-0.3.6/io/micronaut/asm/tree/ModuleRequireNode.class
target/shopcart-0.3.6/io/micronaut/asm/tree/UnsupportedClassVersionException.class
target/shopcart-0.3.6/io/micronaut/asm/ClassTooLargeException.class
target/shopcart-0.3.6/io/micronaut/asm/RecordComponentVisitor.class
target/shopcart-0.3.6/io/micronaut/asm/tree/FieldInsnNode.class
target/shopcart-0.3.6/io/micronaut/asm/Symbol.class
target/shopcart-0.3.6/io/micronaut/asm/tree/InsnList.class
target/shopcart-0.3.6/io/micronaut/asm/Context.class
target/shopcart-0.3.6/io/micronaut/asm/tree/AnnotationNode.class
target/shopcart-0.3.6/io/micronaut/asm/CurrentFrame.class
target/shopcart-0.3.6/io/micronaut/asm/Attribute.class
target/shopcart-0.3.6/io/micronaut/asm/ModuleVisitor.class
target/shopcart-0.3.6/io/micronaut/asm/MethodTooLargeException.class
target/shopcart-0.3.6/io/micronaut/asm/Constants.class
target/shopcart-0.3.6/io/micronaut/asm/RecordComponentWriter.class
target/shopcart-0.3.6/io/micronaut/asm/FieldWriter.class
target/shopcart-0.3.6/io/micronaut/asm/FieldVisitor.class
target/shopcart-0.3.6/io/micronaut/asm/TypeReference.class
target/shopcart-0.3.6/io/micronaut/asm/Opcodes.class
   #82 = Utf8               ACC_VARARGS
   #83 = Integer            128
   #84 = Utf8               ACC_TRANSIENT
   #85 = Utf8               ACC_NATIVE
--
    flags: (0x0019) ACC_PUBLIC, ACC_STATIC, ACC_FINAL
    ConstantValue: int 128

  public static final int ACC_NATIVE;
target/shopcart-0.3.6/io/micronaut/asm/Edge.class
target/shopcart-0.3.6/io/micronaut/asm/AnnotationWriter.class
target/shopcart-0.3.6/io/micronaut/asm/ByteVector.class
target/shopcart-0.3.6/io/micronaut/asm/signature/SignatureVisitor.class
target/shopcart-0.3.6/io/micronaut/asm/SymbolTable$Entry.class
target/shopcart-0.3.6/io/micronaut/asm/Frame.class
target/shopcart-0.3.6/io/micronaut/asm/signature/SignatureReader.class
target/shopcart-0.3.6/io/micronaut/asm/Type.class
target/shopcart-0.3.6/io/micronaut/asm/ClassVisitor.class
target/shopcart-0.3.6/io/micronaut/asm/Handler.class
target/shopcart-0.3.6/io/micronaut/asm/ConstantDynamic.class
target/shopcart-0.3.6/io/micronaut/asm/Attribute$Set.class
target/shopcart-0.3.6/io/micronaut/asm/TypePath.class
target/shopcart-0.3.6/io/micronaut/websocket/annotation/ClientWebSocket.class
target/shopcart-0.3.6/io/micronaut/asm/MethodWriter.class
target/shopcart-0.3.6/io/micronaut/websocket/annotation/WebSocketComponent.class
target/shopcart-0.3.6/io/micronaut/asm/signature/SignatureWriter.class
target/shopcart-0.3.6/io/micronaut/websocket/WebSocketClient.class
target/shopcart-0.3.6/io/micronaut/websocket/annotation/OnError.class
target/shopcart-0.3.6/io/micronaut/websocket/annotation/OnOpen.class
target/shopcart-0.3.6/io/micronaut/asm/MethodVisitor.class
target/shopcart-0.3.6/io/micronaut/asm/ModuleWriter.class
target/shopcart-0.3.6/io/micronaut/websocket/annotation/OnClose.class
target/shopcart-0.3.6/io/micronaut/websocket/annotation/WebSocketMapping.class
target/shopcart-0.3.6/io/micronaut/websocket/annotation/ServerWebSocket.class
target/shopcart-0.3.6/io/micronaut/websocket/annotation/OnMessage.class
target/shopcart-0.3.6/io/micronaut/websocket/CloseReason.class
target/shopcart-0.3.6/io/micronaut/websocket/WebSocketPongMessage.class
target/shopcart-0.3.6/io/micronaut/websocket/interceptor/WebSocketSessionAware.class
target/shopcart-0.3.6/io/micronaut/websocket/interceptor/$ClientWebSocketInterceptor$Definition.class
target/shopcart-0.3.6/io/micronaut/websocket/interceptor/ClientWebSocketInterceptor$1.class
target/shopcart-0.3.6/io/micronaut/websocket/interceptor/$ClientWebSocketInterceptor$Definition$Reference.class
target/shopcart-0.3.6/io/micronaut/websocket/context/package-info.class
target/shopcart-0.3.6/io/micronaut/asm/ClassReader.class
target/shopcart-0.3.6/io/micronaut/asm/SymbolTable.class
target/shopcart-0.3.6/io/micronaut/websocket/WebSocketSession.class
target/shopcart-0.3.6/io/micronaut/websocket/context/DefaultWebSocketBeanRegistry.class
target/shopcart-0.3.6/io/micronaut/websocket/context/WebSocketBeanRegistry$1.class
target/shopcart-0.3.6/io/micronaut/websocket/context/WebSocketBean.class
target/shopcart-0.3.6/io/micronaut/websocket/context/WebSocketBeanRegistry.class
target/shopcart-0.3.6/io/micronaut/websocket/interceptor/ClientWebSocketInterceptor.class
target/shopcart-0.3.6/io/micronaut/websocket/WebSocketVersion.class
target/shopcart-0.3.6/io/micronaut/websocket/context/DefaultWebSocketBeanRegistry$DefaultWebSocketBean.class
target/shopcart-0.3.6/io/micronaut/websocket/WebSocketClientFactoryResolver.class
target/shopcart-0.3.6/io/micronaut/websocket/bind/package-info.class
target/shopcart-0.3.6/io/micronaut/websocket/WebSocketClientRegistry.class
target/shopcart-0.3.6/io/micronaut/websocket/bind/WebSocketState.class
target/shopcart-0.3.6/io/micronaut/websocket/WebSocketBroadcaster.class
target/shopcart-0.3.6/io/micronaut/websocket/event/WebSocketSessionClosedEvent.class
target/shopcart-0.3.6/io/micronaut/websocket/event/WebSocketSessionOpenEvent.class
target/shopcart-0.3.6/io/micronaut/websocket/event/WebSocketEvent.class
target/shopcart-0.3.6/io/micronaut/websocket/event/WebSocketMessageProcessedEvent.class
target/shopcart-0.3.6/io/micronaut/websocket/exceptions/WebSocketSessionException.class
target/shopcart-0.3.6/io/micronaut/cache/annotation/CacheInvalidate.class
target/shopcart-0.3.6/io/micronaut/websocket/bind/WebSocketStateBinder.class
target/shopcart-0.3.6/io/micronaut/websocket/exceptions/WebSocketClientException.class
target/shopcart-0.3.6/io/micronaut/cache/annotation/CacheConfig.class
target/shopcart-0.3.6/io/micronaut/websocket/exceptions/WebSocketException.class
target/shopcart-0.3.6/io/micronaut/cache/annotation/PutOperations.class
target/shopcart-0.3.6/io/micronaut/cache/annotation/CachePut.class
target/shopcart-0.3.6/io/micronaut/cache/annotation/CacheAnnotation.class
target/shopcart-0.3.6/io/micronaut/cache/annotation/Cacheable.class
target/shopcart-0.3.6/io/micronaut/websocket/WebSocketClientFactory.class
target/shopcart-0.3.6/io/micronaut/cache/annotation/InvalidateOperations.class
target/shopcart-0.3.6/io/micronaut/cache/CacheInfo.class
target/shopcart-0.3.6/io/micronaut/websocket/bind/WebSocketStateBinderRegistry.class
target/shopcart-0.3.6/io/micronaut/cache/$AsyncCacheErrorHandler$Definition.class
target/shopcart-0.3.6/io/micronaut/cache/DefaultCacheErrorHandler.class
target/shopcart-0.3.6/io/micronaut/cache/$DefaultCacheManager$Definition$Reference.class
target/shopcart-0.3.6/io/micronaut/cache/DefaultCacheManager.class
target/shopcart-0.3.6/io/micronaut/cache/SyncCache.class
target/shopcart-0.3.6/io/micronaut/cache/interceptor/CacheInterceptor$ValueWrapper.class
target/shopcart-0.3.6/io/micronaut/cache/CacheConfiguration.class
target/shopcart-0.3.6/io/micronaut/cache/interceptor/$KotlinSuspendFunCacheKeyGenerator$Introspection.class
target/shopcart-0.3.6/io/micronaut/cache/interceptor/CacheInterceptor$1.class
target/shopcart-0.3.6/io/micronaut/cache/interceptor/$KotlinSuspendFunCacheKeyGenerator$IntrospectionRef.class
target/shopcart-0.3.6/io/micronaut/cache/interceptor/DefaultCacheKeyGenerator.class
target/shopcart-0.3.6/io/micronaut/cache/interceptor/ParametersKey.class
target/shopcart-0.3.6/io/micronaut/cache/AsyncCacheErrorHandler.class
target/shopcart-0.3.6/io/micronaut/cache/interceptor/$DefaultCacheKeyGenerator$Introspection.class
target/shopcart-0.3.6/io/micronaut/cache/discovery/package-info.class
target/shopcart-0.3.6/io/micronaut/cache/interceptor/KotlinSuspendFunCacheKeyGenerator.class
target/shopcart-0.3.6/io/micronaut/cache/interceptor/CacheInterceptor$CacheOperation.class
target/shopcart-0.3.6/io/micronaut/cache/interceptor/CacheKeyGenerator.class
target/shopcart-0.3.6/io/micronaut/cache/interceptor/ValueSupplierException.class
target/shopcart-0.3.6/io/micronaut/cache/discovery/$CachingCompositeDiscoveryClient$Definition$Intercepted.class
target/shopcart-0.3.6/io/micronaut/cache/discovery/CachingCompositeDiscoveryClient.class
target/shopcart-0.3.6/io/micronaut/cache/discovery/$CachingCompositeDiscoveryClient$Definition.class
target/shopcart-0.3.6/io/micronaut/cache/discovery/$BeanConfiguration.class
target/shopcart-0.3.6/io/micronaut/cache/interceptor/$DefaultCacheKeyGenerator$IntrospectionRef.class
target/shopcart-0.3.6/io/micronaut/cache/interceptor/$CacheInterceptor$Definition$Reference.class
target/shopcart-0.3.6/io/micronaut/cache/discovery/$CachingCompositeDiscoveryClient$Definition$Intercepted$Definition.class
target/shopcart-0.3.6/io/micronaut/cache/interceptor/$CacheInterceptor$Definition.class
target/shopcart-0.3.6/io/micronaut/cache/discovery/DiscoveryClientCacheConfiguration.class
target/shopcart-0.3.6/io/micronaut/cache/discovery/$CachingCompositeDiscoveryClient$Definition$Reference.class
target/shopcart-0.3.6/io/micronaut/cache/caffeine/metrics/CaffeineCacheMetricsBinder.class
target/shopcart-0.3.6/io/micronaut/cache/discovery/$DiscoveryClientCacheConfiguration$Definition$Reference.class
target/shopcart-0.3.6/io/micronaut/cache/caffeine/metrics/$CaffeineCacheMetricsBinder$Definition$Reference.class
target/shopcart-0.3.6/io/micronaut/cache/discovery/$CachingCompositeDiscoveryClient$Definition$Intercepted$Definition$Reference.class
target/shopcart-0.3.6/io/micronaut/cache/discovery/$DiscoveryClientCacheConfiguration$Definition.class
target/shopcart-0.3.6/io/micronaut/cache/caffeine/metrics/$CaffeineCacheMetricsBinder$Definition.class
target/shopcart-0.3.6/io/micronaut/cache/caffeine/$DefaultCacheConfiguration$Definition$Reference.class
target/shopcart-0.3.6/io/micronaut/cache/discovery/$CachingCompositeDiscoveryClient$Definition$Exec.class
target/shopcart-0.3.6/io/micronaut/cache/caffeine/$DefaultCacheConfiguration$Definition.class
target/shopcart-0.3.6/io/micronaut/cache/caffeine/$DefaultSyncCache$Definition.class
target/shopcart-0.3.6/io/micronaut/cache/DynamicCacheManager.class
target/shopcart-0.3.6/io/micronaut/cache/caffeine/DefaultCacheConfiguration.class
target/shopcart-0.3.6/io/micronaut/cache/CacheManager.class
target/shopcart-0.3.6/io/micronaut/cache/caffeine/$DefaultSyncCache$Definition$Reference.class
target/shopcart-0.3.6/io/micronaut/cache/caffeine/$DefaultDynamicCacheManager$Definition$Reference.class
target/shopcart-0.3.6/io/micronaut/cache/jcache/metrics/$JCacheMetricsBinder$Definition.class
target/shopcart-0.3.6/io/micronaut/cache/caffeine/DefaultDynamicCacheManager.class
target/shopcart-0.3.6/io/micronaut/cache/caffeine/$DefaultDynamicCacheManager$Definition.class
target/shopcart-0.3.6/io/micronaut/cache/serialize/DefaultStringKeySerializer.class
target/shopcart-0.3.6/io/micronaut/cache/caffeine/DefaultSyncCache.class
target/shopcart-0.3.6/io/micronaut/cache/$DefaultCacheErrorHandler$Definition$Reference.class
target/shopcart-0.3.6/io/micronaut/cache/$AsyncCacheErrorHandler$Definition$Reference.class
target/shopcart-0.3.6/io/micronaut/cache/caffeine/DefaultSyncCache$1.class
target/shopcart-0.3.6/io/micronaut/cache/CacheErrorHandler.class
target/shopcart-0.3.6/io/micronaut/cache/jcache/package-info.class
target/shopcart-0.3.6/io/micronaut/cache/interceptor/CacheInterceptor.class
target/shopcart-0.3.6/io/micronaut/cache/jcache/$JCacheManager$Definition.class
target/shopcart-0.3.6/io/micronaut/cache/jcache/metrics/JCacheMetricsBinder.class
target/shopcart-0.3.6/io/micronaut/cache/jcache/JCacheManager.class
target/shopcart-0.3.6/io/micronaut/cache/DelegatingAsyncBlockingCache.class
target/shopcart-0.3.6/io/micronaut/cache/$DefaultCacheErrorHandler$Definition.class
target/shopcart-0.3.6/io/micronaut/cache/jcache/JCacheSyncCache.class
target/shopcart-0.3.6/io/micronaut/cache/Cache.class
target/shopcart-0.3.6/io/micronaut/cache/AsyncCache.class
target/shopcart-0.3.6/io/micronaut/cache/jcache/metrics/$JCacheMetricsBinder$Definition$Reference.class
target/shopcart-0.3.6/io/micronaut/cache/exceptions/CacheSystemException.class
target/shopcart-0.3.6/io/micronaut/json/$JsonObjectSerializer$Definition.class
target/shopcart-0.3.6/io/micronaut/cache/jcache/$JCacheManager$Definition$Reference.class
target/shopcart-0.3.6/io/micronaut/json/JsonConfiguration.class
target/shopcart-0.3.6/io/micronaut/cache/$DefaultCacheManager$Definition.class
target/shopcart-0.3.6/io/micronaut/json/tree/JsonScalar.class
target/shopcart-0.3.6/io/micronaut/json/tree/JsonArray.class
target/shopcart-0.3.6/io/micronaut/json/tree/JsonNull.class
target/shopcart-0.3.6/io/micronaut/json/tree/JsonNumber.class
target/shopcart-0.3.6/io/micronaut/cache/DelegatingAsyncCache.class
target/shopcart-0.3.6/io/micronaut/cache/AbstractMapBasedSyncCache.class
target/shopcart-0.3.6/io/micronaut/json/tree/JsonBoolean.class
target/shopcart-0.3.6/io/micronaut/json/tree/JsonContainer.class
target/shopcart-0.3.6/io/micronaut/json/JsonFeatures.class
target/shopcart-0.3.6/io/micronaut/json/tree/JsonObject.class
target/shopcart-0.3.6/io/micronaut/json/tree/JsonString.class
target/shopcart-0.3.6/io/micronaut/json/$JsonObjectSerializer$Definition$Reference.class
target/shopcart-0.3.6/io/micronaut/json/convert/$JsonConverterRegistrar$Definition$Reference.class
target/shopcart-0.3.6/io/micronaut/json/tree/JsonNode.class
target/shopcart-0.3.6/io/micronaut/json/bind/JsonBeanPropertyBinder$1.class
target/shopcart-0.3.6/io/micronaut/json/JsonMapper.class
target/shopcart-0.3.6/io/micronaut/json/bind/JsonBeanPropertyBinder$ValueBuilder.class
target/shopcart-0.3.6/io/micronaut/json/convert/$JsonConverterRegistrar$Definition.class
target/shopcart-0.3.6/io/micronaut/json/convert/JsonConverterRegistrar.class
target/shopcart-0.3.6/io/micronaut/json/bind/JsonBeanPropertyBinderExceptionHandler.class
target/shopcart-0.3.6/io/micronaut/json/bind/JsonBeanPropertyBinder$2.class
target/shopcart-0.3.6/io/micronaut/json/bind/$JsonBeanPropertyBinder$Definition$Reference.class
target/shopcart-0.3.6/io/micronaut/json/convert/JsonNodeConvertibleValues.class
target/shopcart-0.3.6/io/micronaut/json/JsonObjectSerializer.class
target/shopcart-0.3.6/io/micronaut/json/bind/JsonBeanPropertyBinder$FixedValue.class
target/shopcart-0.3.6/io/micronaut/json/bind/JsonBeanPropertyBinder$ObjectBuilder.class
target/shopcart-0.3.6/io/micronaut/json/JsonStreamConfig.class
target/shopcart-0.3.6/io/micronaut/json/bind/$JsonBeanPropertyBinder$Definition.class
target/shopcart-0.3.6/io/micronaut/json/bind/JsonBeanPropertyBinder$ArrayBuilder.class
target/shopcart-0.3.6/io/micronaut/json/bind/JsonBeanPropertyBinder.class
target/shopcart-0.3.6/io/micronaut/json/codec/$JsonStreamMediaTypeCodec$Definition$Reference.class
target/shopcart-0.3.6/io/micronaut/json/codec/$JsonStreamMediaTypeCodec$Definition.class
target/shopcart-0.3.6/io/micronaut/json/codec/$JsonMediaTypeCodec$Definition$Reference.class
target/shopcart-0.3.6/io/micronaut/json/codec/JsonMediaTypeCodec.class
target/shopcart-0.3.6/io/micronaut/json/codec/JsonStreamMediaTypeCodec.class
target/shopcart-0.3.6/io/micronaut/jackson/core/env/EnvJsonPropertySourceLoader.class
target/shopcart-0.3.6/io/micronaut/jackson/core/env/CloudFoundryVcapServicesPropertySourceLoader.class
target/shopcart-0.3.6/io/micronaut/jackson/core/env/CloudFoundryVcapApplicationPropertySourceLoader.class
target/shopcart-0.3.6/io/micronaut/json/codec/$JsonMediaTypeCodec$Definition.class
target/shopcart-0.3.6/io/micronaut/jackson/core/env/JsonPropertySourceLoader.class
target/shopcart-0.3.6/io/micronaut/jackson/core/tree/JsonNodeTraversingParser$ArrayContext.class
target/shopcart-0.3.6/io/micronaut/jackson/core/tree/JsonNodeTraversingParser$Context.class
target/shopcart-0.3.6/io/micronaut/jackson/core/tree/JsonNodeTreeCodec.class
target/shopcart-0.3.6/io/micronaut/jackson/core/tree/JsonNodeTraversingParser$ObjectContext.class
target/shopcart-0.3.6/io/micronaut/json/codec/MapperMediaTypeCodec.class
target/shopcart-0.3.6/io/micronaut/jackson/core/tree/TreeGenerator$1.class
target/shopcart-0.3.6/io/micronaut/jackson/core/tree/TreeGenerator.class
target/shopcart-0.3.6/io/micronaut/jackson/core/tree/JsonNodeTraversingParser$SingleContext.class
target/shopcart-0.3.6/io/micronaut/jackson/core/tree/TreeGenerator$ObjectBuilder.class
target/shopcart-0.3.6/io/micronaut/jackson/core/tree/JsonStreamTransfer.class
target/shopcart-0.3.6/io/micronaut/jackson/core/tree/TreeGenerator$ArrayBuilder.class
target/shopcart-0.3.6/io/micronaut/jackson/core/tree/TreeGenerator$StructureBuilder.class
target/shopcart-0.3.6/io/micronaut/jackson/core/tree/JsonStreamTransfer$1.class
target/shopcart-0.3.6/io/micronaut/jackson/annotation/JacksonFeatures.class
target/shopcart-0.3.6/io/micronaut/jackson/$ObjectMapperFactory$JsonFactory0$Definition.class
target/shopcart-0.3.6/io/micronaut/jackson/$ObjectMapperFactory$ObjectMapper1$Definition.class
target/shopcart-0.3.6/io/micronaut/jackson/core/tree/JsonNodeTreeCodec$1.class
target/shopcart-0.3.6/io/micronaut/jackson/core/tree/JsonNodeTraversingParser.class
target/shopcart-0.3.6/io/micronaut/jackson/env/JsonPropertySourceLoader.class
target/shopcart-0.3.6/io/micronaut/jackson/package-info.class
target/shopcart-0.3.6/io/micronaut/jackson/parser/JacksonProcessor$1.class
target/shopcart-0.3.6/io/micronaut/jackson/core/parser/JacksonCoreProcessor.class
target/shopcart-0.3.6/io/micronaut/jackson/ObjectMapperFactory.class
target/shopcart-0.3.6/io/micronaut/jackson/$ObjectMapperFactory$Definition.class
target/shopcart-0.3.6/io/micronaut/jackson/$ObjectMapperFactory$Definition$Reference.class
target/shopcart-0.3.6/io/micronaut/jackson/serialize/$JacksonObjectSerializer$Definition.class
target/shopcart-0.3.6/io/micronaut/jackson/$ObjectMapperFactory$ObjectMapper1$Definition$Reference.class
target/shopcart-0.3.6/io/micronaut/jackson/ResilientBeanDeserializerFactory.class
target/shopcart-0.3.6/io/micronaut/jackson/serialize/$ConvertibleMultiValuesSerializer$Definition$Reference.class
target/shopcart-0.3.6/io/micronaut/jackson/serialize/$OptionalValuesSerializer$Definition$Reference.class
target/shopcart-0.3.6/io/micronaut/jackson/serialize/$ConvertibleValuesSerializer$Definition.class
target/shopcart-0.3.6/io/micronaut/jackson/serialize/$JsonNodeSerializer$Definition$Reference.class
target/shopcart-0.3.6/io/micronaut/jackson/serialize/$OptionalValuesSerializer$Definition.class
target/shopcart-0.3.6/io/micronaut/jackson/serialize/JsonNodeDeserializer.class
target/shopcart-0.3.6/io/micronaut/jackson/serialize/$ConvertibleMultiValuesSerializer$Definition.class
target/shopcart-0.3.6/io/micronaut/jackson/serialize/$ConvertibleValuesSerializer$Definition$Reference.class
target/shopcart-0.3.6/io/micronaut/jackson/serialize/ResourceDeserializerModifier.class
target/shopcart-0.3.6/io/micronaut/jackson/serialize/$JacksonObjectSerializer$Definition$Reference.class
target/shopcart-0.3.6/io/micronaut/jackson/serialize/ResourceSerializerModifier$1.class
target/shopcart-0.3.6/io/micronaut/jackson/serialize/ResourceSerializerModifier.class
target/shopcart-0.3.6/io/micronaut/jackson/parser/JacksonProcessor.class
target/shopcart-0.3.6/io/micronaut/jackson/serialize/ResourceModule.class
target/shopcart-0.3.6/io/micronaut/jackson/serialize/ResourceSerializerModifier$2.class
target/shopcart-0.3.6/io/micronaut/jackson/serialize/ConvertibleValuesSerializer.class
target/shopcart-0.3.6/io/micronaut/jackson/serialize/$ResourceModule$Definition.class
target/shopcart-0.3.6/io/micronaut/jackson/serialize/$JsonNodeDeserializer$Definition.class
target/shopcart-0.3.6/io/micronaut/jackson/serialize/ConvertibleMultiValuesSerializer.class
target/shopcart-0.3.6/io/micronaut/jackson/serialize/$ResourceModule$Definition$Reference.class
target/shopcart-0.3.6/io/micronaut/jackson/serialize/$JsonNodeDeserializer$Definition$Reference.class
target/shopcart-0.3.6/io/micronaut/jackson/serialize/$JsonNodeSerializer$Definition.class
target/shopcart-0.3.6/io/micronaut/jackson/serialize/JsonNodeSerializer.class
target/shopcart-0.3.6/io/micronaut/jackson/serialize/$ResourceSerializerModifier$Definition.class
target/shopcart-0.3.6/io/micronaut/jackson/serialize/$ResourceSerializerModifier$Definition$Reference.class
target/shopcart-0.3.6/io/micronaut/jackson/serialize/JacksonObjectSerializer.class
target/shopcart-0.3.6/io/micronaut/jackson/ObjectMapperFactory$1.class
target/shopcart-0.3.6/io/micronaut/jackson/serialize/OptionalValuesSerializer.class
target/shopcart-0.3.6/io/micronaut/jackson/modules/$BeanIntrospectionModule$Definition$Reference.class
target/shopcart-0.3.6/io/micronaut/jackson/modules/$BeanIntrospectionModule$Definition.class
target/shopcart-0.3.6/io/micronaut/jackson/modules/BeanIntrospectionModule$1.class
target/shopcart-0.3.6/io/micronaut/jackson/modules/BeanIntrospectionModule$BeanIntrospectionAccessorNamingStrategyProvider.class
target/shopcart-0.3.6/io/micronaut/jackson/modules/BeanIntrospectionModule$BeanIntrospectionPropertyWriter.class
target/shopcart-0.3.6/io/micronaut/jackson/modules/BeanIntrospectionModule$BeanIntrospectionSerializerModifier$1.class
target/shopcart-0.3.6/io/micronaut/jackson/modules/BeanIntrospectionModule$BeanIntrospectionSetter.class
target/shopcart-0.3.6/io/micronaut/jackson/modules/BeanIntrospectionModule$BeanIntrospectionDeserializerModifier.class
target/shopcart-0.3.6/io/micronaut/jackson/$ObjectMapperFactory$JsonFactory0$Definition$Reference.class
target/shopcart-0.3.6/io/micronaut/jackson/modules/BeanIntrospectionModule$BeanIntrospectionAccessorNamingStrategyProvider$1.class
target/shopcart-0.3.6/io/micronaut/jackson/modules/BeanIntrospectionModule$BeanIntrospectionDeserializerModifier$1.class
target/shopcart-0.3.6/io/micronaut/jackson/modules/BeanIntrospectionModule$VirtualSetter.class
target/shopcart-0.3.6/io/micronaut/jackson/$BeanConfiguration.class
target/shopcart-0.3.6/io/micronaut/jackson/databind/DatabindPropertyBinderExceptionHandler$1.class
target/shopcart-0.3.6/io/micronaut/jackson/modules/BeanIntrospectionModule$BeanIntrospectionDeserializerModifier$1$1.class
target/shopcart-0.3.6/io/micronaut/jackson/modules/BeanIntrospectionModule$BeanIntrospectionSerializerModifier.class
target/shopcart-0.3.6/io/micronaut/jackson/modules/BeanIntrospectionModule.class
target/shopcart-0.3.6/io/micronaut/jackson/$JacksonConfiguration$Definition.class
target/shopcart-0.3.6/io/micronaut/jackson/$JacksonConfiguration$Definition$Reference.class
target/shopcart-0.3.6/io/micronaut/jackson/databind/$DatabindPropertyBinderExceptionHandler$Definition$Reference.class
target/shopcart-0.3.6/io/micronaut/jackson/databind/$JacksonDatabindMapper$Definition$Reference.class
target/shopcart-0.3.6/io/micronaut/jackson/databind/convert/$JacksonConverterRegistrar$Definition$Reference.class
target/shopcart-0.3.6/io/micronaut/jackson/JacksonConfiguration.class
target/shopcart-0.3.6/io/micronaut/jackson/databind/convert/$JacksonConverterRegistrar$Definition.class
target/shopcart-0.3.6/io/micronaut/jackson/databind/convert/ObjectNodeConvertibleValues.class
target/shopcart-0.3.6/io/micronaut/jackson/databind/JacksonDatabindMapper$1.class
target/shopcart-0.3.6/io/micronaut/jackson/databind/JacksonDatabindMapper.class
target/shopcart-0.3.6/io/micronaut/jackson/databind/DatabindPropertyBinderExceptionHandler.class
target/shopcart-0.3.6/io/micronaut/jackson/codec/$JsonMediaTypeCodec$Definition.class
target/shopcart-0.3.6/io/micronaut/jackson/databind/convert/JacksonConverterRegistrar.class
target/shopcart-0.3.6/io/micronaut/jackson/databind/$JacksonDatabindMapper$Definition.class
target/shopcart-0.3.6/io/micronaut/jackson/databind/$DatabindPropertyBinderExceptionHandler$Definition.class
target/shopcart-0.3.6/io/micronaut/jackson/codec/$JsonStreamMediaTypeCodec$Definition.class
target/shopcart-0.3.6/io/micronaut/jackson/codec/JacksonMediaTypeCodec.class
target/shopcart-0.3.6/io/micronaut/jackson/codec/$JsonStreamMediaTypeCodec$Definition$Reference.class
target/shopcart-0.3.6/io/micronaut/jackson/codec/$JsonMediaTypeCodec$Definition$Reference.class
target/shopcart-0.3.6/io/micronaut/jackson/codec/JsonStreamMediaTypeCodec.class
target/shopcart-0.3.6/io/micronaut/jackson/codec/JacksonFeatures.class
target/shopcart-0.3.6/io/micronaut/jackson/codec/JsonMediaTypeCodec.class
target/shopcart-0.3.6/io/micronaut/reactive/reactor/instrument/ReactorInstrumentation$ReactorInstrumenterFactory.class
target/shopcart-0.3.6/io/micronaut/reactive/reactor/instrument/$ReactorInstrumentation$Definition.class
target/shopcart-0.3.6/io/micronaut/reactive/reactor/instrument/$ReactorInstrumentation$ReactorInstrumenterFactory$Definition.class
target/shopcart-0.3.6/io/micronaut/reactive/reactor/instrument/ReactorInstrumentation.class
target/shopcart-0.3.6/io/micronaut/reactive/reactor/instrument/$ReactorInstrumentation$Definition$Reference.class
target/shopcart-0.3.6/io/micronaut/reactive/reactor/instrument/$ReactorInstrumentation$ReactorInstrumenterFactory$Definition$Reference.class
target/shopcart-0.3.6/io/micronaut/reactive/flow/converters/$FlowConverterRegistrar$Definition.class
target/shopcart-0.3.6/io/micronaut/health/$HeartbeatDiscoveryClientCondition$Introspection.class
target/shopcart-0.3.6/io/micronaut/health/CurrentHealthStatus.class
target/shopcart-0.3.6/io/micronaut/health/$HeartbeatConfiguration$Definition$Reference.class
target/shopcart-0.3.6/io/micronaut/health/DefaultCurrentHealthStatus.class
target/shopcart-0.3.6/io/micronaut/health/$DefaultCurrentHealthStatus$Definition$Reference.class
target/shopcart-0.3.6/io/micronaut/health/$HeartbeatTask$Definition.class
target/shopcart-0.3.6/io/micronaut/reactive/flow/converters/FlowConverterRegistrar.class
target/shopcart-0.3.6/io/micronaut/reactive/flow/converters/$FlowConverterRegistrar$Definition$Reference.class
target/shopcart-0.3.6/io/micronaut/health/$DefaultCurrentHealthStatus$Definition.class
target/shopcart-0.3.6/io/micronaut/reactive/reactor/instrument/ReactorSubscriber.class
target/shopcart-0.3.6/io/micronaut/health/$HeartbeatTask$Definition$Exec.class
target/shopcart-0.3.6/io/micronaut/health/HealthStatus.class
target/shopcart-0.3.6/io/micronaut/health/$HealthStatus$Introspection.class
target/shopcart-0.3.6/io/micronaut/health/$HeartbeatDiscoveryClientCondition$IntrospectionRef.class
target/shopcart-0.3.6/io/micronaut/health/HeartbeatTask.class
target/shopcart-0.3.6/io/micronaut/health/$HealthStatus$IntrospectionRef.class
target/shopcart-0.3.6/io/micronaut/health/HeartbeatEvent.class
target/shopcart-0.3.6/io/micronaut/health/HeartbeatConfiguration.class
target/shopcart-0.3.6/io/micronaut/scheduling/io/watch/DefaultWatchThread$1.class
target/shopcart-0.3.6/io/micronaut/health/$HeartbeatTask$Definition$Reference.class
target/shopcart-0.3.6/io/micronaut/health/$HeartbeatConfiguration$Definition.class
target/shopcart-0.3.6/io/micronaut/health/HeartbeatDiscoveryClientCondition.class
target/shopcart-0.3.6/io/micronaut/health/HeartbeatEnabled.class
target/shopcart-0.3.6/io/micronaut/scheduling/io/watch/$FileWatchCondition$Introspection.class
target/shopcart-0.3.6/io/micronaut/scheduling/io/watch/$WatchServiceFactory$WatchService0$Definition.class
target/shopcart-0.3.6/io/micronaut/scheduling/io/watch/$FileWatchConfiguration$Definition.class
target/shopcart-0.3.6/io/micronaut/scheduling/io/watch/$WatchServiceFactory$Definition$Reference.class
target/shopcart-0.3.6/io/micronaut/scheduling/io/watch/FileWatchConfiguration.class
target/shopcart-0.3.6/io/micronaut/scheduling/io/watch/FileWatchCondition.class
target/shopcart-0.3.6/io/micronaut/scheduling/io/watch/event/WatchEventType.class
target/shopcart-0.3.6/io/micronaut/scheduling/io/watch/$FileWatchCondition$IntrospectionRef.class
target/shopcart-0.3.6/io/micronaut/scheduling/io/watch/$DefaultWatchThread$Definition.class
target/shopcart-0.3.6/io/micronaut/scheduling/io/watch/event/FileChangedEvent.class
target/shopcart-0.3.6/io/micronaut/scheduling/io/watch/WatchServiceFactory.class
target/shopcart-0.3.6/io/micronaut/scheduling/annotation/Schedules.class
target/shopcart-0.3.6/io/micronaut/scheduling/NextFireTime.class
target/shopcart-0.3.6/io/micronaut/scheduling/annotation/Async.class
target/shopcart-0.3.6/io/micronaut/scheduling/io/watch/DefaultWatchThread.class
target/shopcart-0.3.6/io/micronaut/scheduling/io/watch/$WatchServiceFactory$WatchService0$Definition$Reference.class
target/shopcart-0.3.6/io/micronaut/scheduling/annotation/Scheduled.class
target/shopcart-0.3.6/io/micronaut/scheduling/io/watch/$FileWatchConfiguration$Definition$Reference.class
target/shopcart-0.3.6/io/micronaut/scheduling/io/watch/$WatchServiceFactory$Definition.class
target/shopcart-0.3.6/io/micronaut/scheduling/cron/CronExpression$1.class
target/shopcart-0.3.6/io/micronaut/scheduling/$ScheduledExecutorTaskScheduler$Definition$Reference.class
target/shopcart-0.3.6/io/micronaut/scheduling/annotation/ExecuteOn.class
target/shopcart-0.3.6/io/micronaut/scheduling/ReschedulingTask.class
target/shopcart-0.3.6/io/micronaut/scheduling/cron/CronExpression$CronFieldType.class
target/shopcart-0.3.6/io/micronaut/scheduling/io/watch/$DefaultWatchThread$Definition$Reference.class
target/shopcart-0.3.6/io/micronaut/scheduling/cron/CronExpression$FieldPart.class
target/shopcart-0.3.6/io/micronaut/scheduling/cron/CronExpression$DayOfWeekField.class
target/shopcart-0.3.6/io/micronaut/scheduling/cron/CronExpression$SimpleField.class
target/shopcart-0.3.6/io/micronaut/scheduling/cron/CronExpression$DayOfMonthField.class
target/shopcart-0.3.6/io/micronaut/scheduling/cron/CronExpression.class
target/shopcart-0.3.6/io/micronaut/scheduling/$DefaultTaskExceptionHandler$Definition.class
target/shopcart-0.3.6/io/micronaut/scheduling/async/AsyncInterceptor$1.class
target/shopcart-0.3.6/io/micronaut/scheduling/cron/CronExpression$BasicField.class
target/shopcart-0.3.6/io/micronaut/scheduling/TaskExceptionHandler.class
target/shopcart-0.3.6/io/micronaut/scheduling/$ScheduledExecutorTaskScheduler$Definition.class
target/shopcart-0.3.6/io/micronaut/scheduling/TaskExecutors.class
target/shopcart-0.3.6/io/micronaut/scheduling/async/$AsyncInterceptor$Definition$Reference.class
target/shopcart-0.3.6/io/micronaut/scheduling/TaskScheduler.class
target/shopcart-0.3.6/io/micronaut/scheduling/async/$AsyncInterceptor$Definition.class
target/shopcart-0.3.6/io/micronaut/scheduling/exceptions/TaskExecutionException.class
target/shopcart-0.3.6/io/micronaut/scheduling/async/AsyncInterceptor.class
target/shopcart-0.3.6/io/micronaut/scheduling/instrument/InstrumentedScheduledExecutorService.class
target/shopcart-0.3.6/io/micronaut/scheduling/$DefaultTaskExceptionHandler$Definition$Reference.class
target/shopcart-0.3.6/io/micronaut/scheduling/exceptions/SchedulerConfigurationException.class
target/shopcart-0.3.6/io/micronaut/scheduling/instrument/InvocationInstrumenter$3.class
target/shopcart-0.3.6/io/micronaut/scheduling/instrument/$ExecutorServiceInstrumenter$Definition.class
target/shopcart-0.3.6/io/micronaut/scheduling/ScheduledExecutorTaskScheduler.class
target/shopcart-0.3.6/io/micronaut/scheduling/instrument/InstrumentedExecutor.class
target/shopcart-0.3.6/io/micronaut/scheduling/instrument/InvocationInstrumenter$1.class
target/shopcart-0.3.6/io/micronaut/scheduling/instrument/InvocationInstrumenterWrappedCallable.class
target/shopcart-0.3.6/io/micronaut/scheduling/instrument/$ExecutorServiceInstrumenter$Definition$Reference.class
target/shopcart-0.3.6/io/micronaut/scheduling/instrument/RunnableInstrumenter.class
target/shopcart-0.3.6/io/micronaut/scheduling/instrument/ExecutorServiceInstrumenter.class
target/shopcart-0.3.6/io/micronaut/scheduling/instrument/NoopInstrumentation.class
target/shopcart-0.3.6/io/micronaut/scheduling/instrument/Instrumentation$1.class
target/shopcart-0.3.6/io/micronaut/scheduling/instrument/package-info.class
target/shopcart-0.3.6/io/micronaut/scheduling/instrument/InvocationInstrumenter.class
target/shopcart-0.3.6/io/micronaut/scheduling/instrument/InvocationInstrumenterFactory.class
target/shopcart-0.3.6/io/micronaut/scheduling/instrument/InvocationInstrumenter$2.class
target/shopcart-0.3.6/io/micronaut/scheduling/instrument/Instrumentation.class
target/shopcart-0.3.6/io/micronaut/scheduling/instrument/ExecutorServiceInstrumenter$1.class
target/shopcart-0.3.6/io/micronaut/scheduling/instrument/ExecutorServiceInstrumenter$2.class
target/shopcart-0.3.6/io/micronaut/scheduling/DefaultTaskExceptionHandler.class
target/shopcart-0.3.6/io/micronaut/scheduling/instrument/ReactiveInvocationInstrumenterFactory.class
target/shopcart-0.3.6/io/micronaut/scheduling/instrument/InvocationInstrumenterWrappedRunnable.class
target/shopcart-0.3.6/io/micronaut/scheduling/instrument/InstrumentedExecutorService.class
target/shopcart-0.3.6/io/micronaut/scheduling/executor/$DefaultExecutorSelector$Definition.class
target/shopcart-0.3.6/io/micronaut/scheduling/executor/$DefaultThreadFactory$Definition.class
target/shopcart-0.3.6/io/micronaut/scheduling/executor/$DefaultThreadFactory$Definition$Reference.class
target/shopcart-0.3.6/io/micronaut/scheduling/executor/$DefaultExecutorSelector$Definition$Reference.class
target/shopcart-0.3.6/io/micronaut/scheduling/executor/$ExecutorFactory$Definition$Reference.class
target/shopcart-0.3.6/io/micronaut/scheduling/executor/$UserExecutorConfiguration$Definition$Reference.class
target/shopcart-0.3.6/io/micronaut/scheduling/executor/ThreadSelection.class
target/shopcart-0.3.6/io/micronaut/scheduling/instrument/MultipleInvocationInstrumenter.class
target/shopcart-0.3.6/io/micronaut/scheduling/executor/$ScheduledExecutorServiceConfig$Configuration0$Definition$Reference.class
target/shopcart-0.3.6/io/micronaut/scheduling/executor/$IOExecutorServiceConfig$Configuration0$Definition$Reference.class
target/shopcart-0.3.6/io/micronaut/scheduling/executor/$UserExecutorConfiguration$IntrospectionRef.class
target/shopcart-0.3.6/io/micronaut/scheduling/executor/ExecutorConfiguration.class
target/shopcart-0.3.6/io/micronaut/scheduling/executor/ExecutorType.class
target/shopcart-0.3.6/io/micronaut/scheduling/executor/ExecutorFactory.class
target/shopcart-0.3.6/io/micronaut/scheduling/executor/$IOExecutorServiceConfig$Definition.class
target/shopcart-0.3.6/io/micronaut/scheduling/executor/$UserExecutorConfiguration$Definition.class
target/shopcart-0.3.6/io/micronaut/scheduling/executor/$ScheduledExecutorServiceConfig$Configuration0$Definition.class
target/shopcart-0.3.6/io/micronaut/scheduling/executor/UserExecutorConfiguration.class
target/shopcart-0.3.6/io/micronaut/scheduling/executor/$IOExecutorServiceConfig$Configuration0$Definition.class
target/shopcart-0.3.6/io/micronaut/scheduling/executor/$ExecutorFactory$ExecutorService1$Definition.class
target/shopcart-0.3.6/io/micronaut/scheduling/executor/$ExecutorFactory$EventLoopGroupThreadFactory0$Definition.class
target/shopcart-0.3.6/io/micronaut/scheduling/executor/$ScheduledExecutorServiceConfig$Definition$Reference.class
target/shopcart-0.3.6/io/micronaut/scheduling/executor/ExecutorFactory$1.class
target/shopcart-0.3.6/io/micronaut/scheduling/executor/IOExecutorServiceConfig.class
target/shopcart-0.3.6/io/micronaut/scheduling/executor/DefaultThreadFactory.class
target/shopcart-0.3.6/io/micronaut/scheduling/executor/$IOExecutorServiceConfig$Definition$Reference.class
target/shopcart-0.3.6/io/micronaut/scheduling/executor/DefaultExecutorSelector.class
target/shopcart-0.3.6/io/micronaut/scheduling/executor/ExecutorSelector.class
target/shopcart-0.3.6/io/micronaut/scheduling/executor/$ExecutorFactory$ExecutorService1$Definition$Reference.class
target/shopcart-0.3.6/io/micronaut/scheduling/executor/$DefaultThreadFactory$ThreadFactory0$Definition$Reference.class
target/shopcart-0.3.6/io/micronaut/scheduling/executor/$ScheduledExecutorServiceConfig$Definition.class
target/shopcart-0.3.6/io/micronaut/scheduling/executor/$DefaultThreadFactory$ThreadFactory0$Definition.class
target/shopcart-0.3.6/io/micronaut/scheduling/processor/$ScheduledMethodProcessor$Definition.class
target/shopcart-0.3.6/io/micronaut/scheduling/executor/$ExecutorFactory$EventLoopGroupThreadFactory0$Definition$Reference.class
target/shopcart-0.3.6/io/micronaut/scheduling/executor/UserExecutorConfiguration$1.class
target/shopcart-0.3.6/io/micronaut/scheduling/executor/$ExecutorFactory$Definition.class
target/shopcart-0.3.6/io/micronaut/scheduling/executor/NamedThreadFactory.class
target/shopcart-0.3.6/io/micronaut/scheduling/executor/ScheduledExecutorServiceConfig.class
target/shopcart-0.3.6/io/micronaut/scheduling/executor/$UserExecutorConfiguration$Introspection.class
target/shopcart-0.3.6/io/micronaut/scheduling/processor/$ScheduledMethodProcessor$Definition$Reference.class
target/shopcart-0.3.6/io/netty/bootstrap/ServerBootstrap$ServerBootstrapAcceptor.class
target/shopcart-0.3.6/io/netty/bootstrap/Bootstrap$2.class
target/shopcart-0.3.6/io/netty/bootstrap/AbstractBootstrap$1.class
target/shopcart-0.3.6/io/netty/bootstrap/AbstractBootstrap$PendingRegistrationPromise.class
target/shopcart-0.3.6/io/netty/bootstrap/ServerBootstrap$ServerBootstrapAcceptor$2.class
target/shopcart-0.3.6/io/micronaut/scheduling/processor/ScheduledMethodProcessor.class
target/shopcart-0.3.6/io/netty/bootstrap/AbstractBootstrap$2.class
target/shopcart-0.3.6/io/netty/bootstrap/AbstractBootstrapConfig.class
target/shopcart-0.3.6/io/netty/bootstrap/ChannelFactory.class
target/shopcart-0.3.6/io/netty/bootstrap/BootstrapConfig.class
target/shopcart-0.3.6/io/netty/bootstrap/ServerBootstrapConfig.class
target/shopcart-0.3.6/io/netty/bootstrap/Bootstrap$1.class
target/shopcart-0.3.6/io/netty/bootstrap/AbstractBootstrap.class
target/shopcart-0.3.6/io/netty/bootstrap/FailedChannel$1.class
target/shopcart-0.3.6/io/netty/bootstrap/ServerBootstrap$1$1.class
target/shopcart-0.3.6/io/netty/bootstrap/Bootstrap.class
target/shopcart-0.3.6/io/netty/bootstrap/ServerBootstrap$ServerBootstrapAcceptor$1.class
target/shopcart-0.3.6/io/netty/bootstrap/ServerBootstrap.class
target/shopcart-0.3.6/io/netty/bootstrap/FailedChannel.class
target/shopcart-0.3.6/io/netty/bootstrap/Bootstrap$3.class
target/shopcart-0.3.6/io/netty/bootstrap/FailedChannel$FailedChannelUnsafe.class
target/shopcart-0.3.6/io/netty/bootstrap/ServerBootstrap$1.class
target/shopcart-0.3.6/io/netty/handler/flush/FlushConsolidationHandler.class
target/shopcart-0.3.6/io/netty/handler/flush/FlushConsolidationHandler$1.class
target/shopcart-0.3.6/io/netty/handler/proxy/ProxyHandler$1.class
target/shopcart-0.3.6/io/netty/handler/proxy/ProxyHandler$2.class
target/shopcart-0.3.6/io/netty/handler/proxy/ProxyConnectException.class
target/shopcart-0.3.6/io/netty/handler/proxy/HttpProxyHandler$1.class
target/shopcart-0.3.6/io/netty/handler/proxy/Socks4ProxyHandler.class
target/shopcart-0.3.6/io/netty/handler/proxy/HttpProxyHandler$HttpClientCodecWrapper.class
target/shopcart-0.3.6/io/netty/handler/proxy/ProxyHandler$LazyChannelPromise.class
target/shopcart-0.3.6/io/netty/handler/proxy/ProxyHandler.class
target/shopcart-0.3.6/io/netty/handler/proxy/ProxyConnectionEvent.class
target/shopcart-0.3.6/io/netty/handler/timeout/IdleStateHandler$AbstractIdleTask.class
target/shopcart-0.3.6/io/netty/handler/proxy/HttpProxyHandler$HttpProxyConnectException.class
target/shopcart-0.3.6/io/netty/handler/proxy/Socks5ProxyHandler.class
target/shopcart-0.3.6/io/netty/handler/timeout/IdleStateHandler$ReaderIdleTimeoutTask.class
target/shopcart-0.3.6/io/netty/handler/timeout/IdleStateHandler$2.class
target/shopcart-0.3.6/io/netty/handler/timeout/IdleStateEvent.class
target/shopcart-0.3.6/io/netty/handler/proxy/HttpProxyHandler.class
target/shopcart-0.3.6/io/netty/handler/timeout/IdleStateEvent$DefaultIdleStateEvent.class
target/shopcart-0.3.6/io/netty/handler/timeout/IdleState.class
target/shopcart-0.3.6/io/netty/handler/timeout/TimeoutException.class
target/shopcart-0.3.6/io/netty/handler/timeout/ReadTimeoutException.class
target/shopcart-0.3.6/io/netty/handler/timeout/IdleStateHandler$1.class
target/shopcart-0.3.6/io/netty/handler/timeout/IdleStateHandler$WriterIdleTimeoutTask.class
target/shopcart-0.3.6/io/netty/handler/pcap/PcapWriter.class
target/shopcart-0.3.6/io/netty/handler/timeout/IdleStateHandler.class
target/shopcart-0.3.6/io/netty/handler/timeout/WriteTimeoutException.class
target/shopcart-0.3.6/io/netty/handler/timeout/IdleStateHandler$AllIdleTimeoutTask.class
target/shopcart-0.3.6/io/netty/handler/timeout/WriteTimeoutHandler.class
target/shopcart-0.3.6/io/netty/handler/timeout/ReadTimeoutHandler.class
target/shopcart-0.3.6/io/netty/handler/pcap/IPPacket.class
target/shopcart-0.3.6/io/netty/handler/pcap/UDPPacket.class
target/shopcart-0.3.6/io/netty/handler/pcap/TCPPacket.class
target/shopcart-0.3.6/io/netty/handler/pcap/PcapHeaders.class
target/shopcart-0.3.6/io/netty/handler/ipfilter/UniqueIpFilter.class
target/shopcart-0.3.6/io/netty/handler/ipfilter/IpFilterRule.class
target/shopcart-0.3.6/io/netty/handler/ipfilter/IpSubnetFilterRuleComparator.class
target/shopcart-0.3.6/io/netty/handler/pcap/EthernetPacket.class
target/shopcart-0.3.6/io/netty/handler/timeout/WriteTimeoutHandler$WriteTimeoutTask.class
target/shopcart-0.3.6/io/netty/handler/pcap/TCPPacket$TCPFlag.class
target/shopcart-0.3.6/io/netty/handler/pcap/PcapWriteHandler.class
target/shopcart-0.3.6/io/netty/handler/ipfilter/IpSubnetFilterRule$Ip6SubnetFilterRule.class
target/shopcart-0.3.6/io/netty/handler/ipfilter/IpFilterRuleType.class
target/shopcart-0.3.6/io/netty/handler/ipfilter/IpSubnetFilterRule$1.class
target/shopcart-0.3.6/io/netty/handler/ipfilter/UniqueIpFilter$1.class
target/shopcart-0.3.6/io/netty/handler/ipfilter/IpSubnetFilterRule$Ip4SubnetFilterRule.class
target/shopcart-0.3.6/io/netty/handler/ipfilter/RuleBasedIpFilter.class
target/shopcart-0.3.6/io/netty/handler/ipfilter/IpSubnetFilter.class
target/shopcart-0.3.6/io/netty/handler/ipfilter/AbstractRemoteAddressFilter.class
target/shopcart-0.3.6/io/netty/handler/logging/LogLevel.class
target/shopcart-0.3.6/io/netty/handler/logging/ByteBufFormat.class
target/shopcart-0.3.6/io/netty/handler/stream/ChunkedWriteHandler$PendingWrite.class
target/shopcart-0.3.6/io/netty/handler/stream/ChunkedWriteHandler$1.class
target/shopcart-0.3.6/io/netty/handler/logging/LoggingHandler.class
target/shopcart-0.3.6/io/netty/handler/ipfilter/IpSubnetFilterRule.class
target/shopcart-0.3.6/io/netty/handler/stream/ChunkedNioStream.class
target/shopcart-0.3.6/io/netty/handler/stream/ChunkedWriteHandler$3.class
target/shopcart-0.3.6/io/netty/handler/stream/ChunkedInput.class
target/shopcart-0.3.6/io/netty/handler/stream/ChunkedStream.class
target/shopcart-0.3.6/io/netty/handler/address/DynamicAddressConnectHandler.class
target/shopcart-0.3.6/io/netty/handler/stream/ChunkedWriteHandler$2.class
target/shopcart-0.3.6/io/netty/handler/address/DynamicAddressConnectHandler$1.class
target/shopcart-0.3.6/io/netty/handler/stream/ChunkedWriteHandler.class
target/shopcart-0.3.6/io/netty/handler/ssl/SslHandler$1.class
target/shopcart-0.3.6/io/netty/handler/address/ResolveAddressHandler$1.class
target/shopcart-0.3.6/io/netty/handler/address/ResolveAddressHandler.class
target/shopcart-0.3.6/io/netty/handler/ssl/ConscryptAlpnSslEngine$BufferAllocatorAdapter.class
target/shopcart-0.3.6/io/netty/handler/stream/ChunkedNioFile.class
target/shopcart-0.3.6/io/netty/handler/ssl/JdkAlpnSslUtils$5.class
target/shopcart-0.3.6/io/netty/handler/ssl/BouncyCastleAlpnSslUtils$6.class
target/shopcart-0.3.6/io/netty/handler/ssl/SslClosedEngineException.class
target/shopcart-0.3.6/io/netty/handler/ssl/JdkBaseApplicationProtocolNegotiator$FailProtocolSelectionListener.class
target/shopcart-0.3.6/io/netty/handler/ssl/JdkAlpnSslUtils$3.class
target/shopcart-0.3.6/io/netty/handler/ssl/ReferenceCountedOpenSslServerContext$OpenSslSniHostnameMatcher.class
target/shopcart-0.3.6/io/netty/handler/ssl/PemPrivateKey.class
target/shopcart-0.3.6/io/netty/handler/ssl/DelegatingSslContext.class
target/shopcart-0.3.6/io/netty/handler/ssl/OpenSslPrivateKey$OpenSslPrivateKeyMaterial.class
target/shopcart-0.3.6/io/netty/handler/stream/ChunkedFile.class
target/shopcart-0.3.6/io/netty/handler/ssl/JdkBaseApplicationProtocolNegotiator.class
target/shopcart-0.3.6/io/netty/handler/ssl/PemEncoded.class
target/shopcart-0.3.6/io/netty/handler/ssl/ApplicationProtocolNegotiationHandler.class
target/shopcart-0.3.6/io/netty/handler/ssl/OpenSslServerSessionContext.class
target/shopcart-0.3.6/io/netty/handler/ssl/SslCloseCompletionEvent.class
target/shopcart-0.3.6/io/netty/handler/ssl/AsyncRunnable.class
target/shopcart-0.3.6/io/netty/handler/ssl/SslHandler$11.class
target/shopcart-0.3.6/io/netty/handler/ssl/SniHandler.class
target/shopcart-0.3.6/io/netty/handler/ssl/ReferenceCountedOpenSslContext$AbstractCertificateVerifier.class
target/shopcart-0.3.6/io/netty/handler/ssl/BouncyCastleAlpnSslUtils$8.class
target/shopcart-0.3.6/io/netty/handler/ssl/JdkBaseApplicationProtocolNegotiator$2.class
target/shopcart-0.3.6/io/netty/handler/ssl/OpenSslSession.class
target/shopcart-0.3.6/io/netty/handler/ssl/OpenSslSessionContext$1.class
target/shopcart-0.3.6/io/netty/handler/ssl/ApplicationProtocolConfig$SelectorFailureBehavior.class
target/shopcart-0.3.6/io/netty/handler/ssl/OpenSslSessionStats.class
target/shopcart-0.3.6/io/netty/handler/ssl/BouncyCastleAlpnSslEngine.class
target/shopcart-0.3.6/io/netty/handler/ssl/PseudoRandomFunction.class
target/shopcart-0.3.6/io/netty/handler/ssl/ApplicationProtocolConfig$SelectedListenerFailureBehavior.class
target/shopcart-0.3.6/io/netty/handler/ssl/IdentityCipherSuiteFilter.class
target/shopcart-0.3.6/io/netty/handler/ssl/SslHandshakeCompletionEvent.class
target/shopcart-0.3.6/io/netty/handler/ssl/AbstractSniHandler.class
target/shopcart-0.3.6/io/netty/handler/ssl/JettyNpnSslEngine.class
target/shopcart-0.3.6/io/netty/handler/ssl/GroupsConverter.class
target/shopcart-0.3.6/io/netty/handler/ssl/OpenSslSessionTicketKey.class
target/shopcart-0.3.6/io/netty/handler/ssl/SslHandler$10$2.class
target/shopcart-0.3.6/io/netty/handler/ssl/OpenSslKeyMaterial.class
target/shopcart-0.3.6/io/netty/handler/ssl/NotSslRecordException.class
target/shopcart-0.3.6/io/netty/handler/ssl/ExtendedOpenSslSession.class
target/shopcart-0.3.6/io/netty/handler/ssl/ocsp/OcspClientHandler.class
target/shopcart-0.3.6/io/netty/handler/ssl/ReferenceCountedOpenSslEngine$HandshakeState.class
target/shopcart-0.3.6/io/netty/handler/ssl/BouncyCastleAlpnSslUtils$4.class
target/shopcart-0.3.6/io/netty/handler/ssl/ConscryptAlpnSslEngine$ClientEngine$1.class
target/shopcart-0.3.6/io/netty/handler/ssl/OpenSslX509TrustManagerWrapper$1.class
target/shopcart-0.3.6/io/netty/handler/ssl/JdkDefaultApplicationProtocolNegotiator.class
target/shopcart-0.3.6/io/netty/handler/ssl/OpenSslX509TrustManagerWrapper$3.class
target/shopcart-0.3.6/io/netty/handler/ssl/OpenSslX509KeyManagerFactory$OpenSslKeyManagerFactorySpi$ProviderFactory.class
target/shopcart-0.3.6/io/netty/handler/ssl/JdkBaseApplicationProtocolNegotiator$NoFailProtocolSelectionListener.class
target/shopcart-0.3.6/io/netty/handler/ssl/JdkApplicationProtocolNegotiator$SslEngineWrapperFactory.class
target/shopcart-0.3.6/io/netty/handler/ssl/SslHandler$SslEngineType$2.class
target/shopcart-0.3.6/io/netty/handler/ssl/SslContextOption.class
target/shopcart-0.3.6/io/netty/handler/ssl/SslProvider.class
target/shopcart-0.3.6/io/netty/handler/ssl/OpenSslSessionContext.class
target/shopcart-0.3.6/io/netty/handler/ssl/SslClientHelloHandler$1.class
target/shopcart-0.3.6/io/netty/handler/ssl/OpenSslCachingX509KeyManagerFactory$1.class
target/shopcart-0.3.6/io/netty/handler/ssl/JdkBaseApplicationProtocolNegotiator$4.class
target/shopcart-0.3.6/io/netty/handler/ssl/ReferenceCountedOpenSslEngine$AsyncTaskDecorator$1.class
target/shopcart-0.3.6/io/netty/handler/ssl/OpenSslX509TrustManagerWrapper.class
target/shopcart-0.3.6/io/netty/handler/ssl/JdkAlpnSslUtils$2.class
target/shopcart-0.3.6/io/netty/handler/ssl/OpenSslKeyMaterialManager.class
target/shopcart-0.3.6/io/netty/handler/ssl/SslContextBuilder.class
target/shopcart-0.3.6/io/netty/handler/ssl/JdkApplicationProtocolNegotiator$AllocatorAwareSslEngineWrapperFactory.class
target/shopcart-0.3.6/io/netty/handler/ssl/JdkAlpnSslEngine$2.class
target/shopcart-0.3.6/io/netty/handler/ssl/OpenSslX509TrustManagerWrapper$TrustManagerWrapper.class
target/shopcart-0.3.6/io/netty/handler/ssl/ConscryptAlpnSslEngine.class
target/shopcart-0.3.6/io/netty/handler/ssl/SslHandler$SslEngineType$3.class
target/shopcart-0.3.6/io/netty/handler/ssl/ReferenceCountedOpenSslServerContext$ExtendedTrustManagerVerifyCallback.class
target/shopcart-0.3.6/io/netty/handler/ssl/ApplicationProtocolUtil.class
target/shopcart-0.3.6/io/netty/handler/ssl/ConscryptAlpnSslEngine$BufferAdapter.class
target/shopcart-0.3.6/io/netty/handler/ssl/CipherSuiteFilter.class
target/shopcart-0.3.6/io/netty/handler/ssl/OpenSslX509KeyManagerFactory$OpenSslKeyStore.class
target/shopcart-0.3.6/io/netty/handler/ssl/OpenSslX509KeyManagerFactory$1.class
target/shopcart-0.3.6/io/netty/handler/ssl/OpenSslKeyMaterialProvider.class
target/shopcart-0.3.6/io/netty/handler/ssl/OpenSslClientSessionCache.class
target/shopcart-0.3.6/io/netty/handler/ssl/BouncyCastleAlpnSslUtils$1.class
target/shopcart-0.3.6/io/netty/handler/ssl/JdkAlpnApplicationProtocolNegotiator$1.class
target/shopcart-0.3.6/io/netty/handler/ssl/SslHandler$8.class
target/shopcart-0.3.6/io/netty/handler/ssl/OpenSslCachingX509KeyManagerFactory.class
target/shopcart-0.3.6/io/netty/handler/ssl/OpenSslContextOption.class
target/shopcart-0.3.6/io/netty/handler/ssl/ReferenceCountedOpenSslEngine$3.class
target/shopcart-0.3.6/io/netty/handler/ssl/JdkApplicationProtocolNegotiator.class
target/shopcart-0.3.6/io/netty/handler/ssl/ReferenceCountedOpenSslContext.class
target/shopcart-0.3.6/io/netty/handler/ssl/SslUtils.class
target/shopcart-0.3.6/io/netty/handler/ssl/OpenSslDefaultApplicationProtocolNegotiator.class
target/shopcart-0.3.6/io/netty/handler/ssl/OpenSslApplicationProtocolNegotiator.class
target/shopcart-0.3.6/io/netty/handler/ssl/SslHandler$10.class
target/shopcart-0.3.6/io/netty/handler/ssl/SslContext$1.class
target/shopcart-0.3.6/io/netty/handler/ssl/JettyAlpnSslEngine$ClientEngine.class
target/shopcart-0.3.6/io/netty/handler/ssl/OpenSslSessionCache.class
target/shopcart-0.3.6/io/netty/handler/ssl/ReferenceCountedOpenSslEngine$DefaultOpenSslSession.class
target/shopcart-0.3.6/io/netty/handler/ssl/SslHandler$SslTasksRunner$3.class
target/shopcart-0.3.6/io/netty/handler/ssl/SslMasterKeyHandler.class
target/shopcart-0.3.6/io/netty/handler/ssl/OpenSslContext.class
target/shopcart-0.3.6/io/netty/handler/ssl/ReferenceCountedOpenSslContext$PrivateKeyMethod.class
target/shopcart-0.3.6/io/netty/handler/ssl/JettyAlpnSslEngine.class
target/shopcart-0.3.6/io/netty/handler/ssl/JdkAlpnSslEngine$AlpnSelector.class
target/shopcart-0.3.6/io/netty/handler/ssl/OpenSslEngine.class
target/shopcart-0.3.6/io/netty/handler/ssl/SniHandler$AsyncMappingAdapter.class
target/shopcart-0.3.6/io/netty/handler/ssl/ApplicationProtocolNegotiator.class
target/shopcart-0.3.6/io/netty/handler/ssl/JdkBaseApplicationProtocolNegotiator$NoFailProtocolSelector.class
target/shopcart-0.3.6/io/netty/handler/ssl/JdkDefaultApplicationProtocolNegotiator$1.class
target/shopcart-0.3.6/io/netty/handler/ssl/SslCompletionEvent.class
target/shopcart-0.3.6/io/netty/handler/ssl/OpenSslAsyncPrivateKeyMethod.class
target/shopcart-0.3.6/io/netty/handler/ssl/JettyAlpnSslEngine$ClientEngine$1.class
target/shopcart-0.3.6/io/netty/handler/ssl/JdkNpnApplicationProtocolNegotiator$1.class
target/shopcart-0.3.6/io/netty/handler/ssl/OptionalSslHandler.class
target/shopcart-0.3.6/io/netty/handler/ssl/ReferenceCountedOpenSslContext$3.class
target/shopcart-0.3.6/io/netty/handler/ssl/ReferenceCountedOpenSslEngine$1.class
target/shopcart-0.3.6/io/netty/handler/ssl/SslHandler$7.class
target/shopcart-0.3.6/io/netty/handler/ssl/ApplicationProtocolNames.class
target/shopcart-0.3.6/io/netty/handler/ssl/ReferenceCountedOpenSslContext$AsyncPrivateKeyMethod.class
target/shopcart-0.3.6/io/netty/handler/ssl/ReferenceCountedOpenSslEngine.class
target/shopcart-0.3.6/io/netty/handler/ssl/SupportedCipherSuiteFilter.class
target/shopcart-0.3.6/io/netty/handler/ssl/SslMasterKeyHandler$1.class
target/shopcart-0.3.6/io/netty/handler/ssl/ApplicationProtocolAccessor.class
target/shopcart-0.3.6/io/netty/handler/ssl/Java7SslParametersUtils.class
target/shopcart-0.3.6/io/netty/handler/ssl/OpenSslClientSessionCache$HostPort.class
target/shopcart-0.3.6/io/netty/handler/ssl/BouncyCastleAlpnSslUtils$3.class
target/shopcart-0.3.6/io/netty/handler/ssl/SniHandler$Selection.class
target/shopcart-0.3.6/io/netty/handler/ssl/SslHandler$SslTasksRunner$2.class
target/shopcart-0.3.6/io/netty/handler/ssl/BouncyCastle.class
target/shopcart-0.3.6/io/netty/handler/ssl/JettyAlpnSslEngine$ServerEngine.class
target/shopcart-0.3.6/io/netty/handler/ssl/ExtendedOpenSslSession$SSLSessionBindingListenerDecorator.class
target/shopcart-0.3.6/io/netty/handler/ssl/JdkApplicationProtocolNegotiator$ProtocolSelector.class
target/shopcart-0.3.6/io/netty/handler/ssl/BouncyCastleAlpnSslUtils$2.class
target/shopcart-0.3.6/io/netty/handler/ssl/ConscryptAlpnSslEngine$ServerEngine$1.class
target/shopcart-0.3.6/io/netty/handler/ssl/SniHandler$1.class
target/shopcart-0.3.6/io/netty/handler/ssl/ReferenceCountedOpenSslClientContext$TrustManagerVerifyCallback.class
target/shopcart-0.3.6/io/netty/handler/ssl/ReferenceCountedOpenSslContext$AsyncPrivateKeyMethod$ResultCallbackListener.class
target/shopcart-0.3.6/io/netty/handler/ssl/CipherSuiteConverter.class
target/shopcart-0.3.6/io/netty/handler/ssl/OpenSslEngineMap.class
target/shopcart-0.3.6/io/netty/handler/ssl/SslContextOption$1.class
target/shopcart-0.3.6/io/netty/handler/ssl/OpenSslX509TrustManagerWrapper$2.class
target/shopcart-0.3.6/io/netty/handler/ssl/JdkApplicationProtocolNegotiator$ProtocolSelectionListener.class
target/shopcart-0.3.6/io/netty/handler/ssl/SslHandler$2.class
target/shopcart-0.3.6/io/netty/handler/ssl/SslMasterKeyHandler$WiresharkSslMasterKeyHandler.class
target/shopcart-0.3.6/io/netty/handler/ssl/OpenSslX509KeyManagerFactory$OpenSslKeyManagerFactorySpi.class
target/shopcart-0.3.6/io/netty/handler/ssl/SslHandler$4.class
target/shopcart-0.3.6/io/netty/handler/ssl/SslHandler$SslEngineType.class
target/shopcart-0.3.6/io/netty/handler/ssl/SslClientHelloHandler.class
target/shopcart-0.3.6/io/netty/handler/ssl/util/SimpleTrustManagerFactory$2.class
target/shopcart-0.3.6/io/netty/handler/ssl/util/KeyManagerFactoryWrapper.class
target/shopcart-0.3.6/io/netty/handler/ssl/util/SimpleTrustManagerFactory$1.class
target/shopcart-0.3.6/io/netty/handler/ssl/OpenSsl.class
target/shopcart-0.3.6/io/netty/handler/ssl/JdkAlpnSslEngine.class
target/shopcart-0.3.6/io/netty/handler/ssl/util/InsecureTrustManagerFactory$1.class
target/shopcart-0.3.6/io/netty/handler/ssl/util/FingerprintTrustManagerFactory$1.class
target/shopcart-0.3.6/io/netty/handler/ssl/util/ThreadLocalInsecureRandom.class
target/shopcart-0.3.6/io/netty/handler/ssl/util/FingerprintTrustManagerFactory$2.class
target/shopcart-0.3.6/io/netty/handler/ssl/util/OpenJdkSelfSignedCertGenerator.class
target/shopcart-0.3.6/io/netty/handler/ssl/util/SimpleTrustManagerFactory$SimpleTrustManagerFactorySpi.class
target/shopcart-0.3.6/io/netty/handler/ssl/util/SelfSignedCertificate.class
target/shopcart-0.3.6/io/netty/handler/ssl/util/SimpleKeyManagerFactory$1.class
target/shopcart-0.3.6/io/netty/handler/ssl/util/InsecureTrustManagerFactory.class
target/shopcart-0.3.6/io/netty/handler/ssl/util/SimpleKeyManagerFactory$2.class
target/shopcart-0.3.6/io/netty/handler/ssl/util/TrustManagerFactoryWrapper.class
target/shopcart-0.3.6/io/netty/handler/ssl/util/SimpleTrustManagerFactory.class
target/shopcart-0.3.6/io/netty/handler/ssl/util/LazyJavaxX509Certificate.class
target/shopcart-0.3.6/io/netty/handler/ssl/util/BouncyCastleSelfSignedCertGenerator.class
target/shopcart-0.3.6/io/netty/handler/ssl/util/X509KeyManagerWrapper.class
target/shopcart-0.3.6/io/netty/handler/ssl/util/SimpleKeyManagerFactory.class
target/shopcart-0.3.6/io/netty/handler/ssl/JdkApplicationProtocolNegotiator$ProtocolSelectionListenerFactory.class
target/shopcart-0.3.6/io/netty/handler/ssl/util/SimpleKeyManagerFactory$SimpleKeyManagerFactorySpi.class
target/shopcart-0.3.6/io/netty/handler/ssl/util/FingerprintTrustManagerFactory.class
target/shopcart-0.3.6/io/netty/handler/ssl/util/FingerprintTrustManagerFactoryBuilder.class
target/shopcart-0.3.6/io/netty/handler/ssl/util/X509TrustManagerWrapper.class
target/shopcart-0.3.6/io/netty/handler/ssl/util/LazyX509Certificate.class
target/shopcart-0.3.6/io/netty/handler/ssl/SslHandler$SslEngineType$1.class
target/shopcart-0.3.6/io/netty/handler/ssl/OpenSslCertificateException.class
target/shopcart-0.3.6/io/netty/handler/ssl/OpenSslNpnApplicationProtocolNegotiator.class
target/shopcart-0.3.6/io/netty/handler/ssl/SslProvider$1.class
target/shopcart-0.3.6/io/netty/handler/ssl/BouncyCastleAlpnSslEngine$1.class
target/shopcart-0.3.6/io/netty/handler/ssl/OpenSslX509KeyManagerFactory$OpenSslKeyStore$1.class
target/shopcart-0.3.6/io/netty/handler/ssl/SslHandler$10$1.class
target/shopcart-0.3.6/io/netty/handler/ssl/SslHandler$6.class
target/shopcart-0.3.6/io/netty/handler/ssl/SslHandler$SslTasksRunner.class
target/shopcart-0.3.6/io/netty/handler/ssl/JettyAlpnSslEngine$ServerEngine$1.class
target/shopcart-0.3.6/io/netty/handler/ssl/SslHandler$LazyChannelPromise.class
target/shopcart-0.3.6/io/netty/handler/ssl/DefaultOpenSslKeyMaterial.class
target/shopcart-0.3.6/io/netty/handler/ssl/OpenSslPrivateKey.class
target/shopcart-0.3.6/io/netty/handler/ssl/JdkAlpnSslUtils$4.class
target/shopcart-0.3.6/io/netty/handler/ssl/SniCompletionEvent.class
target/shopcart-0.3.6/io/netty/handler/ssl/BouncyCastleAlpnSslUtils$5.class
target/shopcart-0.3.6/io/netty/handler/ssl/OpenSslSessionId.class
target/shopcart-0.3.6/io/netty/handler/ssl/ConscryptAlpnSslEngine$1.class
target/shopcart-0.3.6/io/netty/handler/ssl/Conscrypt.class
target/shopcart-0.3.6/io/netty/handler/ssl/JettyAlpnSslEngine$1.class
target/shopcart-0.3.6/io/netty/handler/ssl/JettyNpnSslEngine$2.class
target/shopcart-0.3.6/io/netty/handler/ssl/OpenSslServerContext.class
target/shopcart-0.3.6/io/netty/handler/ssl/PemReader.class
target/shopcart-0.3.6/io/netty/handler/ssl/Ciphers.class
target/shopcart-0.3.6/io/netty/handler/ssl/JettyNpnSslEngine$1.class
target/shopcart-0.3.6/io/netty/handler/ssl/JdkAlpnApplicationProtocolNegotiator$FailureWrapper.class
target/shopcart-0.3.6/io/netty/handler/ssl/ConscryptAlpnSslEngine$ClientEngine.class
target/shopcart-0.3.6/io/netty/handler/ssl/JdkAlpnApplicationProtocolNegotiator$AlpnWrapper.class
target/shopcart-0.3.6/io/netty/handler/ssl/SslContext.class
target/shopcart-0.3.6/io/netty/handler/ssl/SslHandler$SslHandlerCoalescingBufferQueue.class
target/shopcart-0.3.6/io/netty/handler/ssl/PemValue.class
target/shopcart-0.3.6/io/netty/handler/ssl/OpenSslSessionCache$NativeSslSession.class
target/shopcart-0.3.6/io/netty/handler/ssl/PemX509Certificate.class
target/shopcart-0.3.6/io/netty/handler/ssl/ReferenceCountedOpenSslContext$1.class
target/shopcart-0.3.6/io/netty/handler/ssl/ApplicationProtocolConfig.class
target/shopcart-0.3.6/io/netty/handler/ssl/JdkAlpnSslUtils$6.class
target/shopcart-0.3.6/io/netty/handler/ssl/ApplicationProtocolConfig$Protocol.class
target/shopcart-0.3.6/io/netty/handler/ssl/SslHandler$5.class
target/shopcart-0.3.6/io/netty/handler/ssl/JdkApplicationProtocolNegotiator$ProtocolSelectorFactory.class
target/shopcart-0.3.6/io/netty/handler/ssl/SignatureAlgorithmConverter.class
target/shopcart-0.3.6/io/netty/handler/ssl/JdkNpnApplicationProtocolNegotiator.class
target/shopcart-0.3.6/io/netty/handler/ssl/OpenSslX509TrustManagerWrapper$UnsafeTrustManagerWrapper.class
target/shopcart-0.3.6/io/netty/handler/ssl/JdkBaseApplicationProtocolNegotiator$3.class
target/shopcart-0.3.6/io/netty/handler/ssl/ReferenceCountedOpenSslContext$2.class
target/shopcart-0.3.6/io/netty/handler/ssl/JdkAlpnSslUtils$1.class
target/shopcart-0.3.6/io/netty/handler/ssl/Java8SslUtils.class
target/shopcart-0.3.6/io/netty/handler/ssl/JdkSslEngine.class
target/shopcart-0.3.6/io/netty/handler/ssl/BouncyCastleAlpnSslUtils.class
target/shopcart-0.3.6/io/netty/handler/ssl/ReferenceCountedOpenSslClientContext$OpenSslClientCertificateCallback.class
target/shopcart-0.3.6/io/netty/handler/ssl/OpenSslX509KeyManagerFactory$OpenSslKeyManagerFactorySpi$ProviderFactory$OpenSslPopulatedKeyMaterialProvider.class
target/shopcart-0.3.6/io/netty/handler/ssl/SslHandler.class
target/shopcart-0.3.6/io/netty/handler/ssl/OpenSslX509KeyManagerFactory.class
target/shopcart-0.3.6/io/netty/handler/ssl/JdkBaseApplicationProtocolNegotiator$FailProtocolSelector.class
target/shopcart-0.3.6/io/netty/handler/ssl/SslHandshakeTimeoutException.class
target/shopcart-0.3.6/io/netty/handler/ssl/JdkSslContext$1.class
target/shopcart-0.3.6/io/netty/handler/ssl/OpenSslCachingKeyMaterialProvider.class
target/shopcart-0.3.6/io/netty/handler/ssl/ClientAuth.class
target/shopcart-0.3.6/io/netty/handler/ssl/ReferenceCountedOpenSslServerContext.class
target/shopcart-0.3.6/io/netty/handler/ssl/ReferenceCountedOpenSslClientContext$OpenSslClientSessionContext.class
target/shopcart-0.3.6/io/netty/handler/ssl/SslHandler$AsyncTaskCompletionHandler.class
target/shopcart-0.3.6/io/netty/handler/ssl/BouncyCastleAlpnSslUtils$9.class
target/shopcart-0.3.6/io/netty/handler/ssl/JdkAlpnApplicationProtocolNegotiator.class
target/shopcart-0.3.6/io/netty/handler/ssl/SslProtocols.class
target/shopcart-0.3.6/io/netty/handler/ssl/ReferenceCountedOpenSslEngine$2.class
target/shopcart-0.3.6/io/netty/handler/ssl/JdkBaseApplicationProtocolNegotiator$1.class
target/shopcart-0.3.6/io/netty/handler/ssl/ReferenceCountedOpenSslServerContext$TrustManagerVerifyCallback.class
target/shopcart-0.3.6/io/netty/handler/ssl/ReferenceCountedOpenSslContext$DefaultOpenSslEngineMap.class
target/shopcart-0.3.6/io/netty/handler/ssl/SslHandler$9.class
target/shopcart-0.3.6/io/netty/handler/ssl/BouncyCastleAlpnSslUtils$7.class
target/shopcart-0.3.6/io/netty/handler/ssl/ReferenceCountedOpenSslEngine$AsyncTaskDecorator.class
target/shopcart-0.3.6/io/netty/handler/ssl/OpenSslSessionCache$1.class
target/shopcart-0.3.6/io/netty/handler/ssl/SslHandler$3.class
target/shopcart-0.3.6/io/netty/handler/ssl/JdkAlpnSslEngine$1.class
target/shopcart-0.3.6/io/netty/handler/ssl/JdkSslClientContext.class
target/shopcart-0.3.6/io/netty/handler/ssl/OpenSslPrivateKeyMethod.class
target/shopcart-0.3.6/io/netty/handler/ssl/JdkAlpnSslUtils.class
target/shopcart-0.3.6/io/netty/handler/ssl/ConscryptAlpnSslEngine$ServerEngine.class
target/shopcart-0.3.6/io/netty/handler/ssl/JdkSslServerContext.class
target/shopcart-0.3.6/io/netty/handler/ssl/BouncyCastleAlpnSslEngine$2.class
target/shopcart-0.3.6/io/netty/handler/ssl/ReferenceCountedOpenSslClientContext$ExtendedTrustManagerVerifyCallback.class
target/shopcart-0.3.6/io/netty/handler/ssl/JdkSslContext.class
target/shopcart-0.3.6/io/netty/handler/ssl/SslHandler$SslTasksRunner$1.class
target/shopcart-0.3.6/io/netty/handler/traffic/ChannelTrafficShapingHandler$ToSend.class
target/shopcart-0.3.6/io/netty/handler/ssl/ReferenceCountedOpenSslServerContext$OpenSslServerCertificateCallback.class
target/shopcart-0.3.6/io/netty/handler/traffic/GlobalTrafficShapingHandler$ToSend.class
target/shopcart-0.3.6/io/netty/handler/traffic/GlobalTrafficShapingHandler$PerChannel.class
target/shopcart-0.3.6/io/netty/handler/ssl/OpenSslClientContext.class
target/shopcart-0.3.6/io/netty/handler/ssl/ReferenceCountedOpenSslEngine$TaskDecorator.class
target/shopcart-0.3.6/io/netty/handler/traffic/GlobalChannelTrafficShapingHandler$1$1.class
target/shopcart-0.3.6/io/netty/handler/ssl/ReferenceCountedOpenSslClientContext.class
target/shopcart-0.3.6/io/netty/handler/traffic/GlobalChannelTrafficCounter.class
target/shopcart-0.3.6/io/netty/handler/traffic/GlobalChannelTrafficShapingHandler$2.class
target/shopcart-0.3.6/io/netty/handler/traffic/GlobalTrafficShapingHandler$1.class
target/shopcart-0.3.6/io/netty/handler/traffic/GlobalChannelTrafficShapingHandler$1.class
target/shopcart-0.3.6/io/netty/handler/traffic/GlobalChannelTrafficCounter$MixedTrafficMonitoringTask.class
target/shopcart-0.3.6/io/netty/handler/traffic/TrafficCounter$TrafficMonitoringTask.class
target/shopcart-0.3.6/io/netty/handler/traffic/GlobalChannelTrafficShapingHandler$PerChannel.class
target/shopcart-0.3.6/io/netty/handler/traffic/ChannelTrafficShapingHandler$1.class
target/shopcart-0.3.6/io/netty/handler/traffic/TrafficCounter.class
target/shopcart-0.3.6/io/netty/handler/traffic/GlobalChannelTrafficShapingHandler$ToSend.class
target/shopcart-0.3.6/io/netty/handler/traffic/AbstractTrafficShapingHandler$ReopenReadTimerTask.class
target/shopcart-0.3.6/io/netty/handler/codec/Headers.class
target/shopcart-0.3.6/io/netty/handler/traffic/ChannelTrafficShapingHandler.class
target/shopcart-0.3.6/io/netty/handler/traffic/AbstractTrafficShapingHandler.class
target/shopcart-0.3.6/io/netty/handler/traffic/GlobalTrafficShapingHandler.class
target/shopcart-0.3.6/io/netty/handler/traffic/TrafficCounter$1.class
target/shopcart-0.3.6/io/netty/handler/codec/DefaultHeaders$1.class
target/shopcart-0.3.6/io/netty/handler/codec/ByteToMessageDecoder$Cumulator.class
target/shopcart-0.3.6/io/netty/handler/codec/AsciiHeadersEncoder$SeparatorType.class
target/shopcart-0.3.6/io/netty/handler/codec/FixedLengthFrameDecoder.class
target/shopcart-0.3.6/io/netty/handler/codec/EncoderException.class
target/shopcart-0.3.6/io/netty/handler/codec/MessageAggregator$1.class
target/shopcart-0.3.6/io/netty/handler/codec/socks/SocksCmdResponseDecoder$1.class
target/shopcart-0.3.6/io/netty/handler/codec/socks/UnknownSocksRequest.class
target/shopcart-0.3.6/io/netty/handler/codec/ByteToMessageCodec$1.class
target/shopcart-0.3.6/io/netty/handler/codec/socks/SocksCmdRequestDecoder$1.class
target/shopcart-0.3.6/io/netty/handler/codec/HeadersUtils$1.class
target/shopcart-0.3.6/io/netty/handler/codec/MessageToMessageCodec$2.class
target/shopcart-0.3.6/io/netty/handler/codec/HeadersUtils$StringEntry.class
target/shopcart-0.3.6/io/netty/handler/traffic/GlobalChannelTrafficShapingHandler.class
target/shopcart-0.3.6/io/netty/handler/codec/socks/SocksAuthRequest.class
target/shopcart-0.3.6/io/netty/handler/codec/socks/SocksResponseType.class
target/shopcart-0.3.6/io/netty/handler/codec/socks/SocksInitRequestDecoder$State.class
target/shopcart-0.3.6/io/netty/handler/codec/socks/UnknownSocksResponse.class
target/shopcart-0.3.6/io/netty/handler/codec/socks/SocksAuthStatus.class
target/shopcart-0.3.6/io/netty/handler/codec/socks/SocksCmdRequestDecoder.class
target/shopcart-0.3.6/io/netty/handler/codec/socks/SocksCommonUtils.class
target/shopcart-0.3.6/io/netty/handler/codec/socks/SocksCmdType.class
target/shopcart-0.3.6/io/netty/handler/codec/socks/SocksMessageType.class
target/shopcart-0.3.6/io/netty/handler/codec/socks/SocksAuthResponse.class
target/shopcart-0.3.6/io/netty/handler/codec/socks/SocksSubnegotiationVersion.class
target/shopcart-0.3.6/io/netty/handler/codec/socks/SocksMessageEncoder.class
target/shopcart-0.3.6/io/netty/handler/codec/socks/SocksAuthResponseDecoder$1.class
target/shopcart-0.3.6/io/netty/handler/codec/socks/SocksCmdResponseDecoder.class
target/shopcart-0.3.6/io/netty/handler/codec/socks/SocksCmdStatus.class
target/shopcart-0.3.6/io/netty/handler/codec/socks/SocksCmdRequest$1.class
target/shopcart-0.3.6/io/netty/handler/codec/socks/SocksMessage.class
target/shopcart-0.3.6/io/netty/handler/codec/socks/SocksInitRequest.class
target/shopcart-0.3.6/io/netty/handler/codec/socks/SocksCmdResponseDecoder$State.class
target/shopcart-0.3.6/io/netty/handler/codec/socks/SocksCmdResponse$1.class
target/shopcart-0.3.6/io/netty/handler/codec/socks/SocksAuthResponseDecoder.class
target/shopcart-0.3.6/io/netty/handler/codec/socks/SocksInitRequestDecoder.class
target/shopcart-0.3.6/io/netty/handler/codec/socks/SocksProtocolVersion.class
target/shopcart-0.3.6/io/netty/handler/codec/socks/SocksInitResponse.class
target/shopcart-0.3.6/io/netty/handler/codec/socks/SocksInitResponseDecoder.class
target/shopcart-0.3.6/io/netty/handler/codec/socks/SocksCmdRequestDecoder$State.class
target/shopcart-0.3.6/io/netty/handler/codec/socks/SocksInitResponseDecoder$State.class
target/shopcart-0.3.6/io/netty/handler/codec/socks/SocksResponse.class
target/shopcart-0.3.6/io/netty/handler/codec/socks/SocksAuthResponseDecoder$State.class
target/shopcart-0.3.6/io/netty/handler/codec/socks/SocksRequestType.class
target/shopcart-0.3.6/io/netty/handler/codec/socks/SocksInitResponseDecoder$1.class
target/shopcart-0.3.6/io/netty/handler/codec/socks/SocksRequest.class
target/shopcart-0.3.6/io/netty/handler/codec/socks/SocksAuthRequestDecoder$State.class
target/shopcart-0.3.6/io/netty/handler/codec/socks/SocksAuthScheme.class
target/shopcart-0.3.6/io/netty/handler/codec/socks/SocksAuthRequestDecoder$1.class
target/shopcart-0.3.6/io/netty/handler/codec/socks/SocksInitRequestDecoder$1.class
target/shopcart-0.3.6/io/netty/handler/codec/rtsp/RtspRequestDecoder.class
target/shopcart-0.3.6/io/netty/handler/codec/socks/SocksAddressType.class
target/shopcart-0.3.6/io/netty/handler/codec/socks/SocksCmdResponse.class
target/shopcart-0.3.6/io/netty/handler/codec/rtsp/RtspVersions.class
target/shopcart-0.3.6/io/netty/handler/codec/xml/XmlFrameDecoder.class
target/shopcart-0.3.6/io/netty/handler/codec/socks/SocksAuthRequestDecoder.class
target/shopcart-0.3.6/io/netty/handler/codec/rtsp/RtspHeaderValues.class
target/shopcart-0.3.6/io/netty/handler/codec/LineBasedFrameDecoder.class
target/shopcart-0.3.6/io/netty/handler/codec/rtsp/RtspResponseEncoder.class
target/shopcart-0.3.6/io/netty/handler/codec/rtsp/RtspDecoder.class
target/shopcart-0.3.6/io/netty/handler/codec/socks/SocksCmdRequest.class
target/shopcart-0.3.6/io/netty/handler/codec/rtsp/RtspHeaders$Values.class
target/shopcart-0.3.6/io/netty/handler/codec/rtsp/RtspResponseDecoder.class
target/shopcart-0.3.6/io/netty/handler/codec/rtsp/RtspHeaders.class
target/shopcart-0.3.6/io/netty/handler/codec/rtsp/RtspObjectEncoder.class
target/shopcart-0.3.6/io/netty/handler/codec/rtsp/RtspHeaderNames.class
target/shopcart-0.3.6/io/netty/handler/codec/rtsp/RtspHeaders$Names.class
target/shopcart-0.3.6/io/netty/handler/codec/rtsp/RtspResponseStatuses.class
target/shopcart-0.3.6/io/netty/handler/codec/rtsp/RtspRequestEncoder.class
target/shopcart-0.3.6/io/netty/handler/codec/rtsp/RtspEncoder.class
target/shopcart-0.3.6/io/netty/handler/codec/Delimiters.class
target/shopcart-0.3.6/io/netty/handler/codec/DefaultHeaders$NameValidator.class
target/shopcart-0.3.6/io/netty/handler/codec/http/websocketx/WebSocketFrameEncoder.class
target/shopcart-0.3.6/io/netty/handler/codec/DefaultHeaders$ValueIterator.class
target/shopcart-0.3.6/io/netty/handler/codec/http/HttpScheme.class
target/shopcart-0.3.6/io/netty/handler/codec/rtsp/RtspMethods.class
target/shopcart-0.3.6/io/netty/handler/codec/http/HttpContent.class
target/shopcart-0.3.6/io/netty/handler/codec/http/HttpContentCompressor$BrEncoderFactory.class
target/shopcart-0.3.6/io/netty/handler/codec/http/websocketx/WebSocketServerHandshaker$2.class
target/shopcart-0.3.6/io/netty/handler/codec/rtsp/RtspObjectDecoder.class
target/shopcart-0.3.6/io/netty/handler/codec/http/HttpClientUpgradeHandler$SourceCodec.class
target/shopcart-0.3.6/io/netty/handler/codec/http/HttpContentEncoder$State.class
target/shopcart-0.3.6/io/netty/handler/codec/http/ReadOnlyHttpHeaders$ReadOnlyValueIterator.class
target/shopcart-0.3.6/io/netty/handler/codec/http/ReadOnlyHttpHeaders$ReadOnlyStringValueIterator.class
target/shopcart-0.3.6/io/netty/handler/codec/http/HttpObjectDecoder$LineParser.class
target/shopcart-0.3.6/io/netty/handler/codec/http/websocketx/WebSocketClientProtocolHandshakeHandler$1.class
target/shopcart-0.3.6/io/netty/handler/codec/http/websocketx/WebSocketFrameDecoder.class
target/shopcart-0.3.6/io/netty/handler/codec/http/websocketx/Utf8FrameValidator.class
target/shopcart-0.3.6/io/netty/handler/codec/http/websocketx/WebSocketServerProtocolHandshakeHandler$1.class
target/shopcart-0.3.6/io/netty/handler/codec/http/websocketx/WebSocketClientProtocolConfig$1.class
target/shopcart-0.3.6/io/netty/handler/codec/http/websocketx/WebSocketProtocolHandler$2.class
target/shopcart-0.3.6/io/netty/handler/codec/http/websocketx/WebSocketDecoderConfig.class
target/shopcart-0.3.6/io/netty/handler/codec/http/websocketx/WebSocketServerProtocolConfig.class
target/shopcart-0.3.6/io/netty/handler/codec/http/websocketx/WebSocketClientProtocolHandshakeHandler$3.class
target/shopcart-0.3.6/io/netty/handler/codec/http/websocketx/WebSocketUtil$1.class
target/shopcart-0.3.6/io/netty/handler/codec/http/websocketx/Utf8Validator.class
target/shopcart-0.3.6/io/netty/handler/codec/http/websocketx/WebSocketServerProtocolHandshakeHandler.class
target/shopcart-0.3.6/io/netty/handler/codec/http/websocketx/WebSocketServerProtocolHandshakeHandler$3.class
target/shopcart-0.3.6/io/netty/handler/codec/http/websocketx/WebSocketServerHandshakeException.class
target/shopcart-0.3.6/io/netty/handler/codec/http/websocketx/WebSocketClientHandshaker$5.class
target/shopcart-0.3.6/io/netty/handler/codec/http/websocketx/PongWebSocketFrame.class
target/shopcart-0.3.6/io/netty/handler/codec/http/HttpHeaders.class
target/shopcart-0.3.6/io/netty/handler/codec/DefaultHeaders.class
target/shopcart-0.3.6/io/netty/handler/codec/http/websocketx/WebSocketChunkedInput.class
target/shopcart-0.3.6/io/netty/handler/codec/http/websocketx/WebSocket07FrameEncoder.class
target/shopcart-0.3.6/io/netty/handler/codec/http/websocketx/WebSocketClientHandshaker$3.class
target/shopcart-0.3.6/io/netty/handler/codec/http/websocketx/PingWebSocketFrame.class
target/shopcart-0.3.6/io/netty/handler/codec/http/websocketx/WebSocketClientHandshaker13.class
target/shopcart-0.3.6/io/netty/handler/codec/http/websocketx/WebSocket07FrameDecoder.class
target/shopcart-0.3.6/io/netty/handler/codec/http/websocketx/WebSocketServerProtocolHandshakeHandler$2.class
target/shopcart-0.3.6/io/netty/handler/codec/http/websocketx/WebSocketServerHandshakerFactory.class
target/shopcart-0.3.6/io/netty/handler/codec/http/websocketx/extensions/WebSocketExtensionFilter$2.class
target/shopcart-0.3.6/io/netty/handler/codec/http/websocketx/extensions/WebSocketServerExtension.class
target/shopcart-0.3.6/io/netty/handler/codec/http/websocketx/extensions/WebSocketClientExtension.class
target/shopcart-0.3.6/io/netty/handler/codec/http/websocketx/extensions/WebSocketExtensionDecoder.class
target/shopcart-0.3.6/io/netty/handler/codec/http/websocketx/WebSocketClientHandshaker$4.class
target/shopcart-0.3.6/io/netty/handler/codec/http/websocketx/WebSocketClientProtocolHandler$ClientHandshakeStateEvent.class
target/shopcart-0.3.6/io/netty/handler/codec/http/websocketx/WebSocketClientProtocolHandshakeHandler.class
target/shopcart-0.3.6/io/netty/handler/codec/http/websocketx/WebSocketServerProtocolConfig$Builder.class
target/shopcart-0.3.6/io/netty/handler/codec/http/websocketx/extensions/WebSocketServerExtensionHandshaker.class
target/shopcart-0.3.6/io/netty/handler/codec/http/websocketx/extensions/WebSocketExtensionData.class
target/shopcart-0.3.6/io/netty/handler/codec/http/websocketx/extensions/WebSocketExtensionFilterProvider$1.class
target/shopcart-0.3.6/io/netty/handler/codec/http/websocketx/WebSocketClientProtocolHandler.class
target/shopcart-0.3.6/io/netty/handler/codec/http/websocketx/WebSocket08FrameDecoder.class
target/shopcart-0.3.6/io/netty/handler/codec/http/websocketx/extensions/WebSocketClientExtensionHandler.class
target/shopcart-0.3.6/io/netty/handler/codec/http/websocketx/extensions/WebSocketExtensionEncoder.class
target/shopcart-0.3.6/io/netty/handler/codec/http/websocketx/extensions/WebSocketServerExtensionHandler$1.class
target/shopcart-0.3.6/io/netty/handler/codec/http/websocketx/extensions/WebSocketClientExtensionHandshaker.class
target/shopcart-0.3.6/io/netty/handler/codec/http/websocketx/extensions/WebSocketExtensionFilter.class
target/shopcart-0.3.6/io/netty/handler/codec/http/websocketx/extensions/WebSocketExtension.class
target/shopcart-0.3.6/io/netty/handler/codec/http/websocketx/extensions/WebSocketServerExtensionHandler$2.class
target/shopcart-0.3.6/io/netty/handler/codec/http/websocketx/extensions/WebSocketExtensionUtil.class
target/shopcart-0.3.6/io/netty/handler/codec/http/websocketx/extensions/compression/DeflateDecoder.class
target/shopcart-0.3.6/io/netty/handler/codec/http/websocketx/extensions/WebSocketExtensionFilterProvider.class
target/shopcart-0.3.6/io/netty/handler/codec/http/websocketx/extensions/WebSocketServerExtensionHandler.class
target/shopcart-0.3.6/io/netty/handler/codec/http/websocketx/extensions/compression/PerMessageDeflateServerExtensionHandshaker$PermessageDeflateExtension.class
target/shopcart-0.3.6/io/netty/handler/codec/http/websocketx/extensions/compression/DeflateFrameClientExtensionHandshaker$DeflateFrameClientExtension.class
target/shopcart-0.3.6/io/netty/handler/codec/http/websocketx/extensions/compression/PerMessageDeflateDecoder.class
target/shopcart-0.3.6/io/netty/handler/codec/http/websocketx/extensions/compression/PerFrameDeflateDecoder.class
target/shopcart-0.3.6/io/netty/handler/codec/http/websocketx/extensions/compression/PerMessageDeflateEncoder.class
target/shopcart-0.3.6/io/netty/handler/codec/http/websocketx/extensions/compression/WebSocketServerCompressionHandler.class
target/shopcart-0.3.6/io/netty/handler/codec/http/websocketx/extensions/compression/PerMessageDeflateClientExtensionHandshaker.class
target/shopcart-0.3.6/io/netty/handler/codec/http/websocketx/extensions/compression/DeflateFrameServerExtensionHandshaker$DeflateFrameServerExtension.class
target/shopcart-0.3.6/io/netty/handler/codec/http/websocketx/extensions/compression/PerMessageDeflateServerExtensionHandshaker.class
target/shopcart-0.3.6/io/netty/handler/codec/http/websocketx/extensions/compression/DeflateEncoder.class
target/shopcart-0.3.6/io/netty/handler/codec/http/websocketx/extensions/compression/PerFrameDeflateEncoder.class
target/shopcart-0.3.6/io/netty/handler/codec/http/websocketx/extensions/compression/DeflateFrameServerExtensionHandshaker.class
target/shopcart-0.3.6/io/netty/handler/codec/http/websocketx/extensions/compression/WebSocketClientCompressionHandler.class
target/shopcart-0.3.6/io/netty/handler/codec/http/websocketx/WebSocket08FrameDecoder$State.class
target/shopcart-0.3.6/io/netty/handler/codec/http/websocketx/extensions/compression/PerMessageDeflateClientExtensionHandshaker$PermessageDeflateExtension.class
target/shopcart-0.3.6/io/netty/handler/codec/http/websocketx/extensions/WebSocketExtensionFilter$1.class
target/shopcart-0.3.6/io/netty/handler/codec/http/websocketx/CorruptedWebSocketFrameException.class
target/shopcart-0.3.6/io/netty/handler/codec/http/websocketx/extensions/compression/DeflateFrameClientExtensionHandshaker.class
target/shopcart-0.3.6/io/netty/handler/codec/http/websocketx/WebSocket13FrameEncoder.class
target/shopcart-0.3.6/io/netty/handler/codec/http/websocketx/WebSocket00FrameDecoder.class
target/shopcart-0.3.6/io/netty/handler/codec/http/websocketx/WebSocketProtocolHandler$3.class
target/shopcart-0.3.6/io/netty/handler/codec/http/websocketx/BinaryWebSocketFrame.class
target/shopcart-0.3.6/io/netty/handler/codec/http/websocketx/WebSocketHandshakeException.class
target/shopcart-0.3.6/io/netty/handler/codec/http/websocketx/WebSocketClientHandshakeException.class
target/shopcart-0.3.6/io/netty/handler/codec/http/websocketx/WebSocketFrame.class
target/shopcart-0.3.6/io/netty/handler/codec/http/websocketx/WebSocketVersion.class
target/shopcart-0.3.6/io/netty/handler/codec/http/websocketx/ContinuationWebSocketFrame.class
target/shopcart-0.3.6/io/netty/handler/codec/http/websocketx/WebSocket13FrameDecoder.class
target/shopcart-0.3.6/io/netty/handler/codec/http/websocketx/WebSocketUtil$2.class
target/shopcart-0.3.6/io/netty/handler/codec/http/websocketx/WebSocketDecoderConfig$Builder.class
target/shopcart-0.3.6/io/netty/handler/codec/http/websocketx/WebSocketFrameAggregator.class
target/shopcart-0.3.6/io/netty/handler/codec/http/websocketx/WebSocketServerHandshaker13.class
target/shopcart-0.3.6/io/netty/handler/codec/http/websocketx/WebSocketClientHandshaker08.class
target/shopcart-0.3.6/io/netty/handler/codec/http/websocketx/WebSocketClientProtocolHandshakeHandler$2.class
target/shopcart-0.3.6/io/netty/handler/codec/http/websocketx/WebSocketClientHandshaker$5$1.class
target/shopcart-0.3.6/io/netty/handler/codec/http/websocketx/WebSocketServerProtocolConfig$1.class
target/shopcart-0.3.6/io/netty/handler/codec/http/websocketx/WebSocketClientProtocolConfig.class
target/shopcart-0.3.6/io/netty/handler/codec/http/websocketx/WebSocketProtocolHandler$1.class
target/shopcart-0.3.6/io/netty/handler/codec/http/websocketx/WebSocketClientHandshaker00.class
target/shopcart-0.3.6/io/netty/handler/codec/http/websocketx/WebSocketDecoderConfig$1.class
target/shopcart-0.3.6/io/netty/handler/codec/http/websocketx/WebSocketServerProtocolHandler$HandshakeComplete.class
target/shopcart-0.3.6/io/netty/handler/codec/http/websocketx/WebSocketServerHandshaker$1.class
target/shopcart-0.3.6/io/netty/handler/codec/http/websocketx/WebSocketServerProtocolHandler.class
target/shopcart-0.3.6/io/netty/handler/codec/http/websocketx/WebSocketCloseStatus.class
target/shopcart-0.3.6/io/netty/handler/codec/http/websocketx/WebSocketClientProtocolConfig$Builder.class
target/shopcart-0.3.6/io/netty/handler/codec/http/websocketx/WebSocket00FrameEncoder.class
target/shopcart-0.3.6/io/netty/handler/codec/http/websocketx/WebSocketServerHandshaker00.class
target/shopcart-0.3.6/io/netty/handler/codec/http/websocketx/WebSocket08FrameDecoder$1.class
target/shopcart-0.3.6/io/netty/handler/codec/http/websocketx/WebSocketClientHandshaker$5$2.class
target/shopcart-0.3.6/io/netty/handler/codec/http/websocketx/WebSocketProtocolHandler.class
target/shopcart-0.3.6/io/netty/handler/codec/http/websocketx/WebSocketClientHandshaker$1.class
target/shopcart-0.3.6/io/netty/handler/codec/http/websocketx/CloseWebSocketFrame.class
target/shopcart-0.3.6/io/netty/handler/codec/http/websocketx/WebSocketClientHandshakerFactory.class
target/shopcart-0.3.6/io/netty/handler/codec/http/websocketx/WebSocketServerProtocolHandler$ServerHandshakeStateEvent.class
target/shopcart-0.3.6/io/netty/handler/codec/http/websocketx/WebSocketClientHandshaker.class
target/shopcart-0.3.6/io/netty/handler/codec/http/websocketx/WebSocketClientHandshaker$2.class
target/shopcart-0.3.6/io/netty/handler/codec/http/websocketx/WebSocketServerHandshaker08.class
target/shopcart-0.3.6/io/netty/handler/codec/http/FullHttpResponse.class
target/shopcart-0.3.6/io/netty/handler/codec/http/HttpClientUpgradeHandler$UpgradeEvent.class
target/shopcart-0.3.6/io/netty/handler/codec/http/websocketx/WebSocketClientHandshaker07.class
target/shopcart-0.3.6/io/netty/handler/codec/http/websocketx/TextWebSocketFrame.class
target/shopcart-0.3.6/io/netty/handler/codec/http/websocketx/WebSocketServerHandshaker07.class
target/shopcart-0.3.6/io/netty/handler/codec/http/websocketx/WebSocket08FrameEncoder.class
target/shopcart-0.3.6/io/netty/handler/codec/http/websocketx/WebSocketScheme.class
target/shopcart-0.3.6/io/netty/handler/codec/http/LastHttpContent.class
target/shopcart-0.3.6/io/netty/handler/codec/http/HttpMessage.class
target/shopcart-0.3.6/io/netty/handler/codec/http/websocketx/WebSocketServerHandshaker.class
target/shopcart-0.3.6/io/netty/handler/codec/http/websocketx/WebSocketUtil.class
target/shopcart-0.3.6/io/netty/handler/codec/http/HttpMethod$EnumNameMap$Node.class
target/shopcart-0.3.6/io/netty/handler/codec/http/HttpServerCodec.class
target/shopcart-0.3.6/io/netty/handler/codec/http/DefaultHttpHeaders.class
target/shopcart-0.3.6/io/netty/handler/codec/http/ComposedLastHttpContent.class
target/shopcart-0.3.6/io/netty/handler/codec/http/HttpObjectAggregator.class
target/shopcart-0.3.6/io/netty/handler/codec/http/DefaultHttpResponse.class
target/shopcart-0.3.6/io/netty/handler/codec/http/ReadOnlyHttpHeaders$1.class
target/shopcart-0.3.6/io/netty/handler/codec/http/HttpConstants.class
target/shopcart-0.3.6/io/netty/handler/codec/http/HttpServerCodec$HttpServerRequestDecoder.class
target/shopcart-0.3.6/io/netty/handler/codec/http/DefaultHttpHeaders$2.class
target/shopcart-0.3.6/io/netty/handler/codec/http/HttpHeaderNames.class
target/shopcart-0.3.6/io/netty/handler/codec/http/HttpContentDecoder.class
target/shopcart-0.3.6/io/netty/handler/codec/http/HttpContentEncoder.class
target/shopcart-0.3.6/io/netty/handler/codec/http/HttpServerCodec$HttpServerResponseEncoder.class
target/shopcart-0.3.6/io/netty/handler/codec/http/HttpServerUpgradeHandler$UpgradeCodec.class
target/shopcart-0.3.6/io/netty/handler/codec/http/FullHttpMessage.class
target/shopcart-0.3.6/io/netty/handler/codec/http/HttpHeaderDateFormat$HttpHeaderDateFormatObsolete2.class
target/shopcart-0.3.6/io/netty/handler/codec/http/HttpHeaders$Names.class
target/shopcart-0.3.6/io/netty/handler/codec/http/HttpObjectAggregator$2.class
target/shopcart-0.3.6/io/netty/handler/codec/http/HttpServerUpgradeHandler$UpgradeEvent.class
target/shopcart-0.3.6/io/netty/handler/codec/http/CookieDecoder.class
target/shopcart-0.3.6/io/netty/handler/codec/http/HttpRequestDecoder.class
target/shopcart-0.3.6/io/netty/handler/codec/http/ClientCookieEncoder.class
target/shopcart-0.3.6/io/netty/handler/codec/http/DefaultHttpMessage.class
target/shopcart-0.3.6/io/netty/handler/codec/http/ReadOnlyHttpHeaders$ReadOnlyStringIterator.class
target/shopcart-0.3.6/io/netty/handler/codec/http/HttpObjectDecoder.class
target/shopcart-0.3.6/io/netty/handler/codec/http/DefaultLastHttpContent$TrailingHttpHeaders.class
target/shopcart-0.3.6/io/netty/handler/codec/http/HttpHeaderDateFormat$HttpHeaderDateFormatObsolete1.class
target/shopcart-0.3.6/io/netty/handler/codec/http/QueryStringEncoder.class
target/shopcart-0.3.6/io/netty/handler/codec/http/HttpObjectDecoder$HeaderParser.class
target/shopcart-0.3.6/io/netty/handler/codec/http/DefaultLastHttpContent.class
target/shopcart-0.3.6/io/netty/handler/codec/http/HttpHeaderDateFormat$1.class
target/shopcart-0.3.6/io/netty/handler/codec/http/HttpObjectAggregator$AggregatedFullHttpRequest.class
target/shopcart-0.3.6/io/netty/handler/codec/http/QueryStringDecoder.class
target/shopcart-0.3.6/io/netty/handler/codec/http/HttpServerUpgradeHandler$UpgradeCodecFactory.class
target/shopcart-0.3.6/io/netty/handler/codec/http/HttpRequestEncoder.class
target/shopcart-0.3.6/io/netty/handler/codec/http/HttpResponseEncoder.class
target/shopcart-0.3.6/io/netty/handler/codec/http/CombinedHttpHeaders$CombinedHttpHeadersImpl$CsvValueEscaper.class
target/shopcart-0.3.6/io/netty/handler/codec/http/cors/CorsConfig$DateValueGenerator.class
target/shopcart-0.3.6/io/netty/handler/codec/http/cors/CorsConfigBuilder$ConstantValueGenerator.class
target/shopcart-0.3.6/io/netty/handler/codec/http/HttpObjectAggregator$AggregatedFullHttpResponse.class
target/shopcart-0.3.6/io/netty/handler/codec/http/cors/CorsConfigBuilder$DateValueGenerator.class
target/shopcart-0.3.6/io/netty/handler/codec/http/cors/CorsConfigBuilder$1.class
target/shopcart-0.3.6/io/netty/handler/codec/http/DefaultFullHttpResponse.class
target/shopcart-0.3.6/io/netty/handler/codec/http/ReadOnlyHttpHeaders.class
target/shopcart-0.3.6/io/netty/handler/codec/http/cors/CorsHandler.class
target/shopcart-0.3.6/io/netty/handler/codec/http/cors/CorsConfig.class
target/shopcart-0.3.6/io/netty/handler/codec/http/cors/CorsConfig$Builder.class
target/shopcart-0.3.6/io/netty/handler/codec/http/DefaultHttpHeaders$HeaderValueConverter.class
target/shopcart-0.3.6/io/netty/handler/codec/http/EmptyHttpHeaders$InstanceInitializer.class
target/shopcart-0.3.6/io/netty/handler/codec/http/cors/CorsConfigBuilder.class
target/shopcart-0.3.6/io/netty/handler/codec/http/DefaultHttpHeaders$1.class
target/shopcart-0.3.6/io/netty/handler/codec/http/HttpServerExpectContinueHandler.class
target/shopcart-0.3.6/io/netty/handler/codec/http/HttpVersion.class
target/shopcart-0.3.6/io/netty/handler/codec/http/HttpObjectDecoder$State.class
target/shopcart-0.3.6/io/netty/handler/codec/http/HttpMethod.class
target/shopcart-0.3.6/io/netty/handler/codec/http/HttpClientCodec$1.class
target/shopcart-0.3.6/io/netty/handler/codec/http/HttpMessageUtil.class
target/shopcart-0.3.6/io/netty/handler/codec/http/CompressionEncoderFactory.class
target/shopcart-0.3.6/io/netty/handler/codec/http/HttpServerKeepAliveHandler.class
target/shopcart-0.3.6/io/netty/handler/codec/http/DefaultHttpContent.class
target/shopcart-0.3.6/io/netty/handler/codec/http/ServerCookieEncoder.class
target/shopcart-0.3.6/io/netty/handler/codec/http/HttpClientUpgradeHandler.class
target/shopcart-0.3.6/io/netty/handler/codec/http/HttpMethod$EnumNameMap.class
target/shopcart-0.3.6/io/netty/handler/codec/http/HttpHeaders$Values.class
target/shopcart-0.3.6/io/netty/handler/codec/http/HttpClientCodec$Encoder.class
target/shopcart-0.3.6/io/netty/handler/codec/http/cookie/CookieEncoder.class
target/shopcart-0.3.6/io/netty/handler/codec/http/cookie/ServerCookieDecoder.class
target/shopcart-0.3.6/io/netty/handler/codec/http/Cookie.class
target/shopcart-0.3.6/io/netty/handler/codec/http/cookie/Cookie.class
target/shopcart-0.3.6/io/netty/handler/codec/http/CombinedHttpHeaders.class
target/shopcart-0.3.6/io/netty/handler/codec/http/cookie/CookieHeaderNames$SameSite.class
target/shopcart-0.3.6/io/netty/handler/codec/http/cookie/CookieDecoder.class
target/shopcart-0.3.6/io/netty/handler/codec/http/cookie/CookieHeaderNames.class
target/shopcart-0.3.6/io/netty/handler/codec/http/FullHttpRequest.class
target/shopcart-0.3.6/io/netty/handler/codec/http/cookie/ClientCookieDecoder.class
target/shopcart-0.3.6/io/netty/handler/codec/http/cookie/ClientCookieEncoder.class
target/shopcart-0.3.6/io/netty/handler/codec/http/cookie/ClientCookieEncoder$1.class
target/shopcart-0.3.6/io/netty/handler/codec/http/HttpResponse.class
target/shopcart-0.3.6/io/netty/handler/codec/http/cookie/ClientCookieDecoder$CookieBuilder.class
target/shopcart-0.3.6/io/netty/handler/codec/http/cookie/DefaultCookie.class
target/shopcart-0.3.6/io/netty/handler/codec/http/HttpHeaderDateFormat.class
target/shopcart-0.3.6/io/netty/handler/codec/http/HttpExpectationFailedEvent.class
target/shopcart-0.3.6/io/netty/handler/codec/http/HttpServerUpgradeHandler.class
target/shopcart-0.3.6/io/netty/handler/codec/http/cookie/ServerCookieEncoder.class
target/shopcart-0.3.6/io/netty/handler/codec/http/HttpStatusClass$1.class
target/shopcart-0.3.6/io/netty/handler/codec/http/HttpServerCodec$1.class
target/shopcart-0.3.6/io/netty/handler/codec/http/cookie/CookieUtil.class
target/shopcart-0.3.6/io/netty/handler/codec/http/DefaultLastHttpContent$TrailingHttpHeaders$1.class
target/shopcart-0.3.6/io/netty/handler/codec/http/HttpObjectDecoder$1.class
target/shopcart-0.3.6/io/netty/handler/codec/http/HttpRequest.class
target/shopcart-0.3.6/io/netty/handler/codec/http/HttpServerUpgradeHandler$SourceCodec.class
target/shopcart-0.3.6/io/netty/handler/codec/http/HttpObjectAggregator$1.class
target/shopcart-0.3.6/io/netty/handler/codec/http/HttpContentEncoder$1.class
target/shopcart-0.3.6/io/netty/handler/codec/http/HttpObjectAggregator$AggregatedFullHttpMessage.class
target/shopcart-0.3.6/io/netty/handler/codec/http/HttpUtil.class
target/shopcart-0.3.6/io/netty/handler/codec/http/DefaultHttpHeaders$HeaderValueConverterAndValidator.class
target/shopcart-0.3.6/io/netty/handler/codec/http/HttpObject.class
target/shopcart-0.3.6/io/netty/handler/codec/http/HttpClientCodec.class
target/shopcart-0.3.6/io/netty/handler/codec/http/HttpContentCompressor.class
target/shopcart-0.3.6/io/netty/handler/codec/http/CombinedHttpHeaders$CombinedHttpHeadersImpl$2.class
target/shopcart-0.3.6/io/netty/handler/codec/http/HttpStatusClass.class
target/shopcart-0.3.6/io/netty/handler/codec/http/multipart/FileUploadUtil.class
target/shopcart-0.3.6/io/netty/handler/codec/http/multipart/HttpDataFactory.class
target/shopcart-0.3.6/io/netty/handler/codec/http/multipart/InterfaceHttpData.class
target/shopcart-0.3.6/io/netty/handler/codec/http/EmptyHttpHeaders.class
target/shopcart-0.3.6/io/netty/handler/codec/http/multipart/AbstractHttpData.class
target/shopcart-0.3.6/io/netty/handler/codec/http/multipart/DeleteFileOnExitHook.class
target/shopcart-0.3.6/io/netty/handler/codec/http/multipart/HttpPostMultipartRequestDecoder$1.class
target/shopcart-0.3.6/io/netty/handler/codec/http/multipart/DefaultHttpDataFactory.class
target/shopcart-0.3.6/io/netty/handler/codec/http/multipart/FileUpload.class
target/shopcart-0.3.6/io/netty/handler/codec/http/multipart/HttpPostRequestDecoder.class
target/shopcart-0.3.6/io/netty/handler/codec/http/multipart/InternalAttribute.class
target/shopcart-0.3.6/io/netty/handler/codec/http/multipart/CaseIgnoringComparator.class
target/shopcart-0.3.6/io/netty/handler/codec/http/multipart/HttpPostRequestEncoder$1.class
target/shopcart-0.3.6/io/netty/handler/codec/http/multipart/HttpPostRequestDecoder$EndOfDataDecoderException.class
target/shopcart-0.3.6/io/netty/handler/codec/http/multipart/Attribute.class
target/shopcart-0.3.6/io/netty/handler/codec/http/multipart/MemoryAttribute.class
target/shopcart-0.3.6/io/netty/handler/codec/http/multipart/HttpPostRequestDecoder$ErrorDataDecoderException.class
target/shopcart-0.3.6/io/netty/handler/codec/http/multipart/HttpPostRequestEncoder$EncoderMode.class
target/shopcart-0.3.6/io/netty/handler/codec/http/multipart/HttpData.class
target/shopcart-0.3.6/io/netty/handler/codec/http/multipart/HttpPostRequestDecoder$NotEnoughDataDecoderException.class
target/shopcart-0.3.6/io/netty/handler/codec/http/multipart/HttpPostStandardRequestDecoder$1.class
target/shopcart-0.3.6/io/netty/handler/codec/http/multipart/InterfaceHttpPostRequestDecoder.class
target/shopcart-0.3.6/io/netty/handler/codec/http/multipart/MixedAttribute.class
target/shopcart-0.3.6/io/netty/handler/codec/http/multipart/HttpPostRequestEncoder$WrappedHttpRequest.class
target/shopcart-0.3.6/io/netty/handler/codec/http/multipart/HttpPostRequestEncoder$WrappedFullHttpRequest.class
target/shopcart-0.3.6/io/netty/handler/codec/http/multipart/HttpPostStandardRequestDecoder$UrlEncodedDetector.class
target/shopcart-0.3.6/io/netty/handler/codec/http/multipart/InterfaceHttpData$HttpDataType.class
target/shopcart-0.3.6/io/netty/handler/codec/http/multipart/HttpPostBodyUtil.class
target/shopcart-0.3.6/io/netty/handler/codec/http/multipart/MemoryFileUpload.class
target/shopcart-0.3.6/io/netty/handler/codec/http/multipart/HttpPostRequestDecoder$MultiPartStatus.class
target/shopcart-0.3.6/io/netty/handler/codec/http/multipart/AbstractDiskHttpData.class
target/shopcart-0.3.6/io/netty/handler/codec/http/multipart/DeleteFileOnExitHook$1.class
target/shopcart-0.3.6/io/netty/handler/codec/http/multipart/HttpPostStandardRequestDecoder$UrlDecoder.class
target/shopcart-0.3.6/io/netty/handler/codec/http/multipart/HttpPostBodyUtil$TransferEncodingMechanism.class
target/shopcart-0.3.6/io/netty/handler/codec/http/multipart/HttpPostBodyUtil$SeekAheadOptimize.class
target/shopcart-0.3.6/io/netty/handler/codec/http/HttpHeadersEncoder.class
target/shopcart-0.3.6/io/netty/handler/codec/http/multipart/HttpPostRequestEncoder$ErrorDataEncoderException.class
target/shopcart-0.3.6/io/netty/handler/codec/http/HttpContentDecompressor.class
target/shopcart-0.3.6/io/netty/handler/codec/http/multipart/DiskFileUpload.class
target/shopcart-0.3.6/io/netty/handler/codec/http/HttpClientUpgradeHandler$UpgradeCodec.class
target/shopcart-0.3.6/io/netty/handler/codec/http/DefaultHttpObject.class
target/shopcart-0.3.6/io/netty/handler/codec/http/HttpMessageDecoderResult.class
target/shopcart-0.3.6/io/netty/handler/codec/http/multipart/DiskAttribute.class
target/shopcart-0.3.6/io/netty/handler/codec/http/multipart/AbstractMemoryHttpData.class
target/shopcart-0.3.6/io/netty/handler/codec/http/HttpChunkedInput.class
target/shopcart-0.3.6/io/netty/handler/codec/http/ReadOnlyHttpHeaders$ReadOnlyIterator.class
target/shopcart-0.3.6/io/netty/handler/codec/http/LastHttpContent$1.class
target/shopcart-0.3.6/io/netty/handler/codec/http/HttpResponseDecoder.class
target/shopcart-0.3.6/io/netty/handler/codec/http/multipart/HttpPostStandardRequestDecoder.class
target/shopcart-0.3.6/io/netty/handler/codec/http/HttpHeaderValues.class
target/shopcart-0.3.6/io/netty/handler/codec/http/CookieUtil.class
target/shopcart-0.3.6/io/netty/handler/codec/http/DefaultFullHttpRequest.class
target/shopcart-0.3.6/io/netty/handler/codec/http/HttpContentCompressor$GzipEncoderFactory.class
target/shopcart-0.3.6/io/netty/handler/codec/http/HttpContentCompressor$1.class
target/shopcart-0.3.6/io/netty/handler/codec/http/HttpContentEncoder$Result.class
target/shopcart-0.3.6/io/netty/handler/codec/http/DefaultHttpRequest.class
target/shopcart-0.3.6/io/netty/handler/codec/http/HttpResponseStatus.class
target/shopcart-0.3.6/io/netty/handler/codec/http/HttpClientCodec$Decoder.class
target/shopcart-0.3.6/io/netty/handler/codec/http/multipart/HttpPostMultipartRequestDecoder.class
target/shopcart-0.3.6/io/netty/handler/codec/http/CombinedHttpHeaders$CombinedHttpHeadersImpl$1.class
target/shopcart-0.3.6/io/netty/handler/codec/http/HttpContentCompressor$ZstdEncoderFactory.class
target/shopcart-0.3.6/io/netty/handler/codec/http/multipart/MixedFileUpload.class
target/shopcart-0.3.6/io/netty/handler/codec/http/DefaultHttpHeaders$3.class
target/shopcart-0.3.6/io/netty/handler/codec/serialization/ClassLoaderClassResolver.class
target/shopcart-0.3.6/io/netty/handler/codec/http/HttpObjectEncoder.class
target/shopcart-0.3.6/io/netty/handler/codec/serialization/ClassResolvers.class
target/shopcart-0.3.6/io/netty/handler/codec/http/HttpContentCompressor$DeflateEncoderFactory.class
target/shopcart-0.3.6/io/netty/handler/codec/serialization/SoftReferenceMap.class
target/shopcart-0.3.6/io/netty/handler/codec/http/DefaultCookie.class
target/shopcart-0.3.6/io/netty/handler/codec/http/CombinedHttpHeaders$CombinedHttpHeadersImpl.class
target/shopcart-0.3.6/io/netty/handler/codec/serialization/CachingClassResolver.class
target/shopcart-0.3.6/io/netty/handler/codec/serialization/ClassResolver.class
target/shopcart-0.3.6/io/netty/handler/codec/serialization/CompatibleObjectEncoder.class
target/shopcart-0.3.6/io/netty/handler/codec/serialization/ObjectEncoder.class
target/shopcart-0.3.6/io/netty/handler/codec/serialization/CompactObjectInputStream.class
target/shopcart-0.3.6/io/netty/handler/codec/serialization/WeakReferenceMap.class
target/shopcart-0.3.6/io/netty/handler/codec/serialization/ObjectDecoderInputStream.class
target/shopcart-0.3.6/io/netty/handler/codec/serialization/CompactObjectOutputStream.class
target/shopcart-0.3.6/io/netty/handler/codec/serialization/ReferenceMap.class
target/shopcart-0.3.6/io/netty/handler/codec/serialization/ObjectEncoderOutputStream.class
target/shopcart-0.3.6/io/netty/handler/codec/serialization/ObjectDecoder.class
target/shopcart-0.3.6/io/netty/handler/codec/http/multipart/HttpPostRequestEncoder.class
target/shopcart-0.3.6/io/netty/handler/codec/string/LineSeparator.class
target/shopcart-0.3.6/io/netty/handler/codec/string/LineEncoder.class
target/shopcart-0.3.6/io/netty/handler/codec/PrematureChannelClosureException.class
target/shopcart-0.3.6/io/netty/handler/codec/string/StringDecoder.class
target/shopcart-0.3.6/io/netty/handler/codec/string/StringEncoder.class
target/shopcart-0.3.6/io/netty/handler/codec/HeadersUtils$DelegatingStringSet.class
target/shopcart-0.3.6/io/netty/handler/codec/ValueConverter.class
target/shopcart-0.3.6/io/netty/handler/codec/CharSequenceValueConverter.class
target/shopcart-0.3.6/io/netty/handler/codec/AsciiHeadersEncoder.class
target/shopcart-0.3.6/io/netty/handler/codec/CodecException.class
target/shopcart-0.3.6/io/netty/handler/codec/AsciiHeadersEncoder$1.class
target/shopcart-0.3.6/io/netty/handler/codec/DateFormatter$1.class
target/shopcart-0.3.6/io/netty/handler/codec/ByteToMessageDecoder$2.class
target/shopcart-0.3.6/io/netty/handler/codec/DatagramPacketDecoder.class
target/shopcart-0.3.6/io/netty/handler/codec/MessageToMessageEncoder.class
target/shopcart-0.3.6/io/netty/handler/codec/HeadersUtils$CharSequenceDelegatingStringSet.class
target/shopcart-0.3.6/io/netty/handler/codec/LengthFieldBasedFrameDecoder.class
target/shopcart-0.3.6/io/netty/handler/codec/LengthFieldPrepender.class
target/shopcart-0.3.6/io/netty/handler/codec/ByteToMessageCodec.class
target/shopcart-0.3.6/io/netty/handler/codec/base64/Base64Encoder.class
target/shopcart-0.3.6/io/netty/handler/codec/base64/Base64Decoder.class
target/shopcart-0.3.6/io/netty/handler/codec/base64/Base64Dialect.class
target/shopcart-0.3.6/io/netty/handler/codec/base64/Base64$Decoder.class
target/shopcart-0.3.6/io/netty/handler/codec/base64/Base64$1.class
target/shopcart-0.3.6/io/netty/handler/codec/ByteToMessageDecoder.class
target/shopcart-0.3.6/io/netty/handler/codec/protobuf/ProtobufEncoder.class
target/shopcart-0.3.6/io/netty/handler/codec/base64/Base64.class
target/shopcart-0.3.6/io/netty/handler/codec/protobuf/ProtobufDecoder.class
target/shopcart-0.3.6/io/netty/handler/codec/ReplayingDecoderByteBuf.class
target/shopcart-0.3.6/io/netty/handler/codec/protobuf/ProtobufVarint32LengthFieldPrepender.class
target/shopcart-0.3.6/io/netty/handler/codec/protobuf/ProtobufEncoderNano.class
target/shopcart-0.3.6/io/netty/handler/codec/protobuf/ProtobufDecoderNano.class
target/shopcart-0.3.6/io/netty/handler/codec/CorruptedFrameException.class
target/shopcart-0.3.6/io/netty/handler/codec/http2/Http2FrameCodec$2.class
target/shopcart-0.3.6/io/netty/handler/codec/protobuf/ProtobufVarint32FrameDecoder.class
target/shopcart-0.3.6/io/netty/handler/codec/http2/Http2ResetFrame.class
target/shopcart-0.3.6/io/netty/handler/codec/http2/Http2Stream.class
target/shopcart-0.3.6/io/netty/handler/codec/http2/Http2HeadersEncoder.class
target/shopcart-0.3.6/io/netty/handler/codec/MessageToByteEncoder.class
target/shopcart-0.3.6/io/netty/handler/codec/http2/Http2ControlFrameLimitEncoder.class
target/shopcart-0.3.6/io/netty/handler/codec/http2/Http2LocalFlowController.class
target/shopcart-0.3.6/io/netty/handler/codec/DatagramPacketEncoder.class
target/shopcart-0.3.6/io/netty/handler/codec/ReplayingDecoder.class
target/shopcart-0.3.6/io/netty/handler/codec/DelimiterBasedFrameDecoder.class
target/shopcart-0.3.6/io/netty/handler/codec/http2/Http2FrameTypes.class
target/shopcart-0.3.6/io/netty/handler/codec/http2/DefaultHttp2ResetFrame.class
target/shopcart-0.3.6/io/netty/handler/codec/http2/Http2MultiplexHandler$Http2MultiplexHandlerStreamChannel.class
target/shopcart-0.3.6/io/netty/handler/codec/http2/Http2ConnectionDecoder.class
target/shopcart-0.3.6/io/netty/handler/codec/http2/HttpConversionUtil$ExtensionHeaderNames.class
target/shopcart-0.3.6/io/netty/handler/codec/http2/DefaultHttp2UnknownFrame.class
target/shopcart-0.3.6/io/netty/handler/codec/http2/StreamByteDistributor$Writer.class
target/shopcart-0.3.6/io/netty/handler/codec/http2/Http2Stream$State.class
target/shopcart-0.3.6/io/netty/handler/codec/http2/Http2HeadersEncoder$Configuration.class
target/shopcart-0.3.6/io/netty/handler/codec/http2/CompressorHttp2ConnectionEncoder$2.class
target/shopcart-0.3.6/io/netty/handler/codec/http2/CleartextHttp2ServerUpgradeHandler.class
target/shopcart-0.3.6/io/netty/handler/codec/http2/DefaultHttp2PushPromiseFrame.class
target/shopcart-0.3.6/io/netty/handler/codec/http2/Http2EmptyDataFrameConnectionDecoder.class
target/shopcart-0.3.6/io/netty/handler/codec/http2/DefaultHttp2ConnectionDecoder$PrefaceFrameListener.class
target/shopcart-0.3.6/io/netty/handler/codec/http2/WeightedFairQueueByteDistributor$StateOnlyComparator.class
target/shopcart-0.3.6/io/netty/handler/codec/http2/Http2ConnectionHandlerBuilder.class
target/shopcart-0.3.6/io/netty/handler/codec/http2/DefaultHttp2Connection$DefaultStream$PropertyMap.class
target/shopcart-0.3.6/io/netty/handler/codec/http2/Http2Error.class
target/shopcart-0.3.6/io/netty/handler/codec/http2/Http2FrameListenerDecorator.class
target/shopcart-0.3.6/io/netty/handler/codec/http2/Http2StreamChannel.class
target/shopcart-0.3.6/io/netty/handler/codec/http2/HpackUtil.class
target/shopcart-0.3.6/io/netty/handler/codec/http2/DefaultHttp2FrameReader.class
target/shopcart-0.3.6/io/netty/handler/codec/http2/DefaultHttp2FrameReader$HeadersContinuation.class
target/shopcart-0.3.6/io/netty/handler/codec/http2/HttpConversionUtil$Http2ToHttpHeaderTranslator.class
target/shopcart-0.3.6/io/netty/handler/codec/http2/Http2StreamChannelBootstrap$1.class
target/shopcart-0.3.6/io/netty/handler/codec/http2/Http2ClientUpgradeCodec.class
target/shopcart-0.3.6/io/netty/handler/codec/http2/HpackUtil$IndexType.class
target/shopcart-0.3.6/io/netty/handler/codec/http2/Http2OutboundFrameLogger.class
target/shopcart-0.3.6/io/netty/handler/codec/http2/CompressorHttp2ConnectionEncoder$1.class
target/shopcart-0.3.6/io/netty/handler/codec/http2/Http2FrameStream.class
target/shopcart-0.3.6/io/netty/handler/codec/http2/Http2MultiplexCodec$1.class
target/shopcart-0.3.6/io/netty/handler/codec/http2/DefaultHttp2RemoteFlowController$1.class
target/shopcart-0.3.6/io/netty/handler/codec/http2/Http2ConnectionHandler$2.class
target/shopcart-0.3.6/io/netty/handler/codec/http2/AbstractInboundHttp2ToHttpAdapterBuilder.class
target/shopcart-0.3.6/io/netty/handler/codec/http2/Http2FlowController.class
target/shopcart-0.3.6/io/netty/handler/codec/http2/Http2FrameLogger$Direction.class
target/shopcart-0.3.6/io/netty/handler/codec/http2/DelegatingDecompressorFrameListener$1.class
target/shopcart-0.3.6/io/netty/handler/codec/http2/DefaultHttp2LocalFlowController$DefaultState.class
target/shopcart-0.3.6/io/netty/handler/codec/http2/DefaultHttp2HeadersFrame.class
target/shopcart-0.3.6/io/netty/handler/codec/http2/AbstractHttp2StreamChannel$FlowControlledFrameSizeEstimator.class
target/shopcart-0.3.6/io/netty/handler/codec/http2/InboundHttp2ToHttpAdapter.class
target/shopcart-0.3.6/io/netty/handler/codec/http2/DefaultHttp2Headers$2.class
target/shopcart-0.3.6/io/netty/handler/codec/http2/StreamByteDistributor.class
target/shopcart-0.3.6/io/netty/handler/codec/http2/AbstractHttp2StreamChannel$Http2ChannelUnsafe$1.class
target/shopcart-0.3.6/io/netty/handler/codec/http2/Http2SettingsFrame.class
target/shopcart-0.3.6/io/netty/handler/codec/http2/AbstractHttp2StreamChannel$3.class
target/shopcart-0.3.6/io/netty/handler/codec/http2/DecoratingHttp2FrameWriter.class
target/shopcart-0.3.6/io/netty/handler/codec/http2/DefaultHttp2WindowUpdateFrame.class
target/shopcart-0.3.6/io/netty/handler/codec/http2/Http2StreamVisitor.class
target/shopcart-0.3.6/io/netty/handler/codec/http2/Http2StreamChannelBootstrap.class
target/shopcart-0.3.6/io/netty/handler/codec/http2/DecoratingHttp2ConnectionDecoder.class
target/shopcart-0.3.6/io/netty/handler/codec/http2/Http2ConnectionHandler$3.class
target/shopcart-0.3.6/io/netty/handler/codec/http2/Http2Exception$1.class
target/shopcart-0.3.6/io/netty/handler/codec/http2/Http2PushPromiseFrame.class
target/shopcart-0.3.6/io/netty/handler/codec/http2/HpackDecoder$Sink.class
target/shopcart-0.3.6/io/netty/handler/codec/http2/HttpToHttp2ConnectionHandlerBuilder.class
target/shopcart-0.3.6/io/netty/handler/codec/http2/DefaultHttp2SettingsAckFrame.class
target/shopcart-0.3.6/io/netty/handler/codec/http2/DefaultHttp2Connection$ActiveStreams$1.class
target/shopcart-0.3.6/io/netty/handler/codec/http2/Http2InboundFrameLogger.class
target/shopcart-0.3.6/io/netty/handler/codec/http2/Http2FrameCodec$1.class
target/shopcart-0.3.6/io/netty/handler/codec/http2/StreamBufferingEncoder$1.class
target/shopcart-0.3.6/io/netty/handler/codec/http2/DefaultHttp2RemoteFlowController$ListenerWritabilityMonitor.class
target/shopcart-0.3.6/io/netty/handler/codec/http2/DelegatingDecompressorFrameListener$ConsumedBytesConverter.class
target/shopcart-0.3.6/io/netty/handler/codec/http2/HpackEncoder$HeaderEntry.class
target/shopcart-0.3.6/io/netty/handler/codec/http2/AbstractHttp2StreamChannel$5.class
target/shopcart-0.3.6/io/netty/handler/codec/http2/Http2FrameReader$Configuration.class
target/shopcart-0.3.6/io/netty/handler/codec/http2/InboundHttp2ToHttpAdapter$ImmediateSendDetector.class
target/shopcart-0.3.6/io/netty/handler/codec/http2/Http2FrameCodec$3.class
target/shopcart-0.3.6/io/netty/handler/codec/http2/Http2ServerUpgradeCodec.class
target/shopcart-0.3.6/io/netty/handler/codec/http2/Http2FrameCodec$4.class
target/shopcart-0.3.6/io/netty/handler/codec/http2/WeightedFairQueueByteDistributor$1.class
target/shopcart-0.3.6/io/netty/handler/codec/http2/Http2RemoteFlowController.class
target/shopcart-0.3.6/io/netty/handler/codec/http2/Http2NoMoreStreamIdsException.class
target/shopcart-0.3.6/io/netty/handler/codec/http2/ReadOnlyHttp2Headers$ReadOnlyValueIterator.class
target/shopcart-0.3.6/io/netty/handler/codec/http2/Http2Exception.class
target/shopcart-0.3.6/io/netty/handler/codec/http2/InboundHttp2ToHttpAdapterBuilder.class
target/shopcart-0.3.6/io/netty/handler/codec/http2/DefaultHttp2ConnectionDecoder.class
target/shopcart-0.3.6/io/netty/handler/codec/http2/Http2FrameWriter$Configuration.class
target/shopcart-0.3.6/io/netty/handler/codec/http2/Http2SecurityUtil.class
target/shopcart-0.3.6/io/netty/handler/codec/http2/Http2StreamChannelBootstrap$2.class
target/shopcart-0.3.6/io/netty/handler/codec/http2/DefaultHttp2RemoteFlowController$WritabilityMonitor$1.class
target/shopcart-0.3.6/io/netty/handler/codec/http2/HpackDecoder.class
target/shopcart-0.3.6/io/netty/handler/codec/http2/Http2CodecUtil.class
target/shopcart-0.3.6/io/netty/handler/codec/http2/Http2PromisedRequestVerifier.class
target/shopcart-0.3.6/io/netty/handler/codec/http2/Http2HeadersEncoder$1.class
target/shopcart-0.3.6/io/netty/handler/codec/http2/DefaultHttp2Connection$Event.class
target/shopcart-0.3.6/io/netty/handler/codec/http2/DefaultHttp2Connection$2.class
target/shopcart-0.3.6/io/netty/handler/codec/http2/StreamBufferingEncoder$DataFrame.class
target/shopcart-0.3.6/io/netty/handler/codec/http2/Http2DataWriter.class
target/shopcart-0.3.6/io/netty/handler/codec/http2/DefaultHttp2ConnectionEncoder$FlowControlledHeaders.class
target/shopcart-0.3.6/io/netty/handler/codec/http2/DefaultHttp2Connection.class
target/shopcart-0.3.6/io/netty/handler/codec/http2/Http2MultiplexHandler$2.class
target/shopcart-0.3.6/io/netty/handler/codec/http2/HpackDynamicTable.class
target/shopcart-0.3.6/io/netty/handler/codec/http2/Http2PingFrame.class
target/shopcart-0.3.6/io/netty/handler/codec/http2/DefaultHttp2Headers$1.class
target/shopcart-0.3.6/io/netty/handler/codec/http2/AbstractHttp2StreamChannel$2.class
target/shopcart-0.3.6/io/netty/handler/codec/http2/Http2Connection.class
target/shopcart-0.3.6/io/netty/handler/codec/http2/Http2FrameSizePolicy.class
target/shopcart-0.3.6/io/netty/handler/codec/http2/DefaultHttp2DataFrame.class
target/shopcart-0.3.6/io/netty/handler/codec/http2/DefaultHttp2Headers$Http2HeaderEntry.class
target/shopcart-0.3.6/io/netty/handler/codec/http2/Http2RemoteFlowController$Listener.class
target/shopcart-0.3.6/io/netty/handler/codec/http2/Http2SettingsReceivedConsumer.class
target/shopcart-0.3.6/io/netty/handler/codec/http2/DefaultHttp2LocalFlowController$WindowUpdateVisitor.class
target/shopcart-0.3.6/io/netty/handler/codec/http2/Http2EventAdapter.class
target/shopcart-0.3.6/io/netty/handler/codec/http2/DefaultHttp2Connection$ConnectionStream.class
target/shopcart-0.3.6/io/netty/handler/codec/http2/ReadOnlyHttp2Headers$ReadOnlyIterator.class
target/shopcart-0.3.6/io/netty/handler/codec/http2/AbstractHttp2StreamFrame.class
target/shopcart-0.3.6/io/netty/handler/codec/http2/Http2ConnectionHandler$PrefaceDecoder.class
target/shopcart-0.3.6/io/netty/handler/codec/http2/Http2FrameStreamEvent$Type.class
target/shopcart-0.3.6/io/netty/handler/codec/http2/DefaultHttp2HeadersDecoder.class
target/shopcart-0.3.6/io/netty/handler/codec/http2/Http2Connection$Endpoint.class
target/shopcart-0.3.6/io/netty/handler/codec/http2/Http2Headers.class
target/shopcart-0.3.6/io/netty/handler/codec/http2/Http2ConnectionHandler$ClosingChannelFutureListener.class
target/shopcart-0.3.6/io/netty/handler/codec/http2/DefaultHttp2FrameReader$1.class
target/shopcart-0.3.6/io/netty/handler/codec/http2/Http2FrameCodecBuilder.class
target/shopcart-0.3.6/io/netty/handler/codec/http2/AbstractHttp2StreamChannel$Http2StreamChannelConfig.class
target/shopcart-0.3.6/io/netty/handler/codec/http2/MaxCapacityQueue.class
target/shopcart-0.3.6/io/netty/handler/codec/http2/ReadOnlyHttp2Headers$1.class
target/shopcart-0.3.6/io/netty/handler/codec/http2/Http2FrameReader.class
target/shopcart-0.3.6/io/netty/handler/codec/http2/DefaultHttp2ConnectionEncoder$FlowControlledData.class
target/shopcart-0.3.6/io/netty/handler/codec/http2/Http2MultiplexHandler$1.class
target/shopcart-0.3.6/io/netty/handler/codec/http2/HpackStaticTable.class
target/shopcart-0.3.6/io/netty/handler/codec/http2/Http2FrameListener.class
target/shopcart-0.3.6/io/netty/handler/codec/http2/DefaultHttp2LocalFlowController$FlowState.class
target/shopcart-0.3.6/io/netty/handler/codec/http2/Http2Connection$PropertyKey.class
target/shopcart-0.3.6/io/netty/handler/codec/http2/Http2ConnectionPrefaceAndSettingsFrameWrittenEvent.class
target/shopcart-0.3.6/io/netty/handler/codec/http2/DefaultHttp2ConnectionEncoder$1.class
target/shopcart-0.3.6/io/netty/handler/codec/http2/Http2MultiplexCodecBuilder.class
target/shopcart-0.3.6/io/netty/handler/codec/http2/Http2ConnectionAdapter.class
target/shopcart-0.3.6/io/netty/handler/codec/http2/DefaultHttp2Connection$1.class
target/shopcart-0.3.6/io/netty/handler/codec/http2/StreamBufferingEncoder$PendingStream.class
target/shopcart-0.3.6/io/netty/handler/codec/http2/Http2ConnectionEncoder.class
target/shopcart-0.3.6/io/netty/handler/codec/http2/StreamBufferingEncoder$Http2GoAwayException.class
target/shopcart-0.3.6/io/netty/handler/codec/http2/DefaultHttp2Connection$ActiveStreams.class
target/shopcart-0.3.6/io/netty/handler/codec/http2/DefaultHttp2Connection$DefaultStream.class
target/shopcart-0.3.6/io/netty/handler/codec/http2/Http2ConnectionHandler$4.class
target/shopcart-0.3.6/io/netty/handler/codec/http2/HpackHuffmanEncoder$EncodedLengthProcessor.class
target/shopcart-0.3.6/io/netty/handler/codec/http2/Http2FrameCodec$Http2RemoteFlowControllerListener.class
target/shopcart-0.3.6/io/netty/handler/codec/http2/Http2MultiplexHandler$3.class
target/shopcart-0.3.6/io/netty/handler/codec/http2/Http2SettingsAckFrame.class
target/shopcart-0.3.6/io/netty/handler/codec/http2/HpackDecoder$HeaderType.class
target/shopcart-0.3.6/io/netty/handler/codec/http2/HpackDecoder$Http2HeadersSink.class
target/shopcart-0.3.6/io/netty/handler/codec/http2/AbstractHttp2StreamChannel$FlowControlledFrameSizeEstimator$1.class
target/shopcart-0.3.6/io/netty/handler/codec/http2/Http2MultiplexCodec$2.class
target/shopcart-0.3.6/io/netty/handler/codec/http2/Http2Settings.class
target/shopcart-0.3.6/io/netty/handler/codec/http2/Http2DataFrame.class
target/shopcart-0.3.6/io/netty/handler/codec/http2/DefaultHttp2PriorityFrame.class
target/shopcart-0.3.6/io/netty/handler/codec/http2/UniformStreamByteDistributor.class
target/shopcart-0.3.6/io/netty/handler/codec/http2/Http2FrameStreamException.class
target/shopcart-0.3.6/io/netty/handler/codec/http2/DefaultHttp2LocalFlowController$AutoRefillState.class
target/shopcart-0.3.6/io/netty/handler/codec/http2/Http2StreamFrame.class
target/shopcart-0.3.6/io/netty/handler/codec/http2/StreamByteDistributor$StreamState.class
target/shopcart-0.3.6/io/netty/handler/codec/http2/Http2FrameCodec$ConnectionListener.class
target/shopcart-0.3.6/io/netty/handler/codec/http2/DefaultHttp2Headers.class
target/shopcart-0.3.6/io/netty/handler/codec/http2/DefaultHttp2ConnectionDecoder$ContentLength.class
target/shopcart-0.3.6/io/netty/handler/codec/http2/DelegatingDecompressorFrameListener.class
target/shopcart-0.3.6/io/netty/handler/codec/http2/HpackEncoder.class
target/shopcart-0.3.6/io/netty/handler/codec/http2/HpackEncoder$1.class
target/shopcart-0.3.6/io/netty/handler/codec/http2/DefaultHttp2ConnectionDecoder$1.class
target/shopcart-0.3.6/io/netty/handler/codec/http2/StreamBufferingEncoder$GoAwayDetail.class
target/shopcart-0.3.6/io/netty/handler/codec/http2/Http2RemoteFlowController$FlowControlled.class
target/shopcart-0.3.6/io/netty/handler/codec/http2/AbstractHttp2StreamChannel.class
target/shopcart-0.3.6/io/netty/handler/codec/http2/Http2HeadersDecoder.class
target/shopcart-0.3.6/io/netty/handler/codec/http2/DefaultHttp2FrameReader$HeadersBlockBuilder.class
target/shopcart-0.3.6/io/netty/handler/codec/http2/AbstractHttp2ConnectionHandlerBuilder.class
target/shopcart-0.3.6/io/netty/handler/codec/http2/DefaultHttp2ConnectionEncoder$FlowControlledBase.class
target/shopcart-0.3.6/io/netty/handler/codec/http2/WeightedFairQueueByteDistributor$ParentChangedEvent.class
target/shopcart-0.3.6/io/netty/handler/codec/http2/HpackHeaderField.class
target/shopcart-0.3.6/io/netty/handler/codec/http2/Http2Frame.class
target/shopcart-0.3.6/io/netty/handler/codec/http2/DefaultHttp2HeadersEncoder.class
target/shopcart-0.3.6/io/netty/handler/codec/http2/Http2InboundFrameLogger$1.class
target/shopcart-0.3.6/io/netty/handler/codec/http2/Http2ConnectionHandler$BaseDecoder.class
target/shopcart-0.3.6/io/netty/handler/codec/http2/Http2ServerUpgradeCodec$1.class
target/shopcart-0.3.6/io/netty/handler/codec/http2/Http2Connection$Listener.class
target/shopcart-0.3.6/io/netty/handler/codec/http2/StreamBufferingEncoder$HeadersFrame.class
target/shopcart-0.3.6/io/netty/handler/codec/http2/HpackHuffmanEncoder.class
target/shopcart-0.3.6/io/netty/handler/codec/http2/DefaultHttp2LocalFlowController$1.class
target/shopcart-0.3.6/io/netty/handler/codec/http2/EmptyHttp2Headers.class
target/shopcart-0.3.6/io/netty/handler/codec/http2/InboundHttpToHttp2Adapter.class
target/shopcart-0.3.6/io/netty/handler/codec/http2/Http2UnknownFrame.class
target/shopcart-0.3.6/io/netty/handler/codec/http2/StreamBufferingEncoder.class
target/shopcart-0.3.6/io/netty/handler/codec/http2/DefaultHttp2ConnectionEncoder.class
target/shopcart-0.3.6/io/netty/handler/codec/http2/Http2FrameStreamVisitor.class
target/shopcart-0.3.6/io/netty/handler/codec/http2/CharSequenceMap.class
target/shopcart-0.3.6/io/netty/handler/codec/http2/DefaultHttp2LocalFlowController.class
target/shopcart-0.3.6/io/netty/handler/codec/http2/Http2CodecUtil$SimpleChannelPromiseAggregator.class
target/shopcart-0.3.6/io/netty/handler/codec/http2/Http2Exception$CompositeStreamException.class
target/shopcart-0.3.6/io/netty/handler/codec/http2/DefaultHttp2RemoteFlowController.class
target/shopcart-0.3.6/io/netty/handler/codec/http2/Http2HeadersEncoder$2.class
target/shopcart-0.3.6/io/netty/handler/codec/http2/Http2ConnectionHandler$5.class
target/shopcart-0.3.6/io/netty/handler/codec/http2/DefaultHttp2GoAwayFrame.class
target/shopcart-0.3.6/io/netty/handler/codec/http2/DefaultHttp2ConnectionDecoder$FrameReadListener.class
target/shopcart-0.3.6/io/netty/handler/codec/http2/UniformStreamByteDistributor$State.class
target/shopcart-0.3.6/io/netty/handler/codec/http2/Http2ConnectionHandler$6.class
target/shopcart-0.3.6/io/netty/handler/codec/http2/DefaultHttp2LocalFlowController$2.class
target/shopcart-0.3.6/io/netty/handler/codec/http2/AbstractHttp2StreamChannel$ReadStatus.class
target/shopcart-0.3.6/io/netty/handler/codec/http2/Http2FrameCodec.class
target/shopcart-0.3.6/io/netty/handler/codec/http2/Http2StreamChannelId.class
target/shopcart-0.3.6/io/netty/handler/codec/http2/Http2MultiplexCodec.class
target/shopcart-0.3.6/io/netty/handler/codec/http2/UniformStreamByteDistributor$1.class
target/shopcart-0.3.6/io/netty/handler/codec/http2/DefaultHttp2Connection$ActiveStreams$2.class
target/shopcart-0.3.6/io/netty/handler/codec/http2/Http2MultiplexHandler$4.class
target/shopcart-0.3.6/io/netty/handler/codec/http2/WeightedFairQueueByteDistributor.class
target/shopcart-0.3.6/io/netty/handler/codec/http2/Http2FrameAdapter.class
target/shopcart-0.3.6/io/netty/handler/codec/http2/StreamBufferingEncoder$Http2ChannelClosedException.class
target/shopcart-0.3.6/io/netty/handler/codec/http2/DefaultHttp2FrameReader$3.class
target/shopcart-0.3.6/io/netty/handler/codec/http2/HttpToHttp2ConnectionHandler.class
target/shopcart-0.3.6/io/netty/handler/codec/http2/AbstractHttp2StreamChannel$1.class
target/shopcart-0.3.6/io/netty/handler/codec/http2/DecoratingHttp2ConnectionEncoder.class
target/shopcart-0.3.6/io/netty/handler/codec/http2/Http2GoAwayFrame.class
target/shopcart-0.3.6/io/netty/handler/codec/http2/AbstractHttp2StreamChannel$Http2ChannelUnsafe$2.class
target/shopcart-0.3.6/io/netty/handler/codec/http2/StreamBufferingEncoder$Frame.class
target/shopcart-0.3.6/io/netty/handler/codec/http2/Http2ConnectionHandler$FrameDecoder.class
target/shopcart-0.3.6/io/netty/handler/codec/http2/WeightedFairQueueByteDistributor$StatePseudoTimeComparator.class
target/shopcart-0.3.6/io/netty/handler/codec/http2/Http2ConnectionHandler$ClosingChannelFutureListener$1.class
target/shopcart-0.3.6/io/netty/handler/codec/http2/Http2ConnectionHandler.class
target/shopcart-0.3.6/io/netty/handler/codec/http2/ReadOnlyHttp2Headers.class
target/shopcart-0.3.6/io/netty/handler/codec/http2/DefaultHttp2PingFrame.class
target/shopcart-0.3.6/io/netty/handler/codec/http2/Http2Exception$HeaderListSizeException.class
target/shopcart-0.3.6/io/netty/handler/codec/http2/Http2EmptyDataFrameListener.class
target/shopcart-0.3.6/io/netty/handler/codec/http2/Http2HeadersEncoder$SensitivityDetector.class
target/shopcart-0.3.6/io/netty/handler/codec/http2/Http2FrameCodec$FrameListener.class
target/shopcart-0.3.6/io/netty/handler/codec/http2/Http2MultiplexCodec$Http2MultiplexCodecStreamChannel.class
target/shopcart-0.3.6/io/netty/handler/codec/http2/Http2LifecycleManager.class
target/shopcart-0.3.6/io/netty/handler/codec/http2/Http2Exception$ClosedStreamCreationException.class
target/shopcart-0.3.6/io/netty/handler/codec/http2/DefaultHttp2Connection$DefaultPropertyKey.class
target/shopcart-0.3.6/io/netty/handler/codec/http2/DefaultHttp2FrameWriter.class
target/shopcart-0.3.6/io/netty/handler/codec/http2/HpackHuffmanEncoder$1.class
target/shopcart-0.3.6/io/netty/handler/codec/http2/AbstractHttp2StreamChannel$4.class
target/shopcart-0.3.6/io/netty/handler/codec/http2/WeightedFairQueueByteDistributor$State.class
target/shopcart-0.3.6/io/netty/handler/codec/http2/Http2StreamFrameToHttpObjectCodec.class
target/shopcart-0.3.6/io/netty/handler/codec/http2/DefaultHttp2RemoteFlowController$FlowState.class
target/shopcart-0.3.6/io/netty/handler/codec/http2/CleartextHttp2ServerUpgradeHandler$PriorKnowledgeUpgradeEvent.class
target/shopcart-0.3.6/io/netty/handler/codec/http2/Http2FrameWriter.class
target/shopcart-0.3.6/io/netty/handler/codec/http2/Http2WindowUpdateFrame.class
target/shopcart-0.3.6/io/netty/handler/codec/http2/Http2HeadersDecoder$Configuration.class
target/shopcart-0.3.6/io/netty/handler/codec/http2/Http2MultiplexHandler.class
target/shopcart-0.3.6/io/netty/handler/codec/http2/HpackHuffmanDecoder.class
target/shopcart-0.3.6/io/netty/handler/codec/http2/Http2ChannelDuplexHandler.class
target/shopcart-0.3.6/io/netty/handler/codec/http2/HpackDecoder$1.class
target/shopcart-0.3.6/io/netty/handler/codec/http2/Http2PromisedRequestVerifier$1.class
target/shopcart-0.3.6/io/netty/handler/codec/http2/WeightedFairQueueByteDistributor$2.class
target/shopcart-0.3.6/io/netty/handler/codec/http2/DefaultHttp2SettingsFrame.class
target/shopcart-0.3.6/io/netty/handler/codec/http2/AbstractHttp2StreamChannel$Http2ChannelUnsafe$3.class
target/shopcart-0.3.6/io/netty/handler/codec/http2/Http2Exception$ShutdownHint.class
target/shopcart-0.3.6/io/netty/handler/codec/http2/Http2PriorityFrame.class
target/shopcart-0.3.6/io/netty/handler/codec/http2/Http2FrameCodec$DefaultHttp2FrameStream.class
target/shopcart-0.3.6/io/netty/handler/codec/http2/DefaultHttp2RemoteFlowController$WritabilityMonitor.class
target/shopcart-0.3.6/io/netty/handler/codec/http2/Http2HeadersFrame.class
target/shopcart-0.3.6/io/netty/handler/codec/http2/DefaultHttp2Connection$DefaultEndpoint.class
target/shopcart-0.3.6/io/netty/handler/codec/http2/HpackHuffmanEncoder$EncodeProcessor.class
target/shopcart-0.3.6/io/netty/handler/codec/http2/DefaultHttp2FrameReader$2.class
target/shopcart-0.3.6/io/netty/handler/codec/http2/Http2Exception$StreamException.class
target/shopcart-0.3.6/io/netty/handler/codec/http2/Http2Headers$PseudoHeaderName.class
target/shopcart-0.3.6/io/netty/handler/codec/http2/DefaultHttp2ConnectionEncoder$2.class
target/shopcart-0.3.6/io/netty/handler/codec/http2/Http2FrameLogger.class
target/shopcart-0.3.6/io/netty/handler/codec/http2/DefaultHttp2Connection$PropertyKeyRegistry.class
target/shopcart-0.3.6/io/netty/handler/codec/http2/Http2ControlFrameLimitEncoder$1.class
target/shopcart-0.3.6/io/netty/handler/codec/http2/CompressorHttp2ConnectionEncoder.class
target/shopcart-0.3.6/io/netty/handler/codec/http2/Http2ConnectionHandler$1.class
target/shopcart-0.3.6/io/netty/handler/codec/http2/Http2FrameStreamEvent.class
target/shopcart-0.3.6/io/netty/handler/codec/http2/DelegatingDecompressorFrameListener$Http2Decompressor.class
target/shopcart-0.3.6/io/netty/handler/codec/http2/AbstractHttp2StreamChannel$Http2ChannelUnsafe.class
target/shopcart-0.3.6/io/netty/handler/codec/http2/Http2Flags.class
target/shopcart-0.3.6/io/netty/handler/codec/TooLongFrameException.class
target/shopcart-0.3.6/io/netty/handler/codec/HeadersUtils$StringIterator.class
target/shopcart-0.3.6/io/netty/handler/codec/http2/InboundHttp2ToHttpAdapter$1.class
target/shopcart-0.3.6/io/netty/handler/codec/json/JsonObjectDecoder.class
target/shopcart-0.3.6/io/netty/handler/codec/http2/Http2Exception$StacklessHttp2Exception.class
target/shopcart-0.3.6/io/netty/handler/codec/HeadersUtils.class
target/shopcart-0.3.6/io/netty/handler/codec/marshalling/MarshallerProvider.class
target/shopcart-0.3.6/io/netty/handler/codec/DefaultHeaders$HeaderIterator.class
target/shopcart-0.3.6/io/netty/handler/codec/CodecOutputList$1.class
target/shopcart-0.3.6/io/netty/handler/codec/DefaultHeadersImpl.class
target/shopcart-0.3.6/io/netty/handler/codec/CodecOutputList$CodecOutputLists.class
target/shopcart-0.3.6/io/netty/handler/codec/http2/HttpConversionUtil.class
target/shopcart-0.3.6/io/netty/handler/codec/DefaultHeaders$NameValidator$1.class
target/shopcart-0.3.6/io/netty/handler/codec/marshalling/UnmarshallerProvider.class
target/shopcart-0.3.6/io/netty/handler/codec/AsciiHeadersEncoder$NewlineType.class
target/shopcart-0.3.6/io/netty/handler/codec/marshalling/MarshallingDecoder.class
target/shopcart-0.3.6/io/netty/handler/codec/DateFormatter.class
target/shopcart-0.3.6/io/netty/handler/codec/marshalling/ContextBoundUnmarshallerProvider.class
target/shopcart-0.3.6/io/netty/handler/codec/marshalling/ThreadLocalMarshallerProvider.class
target/shopcart-0.3.6/io/netty/handler/codec/marshalling/ChannelBufferByteOutput.class
target/shopcart-0.3.6/io/netty/handler/codec/marshalling/DefaultMarshallerProvider.class
target/shopcart-0.3.6/io/netty/handler/codec/marshalling/DefaultUnmarshallerProvider.class
target/shopcart-0.3.6/io/netty/handler/codec/marshalling/ChannelBufferByteInput.class
target/shopcart-0.3.6/io/netty/handler/codec/DefaultHeaders$HeaderEntry.class
target/shopcart-0.3.6/io/netty/handler/codec/marshalling/LimitingByteInput.class
target/shopcart-0.3.6/io/netty/handler/codec/marshalling/CompatibleMarshallingDecoder.class
target/shopcart-0.3.6/io/netty/handler/codec/marshalling/CompatibleMarshallingEncoder.class
target/shopcart-0.3.6/io/netty/handler/codec/marshalling/LimitingByteInput$TooBigObjectException.class
target/shopcart-0.3.6/io/netty/handler/codec/marshalling/MarshallingEncoder.class
target/shopcart-0.3.6/io/netty/handler/codec/ByteToMessageDecoder$1.class
target/shopcart-0.3.6/io/netty/handler/codec/DecoderResultProvider.class
target/shopcart-0.3.6/io/netty/handler/codec/marshalling/ThreadLocalUnmarshallerProvider.class
target/shopcart-0.3.6/io/netty/handler/codec/spdy/SpdyFrameDecoder$1.class
target/shopcart-0.3.6/io/netty/handler/codec/spdy/DefaultSpdySettingsFrame$Setting.class
target/shopcart-0.3.6/io/netty/handler/codec/DecoderException.class
target/shopcart-0.3.6/io/netty/handler/codec/spdy/SpdySynStreamFrame.class
target/shopcart-0.3.6/io/netty/handler/codec/spdy/DefaultSpdySynReplyFrame.class
target/shopcart-0.3.6/io/netty/handler/codec/spdy/SpdyFrame.class
target/shopcart-0.3.6/io/netty/handler/codec/spdy/SpdyPingFrame.class
target/shopcart-0.3.6/io/netty/handler/codec/spdy/DefaultSpdyWindowUpdateFrame.class
target/shopcart-0.3.6/io/netty/handler/codec/spdy/SpdySessionHandler$3.class
target/shopcart-0.3.6/io/netty/handler/codec/spdy/SpdyHttpEncoder.class
target/shopcart-0.3.6/io/netty/handler/codec/spdy/SpdyStreamStatus.class
target/shopcart-0.3.6/io/netty/handler/codec/spdy/SpdySessionHandler$2.class
target/shopcart-0.3.6/io/netty/handler/codec/spdy/SpdySessionHandler$1.class
target/shopcart-0.3.6/io/netty/handler/codec/spdy/DefaultSpdySynStreamFrame.class
target/shopcart-0.3.6/io/netty/handler/codec/spdy/SpdyHeaderBlockRawDecoder$State.class
target/shopcart-0.3.6/io/netty/handler/codec/spdy/DefaultSpdyGoAwayFrame.class
target/shopcart-0.3.6/io/netty/handler/codec/spdy/DefaultSpdyHeaders$HeaderValueConverterAndValidator.class
target/shopcart-0.3.6/io/netty/handler/codec/spdy/SpdyProtocolException.class
target/shopcart-0.3.6/io/netty/handler/codec/spdy/SpdyDataFrame.class
target/shopcart-0.3.6/io/netty/handler/codec/spdy/SpdySessionHandler$4.class
target/shopcart-0.3.6/io/netty/handler/codec/spdy/SpdyHttpHeaders.class
target/shopcart-0.3.6/io/netty/handler/codec/spdy/SpdyFrameEncoder.class
target/shopcart-0.3.6/io/netty/handler/codec/spdy/SpdyHttpHeaders$Names.class
target/shopcart-0.3.6/io/netty/handler/codec/spdy/SpdyHeaderBlockRawDecoder$1.class
target/shopcart-0.3.6/io/netty/handler/codec/spdy/SpdyCodecUtil.class
target/shopcart-0.3.6/io/netty/handler/codec/spdy/SpdyHeaders$HttpNames.class
target/shopcart-0.3.6/io/netty/handler/codec/spdy/SpdySynReplyFrame.class
target/shopcart-0.3.6/io/netty/handler/codec/spdy/SpdySettingsFrame.class
target/shopcart-0.3.6/io/netty/handler/codec/spdy/SpdyHeaderBlockZlibDecoder.class
target/shopcart-0.3.6/io/netty/handler/codec/spdy/SpdyProtocolException$1.class
target/shopcart-0.3.6/io/netty/handler/codec/spdy/SpdyFrameCodec.class
target/shopcart-0.3.6/io/netty/handler/codec/spdy/SpdySessionHandler$ClosingChannelFutureListener.class
target/shopcart-0.3.6/io/netty/handler/codec/spdy/SpdyHeaderBlockRawDecoder.class
target/shopcart-0.3.6/io/netty/handler/codec/spdy/SpdyGoAwayFrame.class
target/shopcart-0.3.6/io/netty/handler/codec/spdy/SpdyFrameDecoder$State.class
target/shopcart-0.3.6/io/netty/handler/codec/spdy/DefaultSpdyHeaders.class
target/shopcart-0.3.6/io/netty/handler/codec/spdy/SpdyStreamFrame.class
target/shopcart-0.3.6/io/netty/handler/codec/spdy/SpdySession$StreamComparator.class
target/shopcart-0.3.6/io/netty/handler/codec/spdy/SpdySessionStatus.class
target/shopcart-0.3.6/io/netty/handler/codec/spdy/SpdyVersion.class
target/shopcart-0.3.6/io/netty/handler/codec/spdy/SpdyHttpCodec.class
target/shopcart-0.3.6/io/netty/handler/codec/spdy/DefaultSpdyStreamFrame.class
target/shopcart-0.3.6/io/netty/handler/codec/spdy/SpdySessionHandler.class
target/shopcart-0.3.6/io/netty/handler/codec/spdy/DefaultSpdyPingFrame.class
target/shopcart-0.3.6/io/netty/handler/codec/spdy/SpdyHeaderBlockEncoder.class
target/shopcart-0.3.6/io/netty/handler/codec/spdy/SpdyHeaderBlockJZlibEncoder.class
target/shopcart-0.3.6/io/netty/handler/codec/spdy/SpdyHeaders.class
target/shopcart-0.3.6/io/netty/handler/codec/spdy/SpdyFrameDecoderDelegate.class
target/shopcart-0.3.6/io/netty/handler/codec/spdy/DefaultSpdyRstStreamFrame.class
target/shopcart-0.3.6/io/netty/handler/codec/spdy/SpdyHttpDecoder.class
target/shopcart-0.3.6/io/netty/handler/codec/spdy/SpdyFrameCodec$1.class
target/shopcart-0.3.6/io/netty/handler/codec/spdy/SpdyHttpResponseStreamIdHandler.class
target/shopcart-0.3.6/io/netty/handler/codec/spdy/SpdyProtocolException$StacklessSpdyProtocolException.class
target/shopcart-0.3.6/io/netty/handler/codec/spdy/DefaultSpdyHeaders$1.class
target/shopcart-0.3.6/io/netty/handler/codec/spdy/SpdySession.class
target/shopcart-0.3.6/io/netty/handler/codec/spdy/SpdyWindowUpdateFrame.class
target/shopcart-0.3.6/io/netty/handler/codec/spdy/SpdySession$PendingWrite.class
target/shopcart-0.3.6/io/netty/handler/codec/spdy/SpdyHeaderBlockDecoder.class
target/shopcart-0.3.6/io/netty/handler/codec/spdy/SpdyRstStreamFrame.class
target/shopcart-0.3.6/io/netty/handler/codec/spdy/SpdyHeadersFrame.class
target/shopcart-0.3.6/io/netty/handler/codec/spdy/SpdyFrameDecoder.class
target/shopcart-0.3.6/io/netty/handler/codec/spdy/DefaultSpdyHeadersFrame.class
target/shopcart-0.3.6/io/netty/handler/codec/socksx/SocksMessage.class
target/shopcart-0.3.6/io/netty/handler/codec/spdy/SpdySession$StreamState.class
target/shopcart-0.3.6/io/netty/handler/codec/MessageToMessageCodec.class
target/shopcart-0.3.6/io/netty/handler/codec/spdy/SpdyHeaderBlockZlibEncoder.class
target/shopcart-0.3.6/io/netty/handler/codec/spdy/DefaultSpdyDataFrame.class
target/shopcart-0.3.6/io/netty/handler/codec/spdy/DefaultSpdySettingsFrame.class
target/shopcart-0.3.6/io/netty/handler/codec/MessageToMessageDecoder.class
target/shopcart-0.3.6/io/netty/handler/codec/ByteToMessageCodec$Encoder.class
target/shopcart-0.3.6/io/netty/handler/codec/MessageAggregationException.class
target/shopcart-0.3.6/io/netty/handler/codec/UnsupportedValueConverter.class
target/shopcart-0.3.6/io/netty/handler/codec/socksx/SocksPortUnificationServerHandler$1.class
target/shopcart-0.3.6/io/netty/handler/codec/socksx/AbstractSocksMessage.class
target/shopcart-0.3.6/io/netty/handler/codec/spdy/SpdyHeaderBlockRawEncoder.class
target/shopcart-0.3.6/io/netty/handler/codec/ProtocolDetectionResult.class
target/shopcart-0.3.6/io/netty/handler/codec/socksx/v4/Socks4Message.class
target/shopcart-0.3.6/io/netty/handler/codec/socksx/v4/Socks4CommandRequest.class
target/shopcart-0.3.6/io/netty/handler/codec/socksx/SocksPortUnificationServerHandler.class
target/shopcart-0.3.6/io/netty/handler/codec/socksx/v4/DefaultSocks4CommandRequest.class
target/shopcart-0.3.6/io/netty/handler/codec/socksx/v4/Socks4CommandStatus.class
target/shopcart-0.3.6/io/netty/handler/codec/socksx/v4/Socks4CommandType.class
target/shopcart-0.3.6/io/netty/handler/codec/socksx/v4/Socks4ServerDecoder$1.class
target/shopcart-0.3.6/io/netty/handler/codec/socksx/SocksVersion.class
target/shopcart-0.3.6/io/netty/handler/codec/socksx/v4/Socks4ServerDecoder.class
target/shopcart-0.3.6/io/netty/handler/codec/socksx/v4/Socks4ClientDecoder.class
target/shopcart-0.3.6/io/netty/handler/codec/EmptyHeaders.class
target/shopcart-0.3.6/io/netty/handler/codec/socksx/v4/Socks4ClientDecoder$State.class
target/shopcart-0.3.6/io/netty/handler/codec/socksx/v4/Socks4ClientEncoder.class
target/shopcart-0.3.6/io/netty/handler/codec/socksx/v4/AbstractSocks4Message.class
target/shopcart-0.3.6/io/netty/handler/codec/socksx/v4/DefaultSocks4CommandResponse.class
target/shopcart-0.3.6/io/netty/handler/codec/socksx/v4/Socks4CommandResponse.class
target/shopcart-0.3.6/io/netty/handler/codec/socksx/v4/Socks4ServerEncoder.class
target/shopcart-0.3.6/io/netty/handler/codec/socksx/v4/Socks4ServerDecoder$State.class
target/shopcart-0.3.6/io/netty/handler/codec/socksx/v5/Socks5PasswordAuthStatus.class
target/shopcart-0.3.6/io/netty/handler/codec/socksx/v4/Socks4ClientDecoder$1.class
target/shopcart-0.3.6/io/netty/handler/codec/socksx/v5/Socks5InitialResponse.class
target/shopcart-0.3.6/io/netty/handler/codec/socksx/v5/DefaultSocks5InitialRequest.class
target/shopcart-0.3.6/io/netty/handler/codec/socksx/v5/Socks5AddressEncoder.class
target/shopcart-0.3.6/io/netty/handler/codec/socksx/v5/Socks5CommandResponseDecoder$1.class
target/shopcart-0.3.6/io/netty/handler/codec/socksx/v5/Socks5InitialRequest.class
target/shopcart-0.3.6/io/netty/handler/codec/socksx/v5/Socks5CommandStatus.class
target/shopcart-0.3.6/io/netty/handler/codec/socksx/v5/Socks5AddressType.class
target/shopcart-0.3.6/io/netty/handler/codec/socksx/v5/Socks5PasswordAuthResponseDecoder.class
target/shopcart-0.3.6/io/netty/handler/codec/socksx/v5/Socks5CommandRequest.class
target/shopcart-0.3.6/io/netty/handler/codec/socksx/v5/Socks5InitialRequestDecoder$State.class
target/shopcart-0.3.6/io/netty/handler/codec/socksx/v5/Socks5AddressEncoder$1.class
target/shopcart-0.3.6/io/netty/handler/codec/socksx/v5/Socks5CommandResponse.class
target/shopcart-0.3.6/io/netty/handler/codec/socksx/v5/AbstractSocks5Message.class
target/shopcart-0.3.6/io/netty/handler/codec/socksx/v5/Socks5AddressDecoder$1.class
target/shopcart-0.3.6/io/netty/handler/codec/socksx/v5/Socks5InitialRequestDecoder$1.class
target/shopcart-0.3.6/io/netty/handler/codec/socksx/v5/Socks5PasswordAuthRequestDecoder.class
target/shopcart-0.3.6/io/netty/handler/codec/socksx/v5/Socks5PasswordAuthRequestDecoder$1.class
target/shopcart-0.3.6/io/netty/handler/codec/socksx/v5/Socks5InitialResponseDecoder.class
target/shopcart-0.3.6/io/netty/handler/codec/socksx/v5/Socks5CommandRequestDecoder$1.class
target/shopcart-0.3.6/io/netty/handler/codec/socksx/v5/Socks5CommandRequestDecoder.class
target/shopcart-0.3.6/io/netty/handler/codec/socksx/v5/DefaultSocks5CommandResponse.class
target/shopcart-0.3.6/io/netty/handler/codec/socksx/v5/Socks5PasswordAuthRequestDecoder$State.class
target/shopcart-0.3.6/io/netty/handler/codec/socksx/v5/Socks5InitialResponseDecoder$1.class
target/shopcart-0.3.6/io/netty/handler/codec/socksx/v5/Socks5ClientEncoder.class
target/shopcart-0.3.6/io/netty/handler/codec/socksx/v5/DefaultSocks5PasswordAuthResponse.class
target/shopcart-0.3.6/io/netty/handler/codec/socksx/v5/Socks5PasswordAuthRequest.class
target/shopcart-0.3.6/io/netty/handler/codec/socksx/v5/Socks5Message.class
target/shopcart-0.3.6/io/netty/handler/codec/socksx/v5/DefaultSocks5InitialResponse.class
target/shopcart-0.3.6/io/netty/handler/codec/socksx/v5/Socks5PasswordAuthResponse.class
target/shopcart-0.3.6/io/netty/handler/codec/socksx/v5/Socks5CommandResponseDecoder$State.class
target/shopcart-0.3.6/io/netty/handler/codec/socksx/v5/Socks5AddressDecoder.class
target/shopcart-0.3.6/io/netty/handler/codec/socksx/v5/Socks5InitialResponseDecoder$State.class
target/shopcart-0.3.6/io/netty/handler/codec/socksx/v5/Socks5AuthMethod.class
target/shopcart-0.3.6/io/netty/handler/codec/socksx/v5/Socks5CommandType.class
target/shopcart-0.3.6/io/netty/handler/codec/socksx/v5/Socks5CommandResponseDecoder.class
target/shopcart-0.3.6/io/netty/handler/codec/socksx/v5/DefaultSocks5PasswordAuthRequest.class
target/shopcart-0.3.6/io/netty/handler/codec/socksx/v5/Socks5PasswordAuthResponseDecoder$1.class
target/shopcart-0.3.6/io/netty/handler/codec/socksx/v5/Socks5ServerEncoder.class
target/shopcart-0.3.6/io/netty/handler/codec/socksx/v5/Socks5PasswordAuthResponseDecoder$State.class
target/shopcart-0.3.6/io/netty/handler/codec/socksx/v5/Socks5CommandRequestDecoder$State.class
target/shopcart-0.3.6/io/netty/handler/codec/socksx/v5/DefaultSocks5CommandRequest.class
target/shopcart-0.3.6/io/netty/handler/codec/socksx/v5/Socks5InitialRequestDecoder.class
target/shopcart-0.3.6/io/netty/handler/codec/CodecOutputList$2.class
target/shopcart-0.3.6/io/netty/handler/codec/HeadersUtils$StringEntryIterator.class
target/shopcart-0.3.6/io/netty/handler/codec/compression/ZlibUtil$1.class
target/shopcart-0.3.6/io/netty/handler/codec/compression/ZlibWrapper.class
target/shopcart-0.3.6/io/netty/handler/codec/UnsupportedMessageTypeException.class
target/shopcart-0.3.6/io/netty/handler/codec/compression/Snappy$1.class
target/shopcart-0.3.6/io/netty/handler/codec/MessageAggregator.class
target/shopcart-0.3.6/io/netty/handler/codec/compression/JdkZlibDecoder$GzipState.class
target/shopcart-0.3.6/io/netty/handler/codec/compression/JZlibEncoder.class
target/shopcart-0.3.6/io/netty/handler/codec/compression/LzfEncoder.class
target/shopcart-0.3.6/io/netty/handler/codec/compression/ZstdOptions.class
target/shopcart-0.3.6/io/netty/handler/codec/compression/Bzip2BitReader.class
target/shopcart-0.3.6/io/netty/handler/codec/compression/LzmaFrameEncoder.class
target/shopcart-0.3.6/io/netty/handler/codec/compression/CompressionUtil.class
target/shopcart-0.3.6/io/netty/handler/codec/compression/Lz4FrameDecoder.class
target/shopcart-0.3.6/io/netty/handler/codec/compression/FastLzFrameDecoder$1.class
target/shopcart-0.3.6/io/netty/handler/codec/compression/LzfDecoder$State.class
target/shopcart-0.3.6/io/netty/handler/codec/compression/JdkZlibEncoder$3.class
target/shopcart-0.3.6/io/netty/handler/codec/compression/JZlibEncoder$1.class
target/shopcart-0.3.6/io/netty/handler/codec/compression/ByteBufChecksum$1.class
target/shopcart-0.3.6/io/netty/handler/codec/compression/BrotliEncoder.class
target/shopcart-0.3.6/io/netty/handler/codec/compression/Bzip2DivSufSort$TRBudget.class
target/shopcart-0.3.6/io/netty/handler/codec/compression/GzipOptions.class
target/shopcart-0.3.6/io/netty/handler/codec/compression/Lz4FrameDecoder$1.class
target/shopcart-0.3.6/io/netty/handler/codec/compression/Snappy.class
target/shopcart-0.3.6/io/netty/handler/codec/compression/ZstdEncoder.class
target/shopcart-0.3.6/io/netty/handler/codec/compression/FastLzFrameDecoder$State.class
target/shopcart-0.3.6/io/netty/handler/codec/compression/Bzip2Encoder$2.class
target/shopcart-0.3.6/io/netty/handler/codec/compression/ByteBufChecksum$ReflectiveByteBufChecksum.class
target/shopcart-0.3.6/io/netty/handler/codec/compression/SnappyFrameDecoder.class
target/shopcart-0.3.6/io/netty/handler/codec/compression/Lz4FrameDecoder$State.class
target/shopcart-0.3.6/io/netty/handler/codec/compression/BrotliOptions.class
target/shopcart-0.3.6/io/netty/handler/codec/compression/StandardCompressionOptions.class
target/shopcart-0.3.6/io/netty/handler/codec/compression/ZlibDecoder.class
target/shopcart-0.3.6/io/netty/handler/codec/compression/ByteBufChecksum.class
target/shopcart-0.3.6/io/netty/handler/codec/compression/Bzip2Encoder$3.class
target/shopcart-0.3.6/io/netty/handler/codec/compression/BrotliDecoder$1.class
target/shopcart-0.3.6/io/netty/handler/codec/compression/SnappyFramedEncoder.class
target/shopcart-0.3.6/io/netty/handler/codec/compression/LzfDecoder.class
target/shopcart-0.3.6/io/netty/handler/codec/compression/SnappyFrameDecoder$1.class
target/shopcart-0.3.6/io/netty/handler/codec/compression/Lz4FrameEncoder$1.class
target/shopcart-0.3.6/io/netty/handler/codec/compression/Bzip2MoveToFrontTable.class
target/shopcart-0.3.6/io/netty/handler/codec/compression/Bzip2Encoder$4.class
target/shopcart-0.3.6/io/netty/handler/codec/compression/SnappyFramedDecoder.class
target/shopcart-0.3.6/io/netty/handler/codec/compression/Bzip2Decoder$1.class
target/shopcart-0.3.6/io/netty/handler/codec/compression/JdkZlibEncoder.class
target/shopcart-0.3.6/io/netty/handler/codec/compression/SnappyFrameDecoder$ChunkType.class
target/shopcart-0.3.6/io/netty/handler/codec/compression/Bzip2BlockCompressor$1.class
target/shopcart-0.3.6/io/netty/handler/codec/compression/ByteBufChecksum$SlowByteBufChecksum.class
target/shopcart-0.3.6/io/netty/handler/codec/compression/Bzip2Constants.class
target/shopcart-0.3.6/io/netty/handler/codec/compression/JdkZlibDecoder$1.class
target/shopcart-0.3.6/io/netty/handler/codec/compression/CompressionException.class
target/shopcart-0.3.6/io/netty/handler/codec/compression/JZlibEncoder$3.class
target/shopcart-0.3.6/io/netty/handler/codec/compression/JZlibDecoder.class
target/shopcart-0.3.6/io/netty/handler/codec/compression/Lz4XXHash32.class
target/shopcart-0.3.6/io/netty/handler/codec/compression/JdkZlibEncoder$1.class
target/shopcart-0.3.6/io/netty/handler/codec/compression/Bzip2Decoder.class
target/shopcart-0.3.6/io/netty/handler/codec/compression/Bzip2HuffmanAllocator.class
target/shopcart-0.3.6/io/netty/handler/codec/compression/Bzip2HuffmanStageDecoder.class
target/shopcart-0.3.6/io/netty/handler/codec/compression/Bzip2DivSufSort$StackEntry.class
target/shopcart-0.3.6/io/netty/handler/codec/compression/DeflateOptions.class
target/shopcart-0.3.6/io/netty/handler/codec/compression/DecompressionException.class
target/shopcart-0.3.6/io/netty/handler/codec/compression/Bzip2MTFAndRLE2StageEncoder.class
target/shopcart-0.3.6/io/netty/handler/codec/compression/FastLzFrameDecoder.class
target/shopcart-0.3.6/io/netty/handler/codec/compression/FastLzFrameEncoder.class
target/shopcart-0.3.6/io/netty/handler/codec/compression/Crc32c.class
target/shopcart-0.3.6/io/netty/handler/codec/compression/SnappyFrameEncoder.class
target/shopcart-0.3.6/io/netty/handler/codec/compression/Bzip2Encoder$1.class
target/shopcart-0.3.6/io/netty/handler/codec/compression/FastLz.class
target/shopcart-0.3.6/io/netty/handler/codec/compression/Bzip2Encoder.class
target/shopcart-0.3.6/io/netty/handler/codec/compression/CompressionOptions.class
target/shopcart-0.3.6/io/netty/handler/codec/compression/Bzip2HuffmanStageEncoder.class
target/shopcart-0.3.6/io/netty/handler/codec/compression/ZlibUtil.class
target/shopcart-0.3.6/io/netty/handler/codec/compression/ZlibEncoder.class
target/shopcart-0.3.6/io/netty/handler/codec/compression/JdkZlibEncoder$2.class
target/shopcart-0.3.6/io/netty/handler/codec/compression/Bzip2BlockCompressor.class
target/shopcart-0.3.6/io/netty/handler/codec/compression/BrotliDecoder.class
target/shopcart-0.3.6/io/netty/handler/codec/compression/ZstdConstants.class
target/shopcart-0.3.6/io/netty/handler/codec/compression/JdkZlibDecoder.class
target/shopcart-0.3.6/io/netty/handler/codec/compression/Bzip2Encoder$State.class
target/shopcart-0.3.6/io/netty/handler/codec/compression/Bzip2DivSufSort$PartitionResult.class
target/shopcart-0.3.6/io/netty/handler/codec/compression/ZlibCodecFactory.class
target/shopcart-0.3.6/io/netty/handler/codec/compression/Zstd.class
target/shopcart-0.3.6/io/netty/handler/codec/compression/LzfDecoder$1.class
target/shopcart-0.3.6/io/netty/handler/codec/compression/Snappy$State.class
target/shopcart-0.3.6/io/netty/handler/codec/compression/Brotli.class
target/shopcart-0.3.6/io/netty/handler/codec/compression/Bzip2BitWriter.class
target/shopcart-0.3.6/io/netty/handler/codec/compression/Lz4FrameEncoder$3.class
target/shopcart-0.3.6/io/netty/handler/codec/compression/JZlibEncoder$2.class
target/shopcart-0.3.6/io/netty/handler/codec/CodecOutputList$CodecOutputListRecycler.class
target/shopcart-0.3.6/io/netty/handler/codec/ProtocolDetectionState.class
target/shopcart-0.3.6/io/netty/handler/codec/compression/BrotliDecoder$State.class
target/shopcart-0.3.6/io/netty/handler/codec/compression/Lz4FrameEncoder$2.class
target/shopcart-0.3.6/io/netty/handler/codec/compression/Bzip2Decoder$State.class
target/shopcart-0.3.6/io/netty/handler/codec/compression/JdkZlibEncoder$4.class
target/shopcart-0.3.6/io/netty/handler/codec/MessageToMessageCodec$1.class
target/shopcart-0.3.6/io/netty/handler/codec/compression/Lz4Constants.class
target/shopcart-0.3.6/io/netty/handler/codec/compression/Bzip2Rand.class
target/shopcart-0.3.6/io/netty/handler/codec/compression/Crc32.class
target/shopcart-0.3.6/io/netty/handler/flow/FlowControlHandler$RecyclableArrayDeque$1.class
target/shopcart-0.3.6/io/netty/handler/codec/compression/Bzip2BlockDecompressor.class
target/shopcart-0.3.6/io/netty/buffer/PooledSlicedByteBuf$1.class
target/shopcart-0.3.6/io/netty/handler/flow/FlowControlHandler$1.class
target/shopcart-0.3.6/io/netty/buffer/PoolArena$1.class
target/shopcart-0.3.6/io/netty/handler/flow/FlowControlHandler$RecyclableArrayDeque.class
target/shopcart-0.3.6/io/netty/handler/codec/bytes/ByteArrayDecoder.class
target/shopcart-0.3.6/io/netty/handler/codec/DecoderResult.class
target/shopcart-0.3.6/io/netty/handler/codec/compression/Lz4FrameEncoder.class
target/shopcart-0.3.6/io/netty/buffer/UnpooledByteBufAllocator$InstrumentedUnpooledUnsafeNoCleanerDirectByteBuf.class
target/shopcart-0.3.6/io/netty/buffer/ByteBufUtil$ThreadLocalDirectByteBuf$1.class
target/shopcart-0.3.6/io/netty/handler/flow/FlowControlHandler.class
target/shopcart-0.3.6/io/netty/handler/codec/CodecOutputList.class
target/shopcart-0.3.6/io/netty/buffer/UnpooledByteBufAllocator$1.class
target/shopcart-0.3.6/io/netty/handler/codec/bytes/ByteArrayEncoder.class
target/shopcart-0.3.6/io/netty/buffer/ByteBufUtil$ThreadLocalUnsafeDirectByteBuf$1.class
target/shopcart-0.3.6/io/netty/buffer/SizeClasses.class
target/shopcart-0.3.6/io/netty/buffer/SimpleLeakAwareCompositeByteBuf.class
target/shopcart-0.3.6/io/netty/buffer/PooledHeapByteBuf$1.class
target/shopcart-0.3.6/io/netty/buffer/PoolThreadCache$MemoryRegionCache$1.class
target/shopcart-0.3.6/io/netty/buffer/ByteBufAllocatorMetricProvider.class
target/shopcart-0.3.6/io/netty/buffer/PooledDuplicatedByteBuf$1.class
target/shopcart-0.3.6/io/netty/buffer/ByteBufUtil$ThreadLocalDirectByteBuf.class
target/shopcart-0.3.6/io/netty/buffer/PoolSubpage.class
target/shopcart-0.3.6/io/netty/handler/codec/compression/Bzip2DivSufSort.class
target/shopcart-0.3.6/io/netty/buffer/CompositeByteBuf$ByteWrapper.class
target/shopcart-0.3.6/io/netty/buffer/AbstractReferenceCountedByteBuf$1.class
target/shopcart-0.3.6/io/netty/buffer/AbstractDerivedByteBuf.class
target/shopcart-0.3.6/io/netty/buffer/PooledByteBufAllocatorMetric.class
target/shopcart-0.3.6/io/netty/buffer/AdvancedLeakAwareByteBuf.class
target/shopcart-0.3.6/io/netty/buffer/CompositeByteBuf$1.class
target/shopcart-0.3.6/io/netty/buffer/ByteBufUtil$1.class
target/shopcart-0.3.6/io/netty/buffer/UnreleasableByteBuf.class
target/shopcart-0.3.6/io/netty/buffer/AbstractUnsafeSwappedByteBuf.class
target/shopcart-0.3.6/io/netty/buffer/ByteBufProcessor$2.class
target/shopcart-0.3.6/io/netty/buffer/PooledByteBuf.class
target/shopcart-0.3.6/io/netty/buffer/PooledDirectByteBuf$1.class
target/shopcart-0.3.6/io/netty/buffer/UnpooledHeapByteBuf.class
target/shopcart-0.3.6/io/netty/buffer/PoolThreadCache$NormalMemoryRegionCache.class
target/shopcart-0.3.6/io/netty/buffer/PooledDirectByteBuf.class
target/shopcart-0.3.6/io/netty/buffer/ByteBufProcessor$10.class
target/shopcart-0.3.6/io/netty/buffer/UnpooledByteBufAllocator$InstrumentedUnpooledUnsafeDirectByteBuf.class
target/shopcart-0.3.6/io/netty/buffer/ByteBufProcessor$9.class
target/shopcart-0.3.6/io/netty/buffer/ByteBufProcessor$7.class
target/shopcart-0.3.6/io/netty/buffer/PooledUnsafeDirectByteBuf.class
target/shopcart-0.3.6/io/netty/buffer/PooledByteBufAllocator$PoolThreadLocalCache.class
target/shopcart-0.3.6/io/netty/buffer/PoolArena$HeapArena.class
target/shopcart-0.3.6/io/netty/buffer/PoolChunkListMetric.class
target/shopcart-0.3.6/io/netty/buffer/PoolArena$SizeClass.class
target/shopcart-0.3.6/io/netty/buffer/UnpooledUnsafeDirectByteBuf.class
target/shopcart-0.3.6/io/netty/buffer/PoolArena.class
target/shopcart-0.3.6/io/netty/buffer/PoolThreadCache$MemoryRegionCache.class
target/shopcart-0.3.6/io/netty/buffer/ByteBufProcessor$3.class
target/shopcart-0.3.6/io/netty/buffer/PooledUnsafeDirectByteBuf$1.class
target/shopcart-0.3.6/io/netty/buffer/DuplicatedByteBuf.class
target/shopcart-0.3.6/io/netty/buffer/ByteBufUtil$SWARByteSearch.class
target/shopcart-0.3.6/io/netty/buffer/ByteBufProcessor$4.class
target/shopcart-0.3.6/io/netty/buffer/HeapByteBufUtil.class
target/shopcart-0.3.6/io/netty/buffer/FixedCompositeByteBuf$Component.class
target/shopcart-0.3.6/io/netty/buffer/PooledUnsafeHeapByteBuf$1.class
target/shopcart-0.3.6/io/netty/buffer/UnpooledUnsafeHeapByteBuf.class
target/shopcart-0.3.6/io/netty/buffer/CompositeByteBuf$2.class
target/shopcart-0.3.6/io/netty/buffer/PoolSubpageMetric.class
target/shopcart-0.3.6/io/netty/buffer/PoolChunkList.class
target/shopcart-0.3.6/io/netty/buffer/SlicedByteBuf.class
target/shopcart-0.3.6/io/netty/buffer/ByteBufProcessor.class
target/shopcart-0.3.6/io/netty/buffer/ByteBufHolder.class
target/shopcart-0.3.6/io/netty/buffer/DefaultByteBufHolder.class
target/shopcart-0.3.6/io/netty/buffer/PoolChunkMetric.class
target/shopcart-0.3.6/io/netty/buffer/ByteBufProcessor$8.class
target/shopcart-0.3.6/io/netty/buffer/UnpooledByteBufAllocator$InstrumentedUnpooledDirectByteBuf.class
target/shopcart-0.3.6/io/netty/buffer/PooledSlicedByteBuf.class
target/shopcart-0.3.6/io/netty/buffer/UnpooledSlicedByteBuf.class
target/shopcart-0.3.6/io/netty/buffer/AbstractPooledDerivedByteBuf$PooledNonRetainedDuplicateByteBuf.class
target/shopcart-0.3.6/io/netty/buffer/SimpleLeakAwareByteBuf.class
target/shopcart-0.3.6/io/netty/buffer/SwappedByteBuf.class
target/shopcart-0.3.6/io/netty/buffer/EmptyByteBuf.class
target/shopcart-0.3.6/io/netty/buffer/ByteBufProcessor$5.class
target/shopcart-0.3.6/io/netty/buffer/PoolArena$DirectArena.class
target/shopcart-0.3.6/io/netty/buffer/UnsafeDirectSwappedByteBuf.class
target/shopcart-0.3.6/io/netty/buffer/WrappedByteBuf.class
target/shopcart-0.3.6/io/netty/buffer/PooledUnsafeHeapByteBuf.class
target/shopcart-0.3.6/io/netty/buffer/AbstractByteBufAllocator.class
target/shopcart-0.3.6/io/netty/buffer/LongPriorityQueue.class
target/shopcart-0.3.6/io/netty/buffer/AbstractReferenceCountedByteBuf.class
target/shopcart-0.3.6/io/netty/buffer/PooledDuplicatedByteBuf.class
target/shopcart-0.3.6/io/netty/buffer/LongLongHashMap.class
target/shopcart-0.3.6/io/netty/buffer/ByteBuf.class
target/shopcart-0.3.6/io/netty/buffer/ByteBufUtil$HexUtil.class
target/shopcart-0.3.6/io/netty/buffer/CompositeByteBuf$CompositeByteBufIterator.class
target/shopcart-0.3.6/io/netty/buffer/ByteBufOutputStream.class
target/shopcart-0.3.6/io/netty/buffer/UnsafeHeapSwappedByteBuf.class
target/shopcart-0.3.6/io/netty/buffer/PoolThreadCache.class
target/shopcart-0.3.6/io/netty/buffer/FixedCompositeByteBuf.class
target/shopcart-0.3.6/io/netty/buffer/PoolThreadCache$MemoryRegionCache$Entry.class
target/shopcart-0.3.6/io/netty/buffer/UnpooledUnsafeNoCleanerDirectByteBuf.class
target/shopcart-0.3.6/io/netty/buffer/PoolChunk.class
target/shopcart-0.3.6/io/netty/buffer/UnpooledByteBufAllocator$InstrumentedUnpooledUnsafeHeapByteBuf.class
target/shopcart-0.3.6/io/netty/buffer/ByteBufProcessor$6.class
target/shopcart-0.3.6/io/netty/buffer/SizeClassesMetric.class
target/shopcart-0.3.6/io/netty/buffer/WrappedUnpooledUnsafeDirectByteBuf.class
target/shopcart-0.3.6/io/netty/buffer/AbstractByteBufAllocator$1.class
target/shopcart-0.3.6/io/netty/buffer/UnpooledDuplicatedByteBuf.class
target/shopcart-0.3.6/io/netty/buffer/ByteBufUtil$ThreadLocalUnsafeDirectByteBuf.class
target/shopcart-0.3.6/io/netty/buffer/ReadOnlyByteBuf.class
target/shopcart-0.3.6/io/netty/buffer/ReadOnlyUnsafeDirectByteBuf.class
target/shopcart-0.3.6/io/netty/buffer/ReadOnlyByteBufferBuf.class
target/shopcart-0.3.6/io/netty/buffer/ByteBufAllocatorMetric.class
target/shopcart-0.3.6/io/netty/buffer/UnpooledByteBufAllocator$UnpooledByteBufAllocatorMetric.class
target/shopcart-0.3.6/io/netty/buffer/search/SearchProcessorFactory.class
target/shopcart-0.3.6/io/netty/buffer/AbstractPooledDerivedByteBuf.class
target/shopcart-0.3.6/io/netty/buffer/PoolThreadCache$SubPageMemoryRegionCache.class
target/shopcart-0.3.6/io/netty/buffer/search/AhoCorasicSearchProcessorFactory$1.class
target/shopcart-0.3.6/io/netty/buffer/ByteBufUtil.class
target/shopcart-0.3.6/io/netty/buffer/ByteBufUtil$2.class
target/shopcart-0.3.6/io/netty/buffer/search/KmpSearchProcessorFactory$Processor.class
target/shopcart-0.3.6/io/netty/buffer/WrappedCompositeByteBuf.class
target/shopcart-0.3.6/io/netty/buffer/CompositeByteBuf.class
target/shopcart-0.3.6/io/netty/buffer/ByteBufInputStream.class
target/shopcart-0.3.6/io/netty/buffer/search/MultiSearchProcessor.class
target/shopcart-0.3.6/io/netty/buffer/search/BitapSearchProcessorFactory.class
target/shopcart-0.3.6/io/netty/buffer/PooledByteBufAllocator.class
target/shopcart-0.3.6/io/netty/buffer/search/AhoCorasicSearchProcessorFactory$Context.class
target/shopcart-0.3.6/io/netty/buffer/search/KmpSearchProcessorFactory.class
target/shopcart-0.3.6/io/netty/buffer/search/BitapSearchProcessorFactory$Processor.class
target/shopcart-0.3.6/io/netty/buffer/search/AbstractSearchProcessorFactory.class
target/shopcart-0.3.6/io/netty/buffer/search/AbstractMultiSearchProcessorFactory.class
target/shopcart-0.3.6/io/netty/buffer/search/AhoCorasicSearchProcessorFactory$Processor.class
target/shopcart-0.3.6/io/netty/buffer/search/MultiSearchProcessorFactory.class
target/shopcart-0.3.6/io/netty/buffer/search/SearchProcessor.class
target/shopcart-0.3.6/io/netty/buffer/search/AhoCorasicSearchProcessorFactory.class
target/shopcart-0.3.6/io/netty/buffer/ByteBufProcessor$1.class
target/shopcart-0.3.6/io/netty/buffer/AbstractUnpooledSlicedByteBuf.class
target/shopcart-0.3.6/io/netty/buffer/PoolArenaMetric.class
target/shopcart-0.3.6/io/netty/buffer/Unpooled.class
target/shopcart-0.3.6/io/netty/buffer/UnpooledByteBufAllocator$InstrumentedUnpooledHeapByteBuf.class
target/shopcart-0.3.6/io/netty/buffer/UnsafeByteBufUtil.class
target/shopcart-0.3.6/io/netty/buffer/CompositeByteBuf$Component.class
target/shopcart-0.3.6/io/netty/resolver/NoopAddressResolverGroup.class
target/shopcart-0.3.6/io/netty/buffer/UnpooledByteBufAllocator.class
target/shopcart-0.3.6/io/netty/buffer/PooledHeapByteBuf.class
target/shopcart-0.3.6/io/netty/buffer/PoolThreadCache$1.class
target/shopcart-0.3.6/io/netty/buffer/PooledByteBufAllocator$1.class
target/shopcart-0.3.6/io/netty/buffer/AbstractPooledDerivedByteBuf$PooledNonRetainedSlicedByteBuf.class
target/shopcart-0.3.6/io/netty/buffer/ByteBufAllocator.class
target/shopcart-0.3.6/io/netty/resolver/DefaultHostsFileEntriesResolver$1.class
target/shopcart-0.3.6/io/netty/resolver/HostsFileEntriesProvider.class
target/shopcart-0.3.6/io/netty/resolver/InetNameResolver.class
target/shopcart-0.3.6/io/netty/resolver/DefaultHostsFileEntriesResolver.class
target/shopcart-0.3.6/io/netty/resolver/DefaultAddressResolverGroup.class
target/shopcart-0.3.6/io/netty/resolver/RoundRobinInetAddressResolver$1.class
target/shopcart-0.3.6/io/netty/buffer/UnpooledDirectByteBuf.class
target/shopcart-0.3.6/io/netty/resolver/HostsFileEntriesProvider$Parser.class
target/shopcart-0.3.6/io/netty/resolver/SimpleNameResolver.class
target/shopcart-0.3.6/io/netty/resolver/CompositeNameResolver.class
target/shopcart-0.3.6/io/netty/resolver/DefaultNameResolver.class
target/shopcart-0.3.6/io/netty/resolver/HostsFileEntries.class
target/shopcart-0.3.6/io/netty/resolver/HostsFileEntriesProvider$ParserImpl.class
target/shopcart-0.3.6/io/netty/resolver/InetSocketAddressResolver.class
target/shopcart-0.3.6/io/netty/resolver/HostsFileEntriesResolver.class
target/shopcart-0.3.6/io/netty/resolver/NoopAddressResolver.class
target/shopcart-0.3.6/io/netty/resolver/HostsFileParser.class
target/shopcart-0.3.6/io/netty/resolver/AddressResolverGroup$1.class
target/shopcart-0.3.6/io/netty/resolver/AbstractAddressResolver.class
target/shopcart-0.3.6/io/netty/resolver/RoundRobinInetAddressResolver.class
target/shopcart-0.3.6/io/netty/resolver/InetSocketAddressResolver$2.class
target/shopcart-0.3.6/io/netty/resolver/CompositeNameResolver$1.class
target/shopcart-0.3.6/io/netty/resolver/NameResolver.class
target/shopcart-0.3.6/io/netty/buffer/AbstractByteBuf.class
target/shopcart-0.3.6/io/netty/resolver/AddressResolverGroup.class
target/shopcart-0.3.6/io/netty/buffer/AdvancedLeakAwareCompositeByteBuf.class
target/shopcart-0.3.6/io/netty/resolver/CompositeNameResolver$2.class
target/shopcart-0.3.6/io/netty/resolver/InetSocketAddressResolver$1.class
target/shopcart-0.3.6/io/netty/resolver/ResolvedAddressTypes.class
target/shopcart-0.3.6/io/netty/resolver/RoundRobinInetAddressResolver$2.class
target/shopcart-0.3.6/io/netty/internal/tcnative/SSLSession.class

  public static native long getTime(long);
    descriptor: (J)J
    flags: (0x0109) ACC_PUBLIC, ACC_STATIC, ACC_NATIVE

  public static native long getTimeout(long);
    descriptor: (J)J
    flags: (0x0109) ACC_PUBLIC, ACC_STATIC, ACC_NATIVE

  public static native long setTimeout(long, long);
    descriptor: (JJ)J
    flags: (0x0109) ACC_PUBLIC, ACC_STATIC, ACC_NATIVE

  public static native byte[] getSessionId(long);
    descriptor: (J)[B
    flags: (0x0109) ACC_PUBLIC, ACC_STATIC, ACC_NATIVE

  public static native boolean upRef(long);
    descriptor: (J)Z
    flags: (0x0109) ACC_PUBLIC, ACC_STATIC, ACC_NATIVE

  public static native void free(long);
    descriptor: (J)V
    flags: (0x0109) ACC_PUBLIC, ACC_STATIC, ACC_NATIVE

  public static native boolean shouldBeSingleUse(long);
    descriptor: (J)Z
    flags: (0x0109) ACC_PUBLIC, ACC_STATIC, ACC_NATIVE
target/shopcart-0.3.6/io/netty/resolver/AddressResolver.class
target/shopcart-0.3.6/io/netty/internal/tcnative/ResultCallback.class
target/shopcart-0.3.6/io/netty/internal/tcnative/CertificateCallback.class
target/shopcart-0.3.6/io/netty/internal/tcnative/AsyncSSLPrivateKeyMethodAdapter.class
target/shopcart-0.3.6/io/netty/internal/tcnative/CertificateVerifierTask.class
target/shopcart-0.3.6/io/netty/internal/tcnative/SniHostNameMatcher.class
target/shopcart-0.3.6/io/netty/internal/tcnative/Library.class

  private static native boolean initialize0();
    descriptor: ()Z
    flags: (0x010a) ACC_PRIVATE, ACC_STATIC, ACC_NATIVE

  private static native boolean aprHasThreads();
    descriptor: ()Z
    flags: (0x010a) ACC_PRIVATE, ACC_STATIC, ACC_NATIVE

  private static native int aprMajorVersion();
    descriptor: ()I
    flags: (0x010a) ACC_PRIVATE, ACC_STATIC, ACC_NATIVE

  private static native java.lang.String aprVersionString();
    descriptor: ()Ljava/lang/String;
    flags: (0x010a) ACC_PRIVATE, ACC_STATIC, ACC_NATIVE
target/shopcart-0.3.6/io/netty/internal/tcnative/SSLTask.class
target/shopcart-0.3.6/io/netty/internal/tcnative/SessionTicketKey.class
target/shopcart-0.3.6/io/netty/internal/tcnative/CertificateCallbackTask.class
target/shopcart-0.3.6/io/netty/internal/tcnative/Buffer.class

  public static native long address(java.nio.ByteBuffer);
    descriptor: (Ljava/nio/ByteBuffer;)J
    flags: (0x0109) ACC_PUBLIC, ACC_STATIC, ACC_NATIVE

  public static native long size(java.nio.ByteBuffer);
    descriptor: (Ljava/nio/ByteBuffer;)J
    flags: (0x0109) ACC_PUBLIC, ACC_STATIC, ACC_NATIVE
target/shopcart-0.3.6/io/netty/internal/tcnative/SSLTask$TaskCallback.class
target/shopcart-0.3.6/io/netty/internal/tcnative/SSLSessionCache.class
target/shopcart-0.3.6/io/netty/internal/tcnative/AsyncSSLPrivateKeyMethod.class
target/shopcart-0.3.6/io/netty/internal/tcnative/SSLPrivateKeyMethodTask.class
target/shopcart-0.3.6/io/netty/internal/tcnative/AsyncTask.class
target/shopcart-0.3.6/io/netty/internal/tcnative/SSLTask$2.class
target/shopcart-0.3.6/io/netty/internal/tcnative/CertificateRequestedCallback.class
target/shopcart-0.3.6/io/netty/internal/tcnative/SSLPrivateKeyMethodDecryptTask.class
target/shopcart-0.3.6/io/netty/util/HashedWheelTimer$1.class
target/shopcart-0.3.6/io/netty/internal/tcnative/SSLContext.class

  public static native long make(int, int) throws java.lang.Exception;
    descriptor: (II)J
    flags: (0x0109) ACC_PUBLIC, ACC_STATIC, ACC_NATIVE
--

  public static native int free(long);
    descriptor: (J)I
    flags: (0x0109) ACC_PUBLIC, ACC_STATIC, ACC_NATIVE

  public static native void setContextId(long, java.lang.String);
    descriptor: (JLjava/lang/String;)V
    flags: (0x0109) ACC_PUBLIC, ACC_STATIC, ACC_NATIVE

  public static native void setOptions(long, int);
    descriptor: (JI)V
    flags: (0x0109) ACC_PUBLIC, ACC_STATIC, ACC_NATIVE

  public static native int getOptions(long);
    descriptor: (J)I
    flags: (0x0109) ACC_PUBLIC, ACC_STATIC, ACC_NATIVE

  public static native void clearOptions(long, int);
    descriptor: (JI)V
    flags: (0x0109) ACC_PUBLIC, ACC_STATIC, ACC_NATIVE
--

  public static native boolean setCipherSuite(long, java.lang.String, boolean) throws java.lang.Exception;
    descriptor: (JLjava/lang/String;Z)Z
    flags: (0x0109) ACC_PUBLIC, ACC_STATIC, ACC_NATIVE
--

  public static native boolean setCertificateChainFile(long, java.lang.String, boolean);
    descriptor: (JLjava/lang/String;Z)Z
    flags: (0x0109) ACC_PUBLIC, ACC_STATIC, ACC_NATIVE

  public static native boolean setCertificateChainBio(long, long, boolean);
    descriptor: (JJZ)Z
    flags: (0x0109) ACC_PUBLIC, ACC_STATIC, ACC_NATIVE

  public static native boolean setCertificate(long, java.lang.String, java.lang.String, java.lang.String) throws java.lang.Exception;
    descriptor: (JLjava/lang/String;Ljava/lang/String;Ljava/lang/String;)Z
    flags: (0x0109) ACC_PUBLIC, ACC_STATIC, ACC_NATIVE
--

  public static native boolean setCertificateBio(long, long, long, java.lang.String) throws java.lang.Exception;
    descriptor: (JJJLjava/lang/String;)Z
    flags: (0x0109) ACC_PUBLIC, ACC_STATIC, ACC_NATIVE
--

  public static native long setSessionCacheSize(long, long);
    descriptor: (JJ)J
    flags: (0x0109) ACC_PUBLIC, ACC_STATIC, ACC_NATIVE

  public static native long getSessionCacheSize(long);
    descriptor: (J)J
    flags: (0x0109) ACC_PUBLIC, ACC_STATIC, ACC_NATIVE

  public static native long setSessionCacheTimeout(long, long);
    descriptor: (JJ)J
    flags: (0x0109) ACC_PUBLIC, ACC_STATIC, ACC_NATIVE

  public static native long getSessionCacheTimeout(long);
    descriptor: (J)J
    flags: (0x0109) ACC_PUBLIC, ACC_STATIC, ACC_NATIVE

  public static native long setSessionCacheMode(long, long);
    descriptor: (JJ)J
    flags: (0x0109) ACC_PUBLIC, ACC_STATIC, ACC_NATIVE

  public static native long getSessionCacheMode(long);
    descriptor: (J)J
    flags: (0x0109) ACC_PUBLIC, ACC_STATIC, ACC_NATIVE

  public static native long sessionAccept(long);
    descriptor: (J)J
    flags: (0x0109) ACC_PUBLIC, ACC_STATIC, ACC_NATIVE

  public static native long sessionAcceptGood(long);
    descriptor: (J)J
    flags: (0x0109) ACC_PUBLIC, ACC_STATIC, ACC_NATIVE

  public static native long sessionAcceptRenegotiate(long);
    descriptor: (J)J
    flags: (0x0109) ACC_PUBLIC, ACC_STATIC, ACC_NATIVE

  public static native long sessionCacheFull(long);
    descriptor: (J)J
    flags: (0x0109) ACC_PUBLIC, ACC_STATIC, ACC_NATIVE

  public static native long sessionCbHits(long);
    descriptor: (J)J
    flags: (0x0109) ACC_PUBLIC, ACC_STATIC, ACC_NATIVE

  public static native long sessionConnect(long);
    descriptor: (J)J
    flags: (0x0109) ACC_PUBLIC, ACC_STATIC, ACC_NATIVE

  public static native long sessionConnectGood(long);
    descriptor: (J)J
    flags: (0x0109) ACC_PUBLIC, ACC_STATIC, ACC_NATIVE

  public static native long sessionConnectRenegotiate(long);
    descriptor: (J)J
    flags: (0x0109) ACC_PUBLIC, ACC_STATIC, ACC_NATIVE

  public static native long sessionHits(long);
    descriptor: (J)J
    flags: (0x0109) ACC_PUBLIC, ACC_STATIC, ACC_NATIVE

  public static native long sessionMisses(long);
    descriptor: (J)J
    flags: (0x0109) ACC_PUBLIC, ACC_STATIC, ACC_NATIVE

  public static native long sessionNumber(long);
    descriptor: (J)J
    flags: (0x0109) ACC_PUBLIC, ACC_STATIC, ACC_NATIVE

  public static native long sessionTimeouts(long);
    descriptor: (J)J
    flags: (0x0109) ACC_PUBLIC, ACC_STATIC, ACC_NATIVE

  public static native long sessionTicketKeyNew(long);
    descriptor: (J)J
    flags: (0x0109) ACC_PUBLIC, ACC_STATIC, ACC_NATIVE

  public static native long sessionTicketKeyResume(long);
    descriptor: (J)J
    flags: (0x0109) ACC_PUBLIC, ACC_STATIC, ACC_NATIVE

  public static native long sessionTicketKeyRenew(long);
    descriptor: (J)J
    flags: (0x0109) ACC_PUBLIC, ACC_STATIC, ACC_NATIVE

  public static native long sessionTicketKeyFail(long);
    descriptor: (J)J
    flags: (0x0109) ACC_PUBLIC, ACC_STATIC, ACC_NATIVE
--

  private static native void setSessionTicketKeys0(long, byte[]);
    descriptor: (J[B)V
    flags: (0x010a) ACC_PRIVATE, ACC_STATIC, ACC_NATIVE

  public static native boolean setCACertificateBio(long, long);
    descriptor: (JJ)Z
    flags: (0x0109) ACC_PUBLIC, ACC_STATIC, ACC_NATIVE

  public static native void setVerify(long, int, int);
    descriptor: (JII)V
    flags: (0x0109) ACC_PUBLIC, ACC_STATIC, ACC_NATIVE

  public static native void setCertVerifyCallback(long, io.netty.internal.tcnative.CertificateVerifier);
    descriptor: (JLio/netty/internal/tcnative/CertificateVerifier;)V
    flags: (0x0109) ACC_PUBLIC, ACC_STATIC, ACC_NATIVE

  public static native void setCertRequestedCallback(long, io.netty.internal.tcnative.CertificateRequestedCallback);
    descriptor: (JLio/netty/internal/tcnative/CertificateRequestedCallback;)V
    flags: (0x0109) ACC_PUBLIC, ACC_STATIC, ACC_NATIVE
--

  public static native void setCertificateCallback(long, io.netty.internal.tcnative.CertificateCallback);
    descriptor: (JLio/netty/internal/tcnative/CertificateCallback;)V
    flags: (0x0109) ACC_PUBLIC, ACC_STATIC, ACC_NATIVE

  public static native void setSniHostnameMatcher(long, io.netty.internal.tcnative.SniHostNameMatcher);
    descriptor: (JLio/netty/internal/tcnative/SniHostNameMatcher;)V
    flags: (0x0109) ACC_PUBLIC, ACC_STATIC, ACC_NATIVE
--

  private static native void setNpnProtos0(long, byte[], int);
    descriptor: (J[BI)V
    flags: (0x010a) ACC_PRIVATE, ACC_STATIC, ACC_NATIVE
--

  private static native void setAlpnProtos0(long, byte[], int);
    descriptor: (J[BI)V
    flags: (0x010a) ACC_PRIVATE, ACC_STATIC, ACC_NATIVE

  public static native void setTmpDHLength(long, int);
    descriptor: (JI)V
    flags: (0x0109) ACC_PUBLIC, ACC_STATIC, ACC_NATIVE

  public static native boolean setSessionIdContext(long, byte[]);
    descriptor: (J[B)Z
    flags: (0x0109) ACC_PUBLIC, ACC_STATIC, ACC_NATIVE

  public static native int setMode(long, int);
    descriptor: (JI)I
    flags: (0x0109) ACC_PUBLIC, ACC_STATIC, ACC_NATIVE

  public static native int getMode(long);
    descriptor: (J)I
    flags: (0x0109) ACC_PUBLIC, ACC_STATIC, ACC_NATIVE

  public static native void enableOcsp(long, boolean);
    descriptor: (JZ)V
    flags: (0x0109) ACC_PUBLIC, ACC_STATIC, ACC_NATIVE

  public static native void disableOcsp(long);
    descriptor: (J)V
    flags: (0x0109) ACC_PUBLIC, ACC_STATIC, ACC_NATIVE

  public static native long getSslCtx(long);
    descriptor: (J)J
    flags: (0x0109) ACC_PUBLIC, ACC_STATIC, ACC_NATIVE

  public static native void setUseTasks(long, boolean);
    descriptor: (JZ)V
    flags: (0x0109) ACC_PUBLIC, ACC_STATIC, ACC_NATIVE
--

  private static native void setPrivateKeyMethod0(long, io.netty.internal.tcnative.AsyncSSLPrivateKeyMethod);
    descriptor: (JLio/netty/internal/tcnative/AsyncSSLPrivateKeyMethod;)V
    flags: (0x010a) ACC_PRIVATE, ACC_STATIC, ACC_NATIVE

  public static native void setSSLSessionCache(long, io.netty.internal.tcnative.SSLSessionCache);
    descriptor: (JLio/netty/internal/tcnative/SSLSessionCache;)V
    flags: (0x0109) ACC_PUBLIC, ACC_STATIC, ACC_NATIVE

  public static native boolean setNumTickets(long, int);
    descriptor: (JI)Z
    flags: (0x0109) ACC_PUBLIC, ACC_STATIC, ACC_NATIVE
--

  private static native boolean setCurvesList0(long, java.lang.String);
    descriptor: (JLjava/lang/String;)Z
    flags: (0x010a) ACC_PRIVATE, ACC_STATIC, ACC_NATIVE
target/shopcart-0.3.6/io/netty/internal/tcnative/SSLPrivateKeyMethod.class
target/shopcart-0.3.6/io/netty/internal/tcnative/NativeStaticallyReferencedJniMethods.class

  static native int sslOpCipherServerPreference();
    descriptor: ()I
    flags: (0x0108) ACC_STATIC, ACC_NATIVE

  static native int sslOpNoSSLv2();
    descriptor: ()I
    flags: (0x0108) ACC_STATIC, ACC_NATIVE

  static native int sslOpNoSSLv3();
    descriptor: ()I
    flags: (0x0108) ACC_STATIC, ACC_NATIVE

  static native int sslOpNoTLSv1();
    descriptor: ()I
    flags: (0x0108) ACC_STATIC, ACC_NATIVE

  static native int sslOpNoTLSv11();
    descriptor: ()I
    flags: (0x0108) ACC_STATIC, ACC_NATIVE

  static native int sslOpNoTLSv12();
    descriptor: ()I
    flags: (0x0108) ACC_STATIC, ACC_NATIVE

  static native int sslOpNoTLSv13();
    descriptor: ()I
    flags: (0x0108) ACC_STATIC, ACC_NATIVE

  static native int sslOpNoTicket();
    descriptor: ()I
    flags: (0x0108) ACC_STATIC, ACC_NATIVE

  static native int sslOpNoCompression();
    descriptor: ()I
    flags: (0x0108) ACC_STATIC, ACC_NATIVE

  static native int sslSessCacheOff();
    descriptor: ()I
    flags: (0x0108) ACC_STATIC, ACC_NATIVE

  static native int sslSessCacheServer();
    descriptor: ()I
    flags: (0x0108) ACC_STATIC, ACC_NATIVE

  static native int sslSessCacheClient();
    descriptor: ()I
    flags: (0x0108) ACC_STATIC, ACC_NATIVE

  static native int sslSessCacheNoInternalLookup();
    descriptor: ()I
    flags: (0x0108) ACC_STATIC, ACC_NATIVE

  static native int sslSessCacheNoInternalStore();
    descriptor: ()I
    flags: (0x0108) ACC_STATIC, ACC_NATIVE

  static native int sslStConnect();
    descriptor: ()I
    flags: (0x0108) ACC_STATIC, ACC_NATIVE

  static native int sslStAccept();
    descriptor: ()I
    flags: (0x0108) ACC_STATIC, ACC_NATIVE

  static native int sslModeEnablePartialWrite();
    descriptor: ()I
    flags: (0x0108) ACC_STATIC, ACC_NATIVE

  static native int sslModeAcceptMovingWriteBuffer();
    descriptor: ()I
    flags: (0x0108) ACC_STATIC, ACC_NATIVE

  static native int sslModeReleaseBuffers();
    descriptor: ()I
    flags: (0x0108) ACC_STATIC, ACC_NATIVE

  static native int sslModeEnableFalseStart();
    descriptor: ()I
    flags: (0x0108) ACC_STATIC, ACC_NATIVE

  static native int sslSendShutdown();
    descriptor: ()I
    flags: (0x0108) ACC_STATIC, ACC_NATIVE

  static native int sslReceivedShutdown();
    descriptor: ()I
    flags: (0x0108) ACC_STATIC, ACC_NATIVE

  static native int sslErrorNone();
    descriptor: ()I
    flags: (0x0108) ACC_STATIC, ACC_NATIVE

  static native int sslErrorSSL();
    descriptor: ()I
    flags: (0x0108) ACC_STATIC, ACC_NATIVE

  static native int sslErrorWantRead();
    descriptor: ()I
    flags: (0x0108) ACC_STATIC, ACC_NATIVE

  static native int sslErrorWantWrite();
    descriptor: ()I
    flags: (0x0108) ACC_STATIC, ACC_NATIVE

  static native int sslErrorWantX509Lookup();
    descriptor: ()I
    flags: (0x0108) ACC_STATIC, ACC_NATIVE

  static native int sslErrorSyscall();
    descriptor: ()I
    flags: (0x0108) ACC_STATIC, ACC_NATIVE

  static native int sslErrorZeroReturn();
    descriptor: ()I
    flags: (0x0108) ACC_STATIC, ACC_NATIVE

  static native int sslErrorWantConnect();
    descriptor: ()I
    flags: (0x0108) ACC_STATIC, ACC_NATIVE

  static native int sslErrorWantAccept();
    descriptor: ()I
    flags: (0x0108) ACC_STATIC, ACC_NATIVE

  static native int sslMaxPlaintextLength();
    descriptor: ()I
    flags: (0x0108) ACC_STATIC, ACC_NATIVE

  static native int sslMaxRecordLength();
    descriptor: ()I
    flags: (0x0108) ACC_STATIC, ACC_NATIVE

  static native int x509CheckFlagAlwaysCheckSubject();
    descriptor: ()I
    flags: (0x0108) ACC_STATIC, ACC_NATIVE

  static native int x509CheckFlagDisableWildCards();
    descriptor: ()I
    flags: (0x0108) ACC_STATIC, ACC_NATIVE

  static native int x509CheckFlagNoPartialWildCards();
    descriptor: ()I
    flags: (0x0108) ACC_STATIC, ACC_NATIVE

  static native int x509CheckFlagMultiLabelWildCards();
    descriptor: ()I
    flags: (0x0108) ACC_STATIC, ACC_NATIVE

  static native int x509vOK();
    descriptor: ()I
    flags: (0x0108) ACC_STATIC, ACC_NATIVE

  static native int x509vErrUnspecified();
    descriptor: ()I
    flags: (0x0108) ACC_STATIC, ACC_NATIVE

  static native int x509vErrUnableToGetIssuerCert();
    descriptor: ()I
    flags: (0x0108) ACC_STATIC, ACC_NATIVE

  static native int x509vErrUnableToGetCrl();
    descriptor: ()I
    flags: (0x0108) ACC_STATIC, ACC_NATIVE

  static native int x509vErrUnableToDecryptCertSignature();
    descriptor: ()I
    flags: (0x0108) ACC_STATIC, ACC_NATIVE

  static native int x509vErrUnableToDecryptCrlSignature();
    descriptor: ()I
    flags: (0x0108) ACC_STATIC, ACC_NATIVE

  static native int x509vErrUnableToDecodeIssuerPublicKey();
    descriptor: ()I
    flags: (0x0108) ACC_STATIC, ACC_NATIVE

  static native int x509vErrCertSignatureFailure();
    descriptor: ()I
    flags: (0x0108) ACC_STATIC, ACC_NATIVE

  static native int x509vErrCrlSignatureFailure();
    descriptor: ()I
    flags: (0x0108) ACC_STATIC, ACC_NATIVE

  static native int x509vErrCertNotYetValid();
    descriptor: ()I
    flags: (0x0108) ACC_STATIC, ACC_NATIVE

  static native int x509vErrCertHasExpired();
    descriptor: ()I
    flags: (0x0108) ACC_STATIC, ACC_NATIVE

  static native int x509vErrCrlNotYetValid();
    descriptor: ()I
    flags: (0x0108) ACC_STATIC, ACC_NATIVE

  static native int x509vErrCrlHasExpired();
    descriptor: ()I
    flags: (0x0108) ACC_STATIC, ACC_NATIVE

  static native int x509vErrErrorInCertNotBeforeField();
    descriptor: ()I
    flags: (0x0108) ACC_STATIC, ACC_NATIVE

  static native int x509vErrErrorInCertNotAfterField();
    descriptor: ()I
    flags: (0x0108) ACC_STATIC, ACC_NATIVE

  static native int x509vErrErrorInCrlLastUpdateField();
    descriptor: ()I
    flags: (0x0108) ACC_STATIC, ACC_NATIVE

  static native int x509vErrErrorInCrlNextUpdateField();
    descriptor: ()I
    flags: (0x0108) ACC_STATIC, ACC_NATIVE

  static native int x509vErrOutOfMem();
    descriptor: ()I
    flags: (0x0108) ACC_STATIC, ACC_NATIVE

  static native int x509vErrDepthZeroSelfSignedCert();
    descriptor: ()I
    flags: (0x0108) ACC_STATIC, ACC_NATIVE

  static native int x509vErrSelfSignedCertInChain();
    descriptor: ()I
    flags: (0x0108) ACC_STATIC, ACC_NATIVE

  static native int x509vErrUnableToGetIssuerCertLocally();
    descriptor: ()I
    flags: (0x0108) ACC_STATIC, ACC_NATIVE

  static native int x509vErrUnableToVerifyLeafSignature();
    descriptor: ()I
    flags: (0x0108) ACC_STATIC, ACC_NATIVE

  static native int x509vErrCertChainTooLong();
    descriptor: ()I
    flags: (0x0108) ACC_STATIC, ACC_NATIVE

  static native int x509vErrCertRevoked();
    descriptor: ()I
    flags: (0x0108) ACC_STATIC, ACC_NATIVE

  static native int x509vErrInvalidCa();
    descriptor: ()I
    flags: (0x0108) ACC_STATIC, ACC_NATIVE

  static native int x509vErrPathLengthExceeded();
    descriptor: ()I
    flags: (0x0108) ACC_STATIC, ACC_NATIVE

  static native int x509vErrInvalidPurpose();
    descriptor: ()I
    flags: (0x0108) ACC_STATIC, ACC_NATIVE

  static native int x509vErrCertUntrusted();
    descriptor: ()I
    flags: (0x0108) ACC_STATIC, ACC_NATIVE

  static native int x509vErrCertRejected();
    descriptor: ()I
    flags: (0x0108) ACC_STATIC, ACC_NATIVE

  static native int x509vErrSubjectIssuerMismatch();
    descriptor: ()I
    flags: (0x0108) ACC_STATIC, ACC_NATIVE

  static native int x509vErrAkidSkidMismatch();
    descriptor: ()I
    flags: (0x0108) ACC_STATIC, ACC_NATIVE

  static native int x509vErrAkidIssuerSerialMismatch();
    descriptor: ()I
    flags: (0x0108) ACC_STATIC, ACC_NATIVE

  static native int x509vErrKeyUsageNoCertSign();
    descriptor: ()I
    flags: (0x0108) ACC_STATIC, ACC_NATIVE

  static native int x509vErrUnableToGetCrlIssuer();
    descriptor: ()I
    flags: (0x0108) ACC_STATIC, ACC_NATIVE

  static native int x509vErrUnhandledCriticalExtension();
    descriptor: ()I
    flags: (0x0108) ACC_STATIC, ACC_NATIVE

  static native int x509vErrKeyUsageNoCrlSign();
    descriptor: ()I
    flags: (0x0108) ACC_STATIC, ACC_NATIVE

  static native int x509vErrUnhandledCriticalCrlExtension();
    descriptor: ()I
    flags: (0x0108) ACC_STATIC, ACC_NATIVE

  static native int x509vErrInvalidNonCa();
    descriptor: ()I
    flags: (0x0108) ACC_STATIC, ACC_NATIVE

  static native int x509vErrProxyPathLengthExceeded();
    descriptor: ()I
    flags: (0x0108) ACC_STATIC, ACC_NATIVE

  static native int x509vErrKeyUsageNoDigitalSignature();
    descriptor: ()I
    flags: (0x0108) ACC_STATIC, ACC_NATIVE

  static native int x509vErrProxyCertificatesNotAllowed();
    descriptor: ()I
    flags: (0x0108) ACC_STATIC, ACC_NATIVE

  static native int x509vErrInvalidExtension();
    descriptor: ()I
    flags: (0x0108) ACC_STATIC, ACC_NATIVE

  static native int x509vErrInvalidPolicyExtension();
    descriptor: ()I
    flags: (0x0108) ACC_STATIC, ACC_NATIVE

  static native int x509vErrNoExplicitPolicy();
    descriptor: ()I
    flags: (0x0108) ACC_STATIC, ACC_NATIVE

  static native int x509vErrDifferntCrlScope();
    descriptor: ()I
    flags: (0x0108) ACC_STATIC, ACC_NATIVE

  static native int x509vErrUnsupportedExtensionFeature();
    descriptor: ()I
    flags: (0x0108) ACC_STATIC, ACC_NATIVE

  static native int x509vErrUnnestedResource();
    descriptor: ()I
    flags: (0x0108) ACC_STATIC, ACC_NATIVE

  static native int x509vErrPermittedViolation();
    descriptor: ()I
    flags: (0x0108) ACC_STATIC, ACC_NATIVE

  static native int x509vErrExcludedViolation();
    descriptor: ()I
    flags: (0x0108) ACC_STATIC, ACC_NATIVE

  static native int x509vErrSubtreeMinMax();
    descriptor: ()I
    flags: (0x0108) ACC_STATIC, ACC_NATIVE

  static native int x509vErrApplicationVerification();
    descriptor: ()I
    flags: (0x0108) ACC_STATIC, ACC_NATIVE

  static native int x509vErrUnsupportedConstraintType();
    descriptor: ()I
    flags: (0x0108) ACC_STATIC, ACC_NATIVE

  static native int x509vErrUnsupportedConstraintSyntax();
    descriptor: ()I
    flags: (0x0108) ACC_STATIC, ACC_NATIVE

  static native int x509vErrUnsupportedNameSyntax();
    descriptor: ()I
    flags: (0x0108) ACC_STATIC, ACC_NATIVE

  static native int x509vErrCrlPathValidationError();
    descriptor: ()I
    flags: (0x0108) ACC_STATIC, ACC_NATIVE

  static native int x509vErrPathLoop();
    descriptor: ()I
    flags: (0x0108) ACC_STATIC, ACC_NATIVE

  static native int x509vErrSuiteBInvalidVersion();
    descriptor: ()I
    flags: (0x0108) ACC_STATIC, ACC_NATIVE

  static native int x509vErrSuiteBInvalidAlgorithm();
    descriptor: ()I
    flags: (0x0108) ACC_STATIC, ACC_NATIVE

  static native int x509vErrSuiteBInvalidCurve();
    descriptor: ()I
    flags: (0x0108) ACC_STATIC, ACC_NATIVE

  static native int x509vErrSuiteBInvalidSignatureAlgorithm();
    descriptor: ()I
    flags: (0x0108) ACC_STATIC, ACC_NATIVE

  static native int x509vErrSuiteBLosNotAllowed();
    descriptor: ()I
    flags: (0x0108) ACC_STATIC, ACC_NATIVE

  static native int x509vErrSuiteBCannotSignP384WithP256();
    descriptor: ()I
    flags: (0x0108) ACC_STATIC, ACC_NATIVE

  static native int x509vErrHostnameMismatch();
    descriptor: ()I
    flags: (0x0108) ACC_STATIC, ACC_NATIVE

  static native int x509vErrEmailMismatch();
    descriptor: ()I
    flags: (0x0108) ACC_STATIC, ACC_NATIVE

  static native int x509vErrIpAddressMismatch();
    descriptor: ()I
    flags: (0x0108) ACC_STATIC, ACC_NATIVE

  static native int x509vErrDaneNoMatch();
    descriptor: ()I
    flags: (0x0108) ACC_STATIC, ACC_NATIVE

  static native int sslErrorWantCertificateVerify();
    descriptor: ()I
    flags: (0x0108) ACC_STATIC, ACC_NATIVE

  static native int sslErrorWantPrivateKeyOperation();
    descriptor: ()I
    flags: (0x0108) ACC_STATIC, ACC_NATIVE

  static native int sslSignRsaPkcsSha1();
    descriptor: ()I
    flags: (0x0108) ACC_STATIC, ACC_NATIVE

  static native int sslSignRsaPkcsSha256();
    descriptor: ()I
    flags: (0x0108) ACC_STATIC, ACC_NATIVE

  static native int sslSignRsaPkcsSha384();
    descriptor: ()I
    flags: (0x0108) ACC_STATIC, ACC_NATIVE

  static native int sslSignRsaPkcsSha512();
    descriptor: ()I
    flags: (0x0108) ACC_STATIC, ACC_NATIVE

  static native int sslSignEcdsaPkcsSha1();
    descriptor: ()I
    flags: (0x0108) ACC_STATIC, ACC_NATIVE

  static native int sslSignEcdsaSecp256r1Sha256();
    descriptor: ()I
    flags: (0x0108) ACC_STATIC, ACC_NATIVE

  static native int sslSignEcdsaSecp384r1Sha384();
    descriptor: ()I
    flags: (0x0108) ACC_STATIC, ACC_NATIVE

  static native int sslSignEcdsaSecp521r1Sha512();
    descriptor: ()I
    flags: (0x0108) ACC_STATIC, ACC_NATIVE

  static native int sslSignRsaPssRsaeSha256();
    descriptor: ()I
    flags: (0x0108) ACC_STATIC, ACC_NATIVE

  static native int sslSignRsaPssRsaeSha384();
    descriptor: ()I
    flags: (0x0108) ACC_STATIC, ACC_NATIVE

  static native int sslSignRsaPssRsaeSha512();
    descriptor: ()I
    flags: (0x0108) ACC_STATIC, ACC_NATIVE

  static native int sslSignEd25519();
    descriptor: ()I
    flags: (0x0108) ACC_STATIC, ACC_NATIVE

  static native int sslSignRsaPkcs1Md5Sha1();
    descriptor: ()I
    flags: (0x0108) ACC_STATIC, ACC_NATIVE

  static native int sslRenegotiateNever();
    descriptor: ()I
    flags: (0x0108) ACC_STATIC, ACC_NATIVE

  static native int sslRenegotiateOnce();
    descriptor: ()I
    flags: (0x0108) ACC_STATIC, ACC_NATIVE

  static native int sslRenegotiateFreely();
    descriptor: ()I
    flags: (0x0108) ACC_STATIC, ACC_NATIVE

  static native int sslRenegotiateIgnore();
    descriptor: ()I
    flags: (0x0108) ACC_STATIC, ACC_NATIVE

  static native int sslRenegotiateExplicit();
    descriptor: ()I
    flags: (0x0108) ACC_STATIC, ACC_NATIVE
target/shopcart-0.3.6/io/netty/util/NettyRuntime$AvailableProcessorsHolder.class
target/shopcart-0.3.6/io/netty/internal/tcnative/SSLPrivateKeyMethodSignTask.class
target/shopcart-0.3.6/io/netty/internal/tcnative/SSLPrivateKeyMethodTask$1.class
target/shopcart-0.3.6/io/netty/internal/tcnative/CertificateVerifier.class
target/shopcart-0.3.6/io/netty/util/Timer.class
target/shopcart-0.3.6/io/netty/internal/tcnative/SSL.class

  public static native int version();
    descriptor: ()I
    flags: (0x0109) ACC_PUBLIC, ACC_STATIC, ACC_NATIVE

  public static native java.lang.String versionString();
    descriptor: ()Ljava/lang/String;
    flags: (0x0109) ACC_PUBLIC, ACC_STATIC, ACC_NATIVE

  static native int initialize(java.lang.String);
    descriptor: (Ljava/lang/String;)I
    flags: (0x0108) ACC_STATIC, ACC_NATIVE

  public static native long newMemBIO() throws java.lang.Exception;
    descriptor: ()J
    flags: (0x0109) ACC_PUBLIC, ACC_STATIC, ACC_NATIVE
--

  public static native java.lang.String getLastError();
    descriptor: ()Ljava/lang/String;
    flags: (0x0109) ACC_PUBLIC, ACC_STATIC, ACC_NATIVE

  public static native long newSSL(long, boolean);
    descriptor: (JZ)J
    flags: (0x0109) ACC_PUBLIC, ACC_STATIC, ACC_NATIVE

  public static native int getError(long, int);
    descriptor: (JI)I
    flags: (0x0109) ACC_PUBLIC, ACC_STATIC, ACC_NATIVE

  public static native int bioWrite(long, long, int);
    descriptor: (JJI)I
    flags: (0x0109) ACC_PUBLIC, ACC_STATIC, ACC_NATIVE

  public static native long bioNewByteBuffer(long, int);
    descriptor: (JI)J
    flags: (0x0109) ACC_PUBLIC, ACC_STATIC, ACC_NATIVE

  public static native void bioSetByteBuffer(long, long, int, boolean);
    descriptor: (JJIZ)V
    flags: (0x0109) ACC_PUBLIC, ACC_STATIC, ACC_NATIVE

  public static native void bioClearByteBuffer(long);
    descriptor: (J)V
    flags: (0x0109) ACC_PUBLIC, ACC_STATIC, ACC_NATIVE

  public static native int bioFlushByteBuffer(long);
    descriptor: (J)I
    flags: (0x0109) ACC_PUBLIC, ACC_STATIC, ACC_NATIVE

  public static native int bioLengthByteBuffer(long);
    descriptor: (J)I
    flags: (0x0109) ACC_PUBLIC, ACC_STATIC, ACC_NATIVE

  public static native int bioLengthNonApplication(long);
    descriptor: (J)I
    flags: (0x0109) ACC_PUBLIC, ACC_STATIC, ACC_NATIVE

  public static native int sslPending(long);
    descriptor: (J)I
    flags: (0x0109) ACC_PUBLIC, ACC_STATIC, ACC_NATIVE

  public static native int writeToSSL(long, long, int);
    descriptor: (JJI)I
    flags: (0x0109) ACC_PUBLIC, ACC_STATIC, ACC_NATIVE

  public static native int readFromSSL(long, long, int);
    descriptor: (JJI)I
    flags: (0x0109) ACC_PUBLIC, ACC_STATIC, ACC_NATIVE

  public static native int getShutdown(long);
    descriptor: (J)I
    flags: (0x0109) ACC_PUBLIC, ACC_STATIC, ACC_NATIVE

  public static native void setShutdown(long, int);
    descriptor: (JI)V
    flags: (0x0109) ACC_PUBLIC, ACC_STATIC, ACC_NATIVE

  public static native void freeSSL(long);
    descriptor: (J)V
    flags: (0x0109) ACC_PUBLIC, ACC_STATIC, ACC_NATIVE

  public static native void freeBIO(long);
    descriptor: (J)V
    flags: (0x0109) ACC_PUBLIC, ACC_STATIC, ACC_NATIVE

  public static native int shutdownSSL(long);
    descriptor: (J)I
    flags: (0x0109) ACC_PUBLIC, ACC_STATIC, ACC_NATIVE

  public static native int getLastErrorNumber();
    descriptor: ()I
    flags: (0x0109) ACC_PUBLIC, ACC_STATIC, ACC_NATIVE

  public static native java.lang.String getCipherForSSL(long);
    descriptor: (J)Ljava/lang/String;
    flags: (0x0109) ACC_PUBLIC, ACC_STATIC, ACC_NATIVE

  public static native java.lang.String getVersion(long);
    descriptor: (J)Ljava/lang/String;
    flags: (0x0109) ACC_PUBLIC, ACC_STATIC, ACC_NATIVE

  public static native int doHandshake(long);
    descriptor: (J)I
    flags: (0x0109) ACC_PUBLIC, ACC_STATIC, ACC_NATIVE

  public static native int isInInit(long);
    descriptor: (J)I
    flags: (0x0109) ACC_PUBLIC, ACC_STATIC, ACC_NATIVE

  public static native java.lang.String getNextProtoNegotiated(long);
    descriptor: (J)Ljava/lang/String;
    flags: (0x0109) ACC_PUBLIC, ACC_STATIC, ACC_NATIVE

  public static native java.lang.String getAlpnSelected(long);
    descriptor: (J)Ljava/lang/String;
    flags: (0x0109) ACC_PUBLIC, ACC_STATIC, ACC_NATIVE

  public static native byte[][] getPeerCertChain(long);
    descriptor: (J)[[B
    flags: (0x0109) ACC_PUBLIC, ACC_STATIC, ACC_NATIVE

  public static native byte[] getPeerCertificate(long);
    descriptor: (J)[B
    flags: (0x0109) ACC_PUBLIC, ACC_STATIC, ACC_NATIVE

  public static native java.lang.String getErrorString(long);
    descriptor: (J)Ljava/lang/String;
    flags: (0x0109) ACC_PUBLIC, ACC_STATIC, ACC_NATIVE

  public static native long getTime(long);
    descriptor: (J)J
    flags: (0x0109) ACC_PUBLIC, ACC_STATIC, ACC_NATIVE

  public static native long getTimeout(long);
    descriptor: (J)J
    flags: (0x0109) ACC_PUBLIC, ACC_STATIC, ACC_NATIVE

  public static native long setTimeout(long, long);
    descriptor: (JJ)J
    flags: (0x0109) ACC_PUBLIC, ACC_STATIC, ACC_NATIVE

  public static native void setVerify(long, int, int);
    descriptor: (JII)V
    flags: (0x0109) ACC_PUBLIC, ACC_STATIC, ACC_NATIVE

  public static native void setOptions(long, int);
    descriptor: (JI)V
    flags: (0x0109) ACC_PUBLIC, ACC_STATIC, ACC_NATIVE

  public static native void clearOptions(long, int);
    descriptor: (JI)V
    flags: (0x0109) ACC_PUBLIC, ACC_STATIC, ACC_NATIVE

  public static native int getOptions(long);
    descriptor: (J)I
    flags: (0x0109) ACC_PUBLIC, ACC_STATIC, ACC_NATIVE

  public static native int setMode(long, int);
    descriptor: (JI)I
    flags: (0x0109) ACC_PUBLIC, ACC_STATIC, ACC_NATIVE

  public static native int getMode(long);
    descriptor: (J)I
    flags: (0x0109) ACC_PUBLIC, ACC_STATIC, ACC_NATIVE

  public static native int getMaxWrapOverhead(long);
    descriptor: (J)I
    flags: (0x0109) ACC_PUBLIC, ACC_STATIC, ACC_NATIVE

  public static native java.lang.String[] getCiphers(long);
    descriptor: (J)[Ljava/lang/String;
    flags: (0x0109) ACC_PUBLIC, ACC_STATIC, ACC_NATIVE
--

  public static native boolean setCipherSuites(long, java.lang.String, boolean) throws java.lang.Exception;
    descriptor: (JLjava/lang/String;Z)Z
    flags: (0x0109) ACC_PUBLIC, ACC_STATIC, ACC_NATIVE
--

  public static native byte[] getSessionId(long);
    descriptor: (J)[B
    flags: (0x0109) ACC_PUBLIC, ACC_STATIC, ACC_NATIVE

  public static native int getHandshakeCount(long);
    descriptor: (J)I
    flags: (0x0109) ACC_PUBLIC, ACC_STATIC, ACC_NATIVE

  public static native void clearError();
    descriptor: ()V
    flags: (0x0109) ACC_PUBLIC, ACC_STATIC, ACC_NATIVE
--

  private static native void setTlsExtHostName0(long, java.lang.String);
    descriptor: (JLjava/lang/String;)V
    flags: (0x010a) ACC_PRIVATE, ACC_STATIC, ACC_NATIVE

  public static native void setHostNameValidation(long, int, java.lang.String);
    descriptor: (JILjava/lang/String;)V
    flags: (0x0109) ACC_PUBLIC, ACC_STATIC, ACC_NATIVE

  public static native java.lang.String[] authenticationMethods(long);
    descriptor: (J)[Ljava/lang/String;
    flags: (0x0109) ACC_PUBLIC, ACC_STATIC, ACC_NATIVE

  public static native void setCertificateChainBio(long, long, boolean);
    descriptor: (JJZ)V
    flags: (0x0109) ACC_PUBLIC, ACC_STATIC, ACC_NATIVE
--

  public static native void setCertificateBio(long, long, long, java.lang.String) throws java.lang.Exception;
    descriptor: (JJJLjava/lang/String;)V
    flags: (0x0109) ACC_PUBLIC, ACC_STATIC, ACC_NATIVE
--

  public static native long loadPrivateKeyFromEngine(java.lang.String, java.lang.String) throws java.lang.Exception;
    descriptor: (Ljava/lang/String;Ljava/lang/String;)J
    flags: (0x0109) ACC_PUBLIC, ACC_STATIC, ACC_NATIVE
--

  public static native long parsePrivateKey(long, java.lang.String) throws java.lang.Exception;
    descriptor: (JLjava/lang/String;)J
    flags: (0x0109) ACC_PUBLIC, ACC_STATIC, ACC_NATIVE
--

  public static native void freePrivateKey(long);
    descriptor: (J)V
    flags: (0x0109) ACC_PUBLIC, ACC_STATIC, ACC_NATIVE

  public static native long parseX509Chain(long) throws java.lang.Exception;
    descriptor: (J)J
    flags: (0x0109) ACC_PUBLIC, ACC_STATIC, ACC_NATIVE
--

  public static native void freeX509Chain(long);
    descriptor: (J)V
    flags: (0x0109) ACC_PUBLIC, ACC_STATIC, ACC_NATIVE

  public static native void enableOcsp(long);
    descriptor: (J)V
    flags: (0x0109) ACC_PUBLIC, ACC_STATIC, ACC_NATIVE
--

  public static native void setKeyMaterial(long, long, long) throws java.lang.Exception;
    descriptor: (JJJ)V
    flags: (0x0109) ACC_PUBLIC, ACC_STATIC, ACC_NATIVE
--

  public static native void setKeyMaterialClientSide(long, long, long, long, long) throws java.lang.Exception;
    descriptor: (JJJJJ)V
    flags: (0x0109) ACC_PUBLIC, ACC_STATIC, ACC_NATIVE
--

  public static native void setOcspResponse(long, byte[]);
    descriptor: (J[B)V
    flags: (0x0109) ACC_PUBLIC, ACC_STATIC, ACC_NATIVE

  public static native byte[] getOcspResponse(long);
    descriptor: (J)[B
    flags: (0x0109) ACC_PUBLIC, ACC_STATIC, ACC_NATIVE

  public static native void fipsModeSet(int) throws java.lang.Exception;
    descriptor: (I)V
    flags: (0x0109) ACC_PUBLIC, ACC_STATIC, ACC_NATIVE
--

  public static native java.lang.String getSniHostname(long);
    descriptor: (J)Ljava/lang/String;
    flags: (0x0109) ACC_PUBLIC, ACC_STATIC, ACC_NATIVE

  public static native java.lang.String[] getSigAlgs(long);
    descriptor: (J)[Ljava/lang/String;
    flags: (0x0109) ACC_PUBLIC, ACC_STATIC, ACC_NATIVE

  public static native byte[] getMasterKey(long);
    descriptor: (J)[B
    flags: (0x0109) ACC_PUBLIC, ACC_STATIC, ACC_NATIVE

  public static native byte[] getServerRandom(long);
    descriptor: (J)[B
    flags: (0x0109) ACC_PUBLIC, ACC_STATIC, ACC_NATIVE

  public static native byte[] getClientRandom(long);
    descriptor: (J)[B
    flags: (0x0109) ACC_PUBLIC, ACC_STATIC, ACC_NATIVE

  public static native java.lang.Runnable getTask(long);
    descriptor: (J)Ljava/lang/Runnable;
    flags: (0x0109) ACC_PUBLIC, ACC_STATIC, ACC_NATIVE
--

  public static native boolean isSessionReused(long);
    descriptor: (J)Z
    flags: (0x0109) ACC_PUBLIC, ACC_STATIC, ACC_NATIVE

  public static native boolean setSession(long, long);
    descriptor: (JJ)Z
    flags: (0x0109) ACC_PUBLIC, ACC_STATIC, ACC_NATIVE

  public static native long getSession(long);
    descriptor: (J)J
    flags: (0x0109) ACC_PUBLIC, ACC_STATIC, ACC_NATIVE

  public static native void setRenegotiateMode(long, int) throws java.lang.Exception;
    descriptor: (JI)V
    flags: (0x0109) ACC_PUBLIC, ACC_STATIC, ACC_NATIVE
target/shopcart-0.3.6/io/netty/util/AsciiString$CharEqualityComparator.class
target/shopcart-0.3.6/io/netty/util/ReferenceCountUtil.class
target/shopcart-0.3.6/io/netty/internal/tcnative/SSLTask$1.class
target/shopcart-0.3.6/io/netty/util/ByteProcessor.class
target/shopcart-0.3.6/io/netty/util/DomainNameMappingBuilder.class
target/shopcart-0.3.6/io/netty/util/ConstantPool.class
target/shopcart-0.3.6/io/netty/util/AbstractReferenceCounted.class
target/shopcart-0.3.6/io/netty/util/Recycler$LocalPool.class
target/shopcart-0.3.6/io/netty/util/ThreadDeathWatcher.class
target/shopcart-0.3.6/io/netty/util/Recycler$BlockingMessageQueue.class
target/shopcart-0.3.6/io/netty/util/ByteProcessor$4.class
target/shopcart-0.3.6/io/netty/util/Recycler.class
target/shopcart-0.3.6/io/netty/util/Recycler$Handle.class
target/shopcart-0.3.6/io/netty/util/DomainNameMappingBuilder$1.class
target/shopcart-0.3.6/io/netty/util/internal/OutOfDirectMemoryError.class
target/shopcart-0.3.6/io/netty/util/SuppressForbidden.class
target/shopcart-0.3.6/io/netty/util/HashedWheelTimer.class
target/shopcart-0.3.6/io/netty/util/ByteProcessor$IndexOfProcessor.class
target/shopcart-0.3.6/io/netty/util/Constant.class
target/shopcart-0.3.6/io/netty/util/DomainWildcardMappingBuilder.class
target/shopcart-0.3.6/io/netty/util/internal/Hidden.class
target/shopcart-0.3.6/io/netty/util/NetUtilSubstitutions$NetUtilLocalhost6Accessor.class
target/shopcart-0.3.6/io/netty/util/internal/PlatformDependent$ThreadLocalRandomProvider.class
target/shopcart-0.3.6/io/netty/util/HashedWheelTimer$HashedWheelBucket.class
target/shopcart-0.3.6/io/netty/util/internal/TypeParameterMatcher$ReflectiveMatcher.class
target/shopcart-0.3.6/io/netty/util/HashedWheelTimer$Worker.class
target/shopcart-0.3.6/io/netty/util/DomainWildcardMappingBuilder$ImmutableDomainWildcardMapping.class
target/shopcart-0.3.6/io/netty/util/ResourceLeakDetector.class
target/shopcart-0.3.6/io/netty/util/internal/PromiseNotificationUtil.class
target/shopcart-0.3.6/io/netty/util/internal/ObjectCleaner.class
target/shopcart-0.3.6/io/netty/util/internal/ThreadLocalRandom$2.class
target/shopcart-0.3.6/io/netty/util/internal/PlatformDependent$Mpsc.class
target/shopcart-0.3.6/io/netty/util/internal/NativeLibraryUtil.class
target/shopcart-0.3.6/io/netty/util/internal/PlatformDependent0$5.class
target/shopcart-0.3.6/io/netty/util/internal/PlatformDependent0$4.class
target/shopcart-0.3.6/io/netty/util/internal/CleanerJava9.class
target/shopcart-0.3.6/io/netty/util/internal/ThrowableUtil.class
target/shopcart-0.3.6/io/netty/util/internal/Hidden$NettyBlockHoundIntegration$1.class
target/shopcart-0.3.6/io/netty/util/internal/EmptyPriorityQueue.class
target/shopcart-0.3.6/io/netty/util/internal/SuppressJava6Requirement.class
target/shopcart-0.3.6/io/netty/util/internal/PlatformDependent0$8.class
target/shopcart-0.3.6/io/netty/util/internal/AppendableCharSequence.class
target/shopcart-0.3.6/io/netty/util/internal/PriorityQueue.class
target/shopcart-0.3.6/io/netty/util/internal/SocketUtils$9.class
target/shopcart-0.3.6/io/netty/util/internal/ConcurrentSet.class
target/shopcart-0.3.6/io/netty/util/internal/SocketUtils$5.class
target/shopcart-0.3.6/io/netty/util/internal/SocketUtils$8.class
target/shopcart-0.3.6/io/netty/util/internal/ResourcesUtil.class
target/shopcart-0.3.6/io/netty/util/internal/SocketUtils$6.class
target/shopcart-0.3.6/io/netty/util/internal/SocketUtils$7.class
target/shopcart-0.3.6/io/netty/util/internal/SocketUtils$3.class
target/shopcart-0.3.6/io/netty/util/internal/ObjectPool$RecyclerObjectPool$1.class
target/shopcart-0.3.6/io/netty/util/internal/SocketUtils$13.class
target/shopcart-0.3.6/io/netty/util/internal/PlatformDependent$Mpsc$1.class
target/shopcart-0.3.6/io/netty/util/internal/CleanerJava9$1.class
target/shopcart-0.3.6/io/netty/util/internal/ObjectPool$Handle.class
target/shopcart-0.3.6/io/netty/util/internal/ObjectPool$RecyclerObjectPool.class
target/shopcart-0.3.6/io/netty/util/internal/CleanerJava6.class
target/shopcart-0.3.6/io/netty/util/internal/NativeLibraryLoader$NoexecVolumeDetector.class
target/shopcart-0.3.6/io/netty/util/internal/logging/InternalLogger.class
target/shopcart-0.3.6/io/netty/util/internal/svm/UnsafeRefArrayAccessSubstitution.class
target/shopcart-0.3.6/io/netty/util/internal/svm/PlatformDependent0Substitution.class
target/shopcart-0.3.6/io/netty/util/internal/svm/PlatformDependentSubstitution.class
target/shopcart-0.3.6/io/netty/util/internal/svm/CleanerJava6Substitution.class
target/shopcart-0.3.6/io/netty/util/internal/SocketUtils$12.class
target/shopcart-0.3.6/io/netty/util/internal/Hidden$NettyBlockHoundIntegration$1$1.class
target/shopcart-0.3.6/io/netty/util/internal/ThreadExecutorMap$1.class
target/shopcart-0.3.6/io/netty/util/internal/logging/JdkLoggerFactory.class
target/shopcart-0.3.6/io/netty/util/internal/NativeLibraryLoader$2.class
target/shopcart-0.3.6/io/netty/util/internal/logging/Log4JLoggerFactory.class
target/shopcart-0.3.6/io/netty/util/internal/logging/Log4J2Logger$1.class
target/shopcart-0.3.6/io/netty/util/internal/logging/CommonsLoggerFactory.class
target/shopcart-0.3.6/io/netty/util/internal/logging/InternalLogLevel.class
target/shopcart-0.3.6/io/netty/util/internal/logging/Log4J2LoggerFactory.class
target/shopcart-0.3.6/io/netty/util/internal/logging/LocationAwareSlf4JLogger.class
target/shopcart-0.3.6/io/netty/util/internal/logging/InternalLoggerFactory.class
target/shopcart-0.3.6/io/netty/util/internal/logging/Log4JLogger.class
target/shopcart-0.3.6/io/netty/util/internal/logging/AbstractInternalLogger.class
target/shopcart-0.3.6/io/netty/util/internal/logging/Log4J2Logger$2.class
target/shopcart-0.3.6/io/netty/util/internal/logging/Log4J2Logger.class
target/shopcart-0.3.6/io/netty/util/internal/logging/FormattingTuple.class
target/shopcart-0.3.6/io/netty/util/internal/StringUtil.class
target/shopcart-0.3.6/io/netty/util/internal/logging/Slf4JLoggerFactory$NopInstanceHolder.class
target/shopcart-0.3.6/io/netty/util/internal/logging/CommonsLogger.class
target/shopcart-0.3.6/io/netty/util/internal/Cleaner.class
target/shopcart-0.3.6/io/netty/util/internal/logging/AbstractInternalLogger$1.class
target/shopcart-0.3.6/io/netty/util/internal/DefaultPriorityQueue$1.class
target/shopcart-0.3.6/io/netty/util/internal/logging/Slf4JLoggerFactory.class
target/shopcart-0.3.6/io/netty/util/internal/ObjectPool$ObjectCreator.class
target/shopcart-0.3.6/io/netty/util/internal/Hidden$NettyBlockHoundIntegration.class
target/shopcart-0.3.6/io/netty/util/internal/logging/Slf4JLogger.class
target/shopcart-0.3.6/io/netty/util/internal/shaded/org/jctools/queues/MpscArrayQueueL3Pad.class
target/shopcart-0.3.6/io/netty/util/internal/logging/JdkLogger.class
target/shopcart-0.3.6/io/netty/util/internal/shaded/org/jctools/util/Pow2.class
target/shopcart-0.3.6/io/netty/util/internal/logging/MessageFormatter.class
target/shopcart-0.3.6/io/netty/util/internal/TypeParameterMatcher.class
target/shopcart-0.3.6/io/netty/util/internal/shaded/org/jctools/util/RangeUtil.class
target/shopcart-0.3.6/io/netty/util/internal/shaded/org/jctools/util/UnsafeAccess.class
target/shopcart-0.3.6/io/netty/util/internal/shaded/org/jctools/queues/MpscArrayQueueProducerLimitField.class
target/shopcart-0.3.6/io/netty/util/internal/DefaultPriorityQueue.class
target/shopcart-0.3.6/io/netty/util/internal/shaded/org/jctools/queues/LinkedArrayQueueUtil.class
target/shopcart-0.3.6/io/netty/util/internal/shaded/org/jctools/queues/MpscArrayQueueL2Pad.class
target/shopcart-0.3.6/io/netty/util/internal/shaded/org/jctools/util/PortableJvmInfo.class
target/shopcart-0.3.6/io/netty/util/internal/shaded/org/jctools/queues/BaseLinkedQueuePad0.class
target/shopcart-0.3.6/io/netty/util/internal/shaded/org/jctools/queues/MessagePassingQueueUtil.class
target/shopcart-0.3.6/io/netty/util/internal/shaded/org/jctools/queues/ConcurrentCircularArrayQueueL0Pad.class
target/shopcart-0.3.6/io/netty/util/internal/shaded/org/jctools/util/UnsafeRefArrayAccess.class
target/shopcart-0.3.6/io/netty/util/internal/shaded/org/jctools/queues/BaseMpscLinkedArrayQueueConsumerFields.class
target/shopcart-0.3.6/io/netty/util/internal/shaded/org/jctools/queues/MpscUnboundedArrayQueue.class
target/shopcart-0.3.6/io/netty/util/internal/shaded/org/jctools/queues/BaseLinkedQueuePad2.class
target/shopcart-0.3.6/io/netty/util/internal/shaded/org/jctools/queues/ConcurrentCircularArrayQueue$WeakIterator.class
target/shopcart-0.3.6/io/netty/util/internal/shaded/org/jctools/queues/SupportsIterator.class
target/shopcart-0.3.6/io/netty/util/internal/shaded/org/jctools/queues/BaseLinkedQueue.class
target/shopcart-0.3.6/io/netty/util/internal/shaded/org/jctools/queues/MpscChunkedArrayQueue.class
target/shopcart-0.3.6/io/netty/util/internal/shaded/org/jctools/queues/MpscArrayQueueMidPad.class
target/shopcart-0.3.6/io/netty/util/internal/shaded/org/jctools/queues/BaseLinkedQueueProducerNodeRef.class
target/shopcart-0.3.6/io/netty/util/internal/shaded/org/jctools/queues/BaseMpscLinkedArrayQueueColdProducerFields.class
target/shopcart-0.3.6/io/netty/util/internal/shaded/org/jctools/queues/MessagePassingQueue.class
target/shopcart-0.3.6/io/netty/util/internal/shaded/org/jctools/queues/BaseMpscLinkedArrayQueue.class
target/shopcart-0.3.6/io/netty/util/internal/shaded/org/jctools/queues/BaseMpscLinkedArrayQueue$WeakIterator.class
target/shopcart-0.3.6/io/netty/util/internal/shaded/org/jctools/queues/MessagePassingQueue$Consumer.class
target/shopcart-0.3.6/io/netty/util/internal/shaded/org/jctools/queues/IndexedQueueSizeUtil.class
target/shopcart-0.3.6/io/netty/util/internal/shaded/org/jctools/queues/QueueProgressIndicators.class
target/shopcart-0.3.6/io/netty/util/internal/shaded/org/jctools/queues/BaseMpscLinkedArrayQueuePad3.class
target/shopcart-0.3.6/io/netty/util/internal/shaded/org/jctools/queues/LinkedQueueNode.class
target/shopcart-0.3.6/io/netty/util/internal/shaded/org/jctools/queues/MessagePassingQueue$WaitStrategy.class
target/shopcart-0.3.6/io/netty/util/internal/shaded/org/jctools/queues/MpscArrayQueueL1Pad.class
target/shopcart-0.3.6/io/netty/util/internal/shaded/org/jctools/queues/MessagePassingQueue$Supplier.class
target/shopcart-0.3.6/io/netty/util/internal/shaded/org/jctools/queues/MpscArrayQueue.class
target/shopcart-0.3.6/io/netty/util/internal/shaded/org/jctools/queues/BaseMpscLinkedArrayQueueProducerFields.class
target/shopcart-0.3.6/io/netty/util/internal/shaded/org/jctools/queues/ConcurrentCircularArrayQueue.class
target/shopcart-0.3.6/io/netty/util/internal/shaded/org/jctools/queues/BaseLinkedQueuePad1.class
target/shopcart-0.3.6/io/netty/util/internal/shaded/org/jctools/queues/atomic/MpscAtomicArrayQueueProducerIndexField.class
target/shopcart-0.3.6/io/netty/util/internal/shaded/org/jctools/queues/atomic/MpscChunkedAtomicArrayQueueColdProducerFields.class
target/shopcart-0.3.6/io/netty/util/internal/shaded/org/jctools/queues/atomic/MpscAtomicArrayQueueL3Pad.class
target/shopcart-0.3.6/io/netty/util/internal/shaded/org/jctools/queues/SpscLinkedQueue.class
target/shopcart-0.3.6/io/netty/util/internal/shaded/org/jctools/queues/atomic/AtomicQueueUtil.class
target/shopcart-0.3.6/io/netty/util/internal/shaded/org/jctools/queues/atomic/BaseMpscLinkedAtomicArrayQueuePad1.class
target/shopcart-0.3.6/io/netty/util/internal/shaded/org/jctools/queues/atomic/MpscAtomicArrayQueueProducerLimitField.class
target/shopcart-0.3.6/io/netty/util/internal/shaded/org/jctools/queues/atomic/LinkedQueueAtomicNode.class
target/shopcart-0.3.6/io/netty/util/internal/shaded/org/jctools/queues/atomic/BaseLinkedAtomicQueuePad2.class
target/shopcart-0.3.6/io/netty/util/internal/shaded/org/jctools/queues/atomic/BaseMpscLinkedAtomicArrayQueueProducerFields.class
target/shopcart-0.3.6/io/netty/util/internal/shaded/org/jctools/queues/atomic/MpscAtomicArrayQueueL1Pad.class
target/shopcart-0.3.6/io/netty/util/internal/shaded/org/jctools/queues/atomic/BaseMpscLinkedAtomicArrayQueuePad3.class
target/shopcart-0.3.6/io/netty/util/internal/shaded/org/jctools/queues/atomic/AtomicReferenceArrayQueue.class
target/shopcart-0.3.6/io/netty/util/internal/shaded/org/jctools/queues/atomic/BaseMpscLinkedAtomicArrayQueue$WeakIterator.class
target/shopcart-0.3.6/io/netty/util/internal/shaded/org/jctools/queues/atomic/SpscLinkedAtomicQueue.class
target/shopcart-0.3.6/io/netty/util/internal/shaded/org/jctools/queues/atomic/MpscChunkedAtomicArrayQueue.class
target/shopcart-0.3.6/io/netty/util/internal/shaded/org/jctools/queues/atomic/BaseLinkedAtomicQueuePad0.class
target/shopcart-0.3.6/io/netty/util/internal/shaded/org/jctools/queues/atomic/BaseLinkedAtomicQueue.class
target/shopcart-0.3.6/io/netty/util/internal/shaded/org/jctools/queues/atomic/BaseMpscLinkedAtomicArrayQueueConsumerFields.class
target/shopcart-0.3.6/io/netty/util/internal/shaded/org/jctools/queues/atomic/BaseMpscLinkedAtomicArrayQueueColdProducerFields.class
target/shopcart-0.3.6/io/netty/util/internal/shaded/org/jctools/queues/atomic/BaseLinkedAtomicQueueConsumerNodeRef.class
target/shopcart-0.3.6/io/netty/util/internal/shaded/org/jctools/queues/atomic/BaseMpscLinkedAtomicArrayQueue.class
target/shopcart-0.3.6/io/netty/util/internal/shaded/org/jctools/queues/atomic/MpscAtomicArrayQueueL2Pad.class
target/shopcart-0.3.6/io/netty/util/internal/shaded/org/jctools/queues/atomic/BaseMpscLinkedAtomicArrayQueuePad2.class
target/shopcart-0.3.6/io/netty/util/internal/shaded/org/jctools/queues/atomic/MpscAtomicArrayQueueConsumerIndexField.class
target/shopcart-0.3.6/io/netty/util/internal/shaded/org/jctools/queues/atomic/AtomicReferenceArrayQueue$WeakIterator.class
target/shopcart-0.3.6/io/netty/util/internal/shaded/org/jctools/queues/atomic/MpscAtomicArrayQueueMidPad.class
target/shopcart-0.3.6/io/netty/util/internal/shaded/org/jctools/queues/BaseMpscLinkedArrayQueuePad2.class
target/shopcart-0.3.6/io/netty/util/internal/shaded/org/jctools/queues/IndexedQueueSizeUtil$IndexedQueue.class
target/shopcart-0.3.6/io/netty/util/internal/shaded/org/jctools/queues/atomic/BaseLinkedAtomicQueueProducerNodeRef.class
target/shopcart-0.3.6/io/netty/util/internal/shaded/org/jctools/queues/atomic/MpscUnboundedAtomicArrayQueue.class
target/shopcart-0.3.6/io/netty/util/internal/shaded/org/jctools/queues/atomic/BaseLinkedAtomicQueuePad1.class
target/shopcart-0.3.6/io/netty/util/internal/shaded/org/jctools/queues/MessagePassingQueue$ExitCondition.class
target/shopcart-0.3.6/io/netty/util/internal/shaded/org/jctools/queues/BaseMpscLinkedArrayQueuePad1.class
target/shopcart-0.3.6/io/netty/util/internal/shaded/org/jctools/queues/atomic/MpscAtomicArrayQueue.class
target/shopcart-0.3.6/io/netty/util/internal/PriorityQueueNode.class
target/shopcart-0.3.6/io/netty/util/internal/shaded/org/jctools/queues/MpscChunkedArrayQueueColdProducerFields.class
target/shopcart-0.3.6/io/netty/util/internal/shaded/org/jctools/queues/BaseLinkedQueueConsumerNodeRef.class
target/shopcart-0.3.6/io/netty/util/internal/shaded/org/jctools/queues/MpscArrayQueueConsumerIndexField.class
target/shopcart-0.3.6/io/netty/util/internal/MathUtil.class
target/shopcart-0.3.6/io/netty/util/internal/shaded/org/jctools/queues/MpscArrayQueueProducerIndexField.class
target/shopcart-0.3.6/io/netty/util/internal/SocketUtils$10.class
target/shopcart-0.3.6/io/netty/util/internal/ObjectPool.class
target/shopcart-0.3.6/io/netty/util/internal/LongAdderCounter.class
target/shopcart-0.3.6/io/netty/util/internal/ReferenceCountUpdater.class
target/shopcart-0.3.6/io/netty/util/internal/ReflectionUtil.class
target/shopcart-0.3.6/io/netty/util/internal/SocketUtils$4.class
target/shopcart-0.3.6/io/netty/util/internal/TypeParameterMatcher$1.class
target/shopcart-0.3.6/io/netty/util/internal/ThreadLocalRandom$1.class
target/shopcart-0.3.6/io/netty/util/internal/SystemPropertyUtil.class
target/shopcart-0.3.6/io/netty/util/internal/EmptyArrays.class
target/shopcart-0.3.6/io/netty/util/internal/LongCounter.class
target/shopcart-0.3.6/io/netty/util/internal/CleanerJava6$2.class
target/shopcart-0.3.6/io/netty/util/internal/PlatformDependent0$2.class
target/shopcart-0.3.6/io/netty/util/internal/MacAddressUtil.class
target/shopcart-0.3.6/io/netty/util/internal/CleanerJava9$2.class
target/shopcart-0.3.6/io/netty/util/internal/ThreadExecutorMap$2.class
target/shopcart-0.3.6/io/netty/util/internal/PlatformDependent$4.class
target/shopcart-0.3.6/io/netty/util/internal/ConstantTimeUtils.class
target/shopcart-0.3.6/io/netty/util/internal/NoOpTypeParameterMatcher.class
target/shopcart-0.3.6/io/netty/util/internal/PlatformDependent0$6.class
target/shopcart-0.3.6/io/netty/util/internal/SocketUtils$1.class
target/shopcart-0.3.6/io/netty/util/internal/ObjectUtil.class
target/shopcart-0.3.6/io/netty/util/internal/PlatformDependent$AtomicLongCounter.class
target/shopcart-0.3.6/io/netty/util/internal/ObjectCleaner$2.class
target/shopcart-0.3.6/io/netty/util/internal/IntegerHolder.class
target/shopcart-0.3.6/io/netty/util/internal/PlatformDependent$1.class
target/shopcart-0.3.6/io/netty/util/internal/InternalThreadLocalMap.class
target/shopcart-0.3.6/io/netty/util/internal/NativeLibraryLoader.class
target/shopcart-0.3.6/io/netty/util/internal/PendingWrite$1.class
target/shopcart-0.3.6/io/netty/util/internal/ThreadExecutorMap.class
target/shopcart-0.3.6/io/netty/util/internal/PlatformDependent0$7.class
target/shopcart-0.3.6/io/netty/util/internal/ObjectCleaner$1.class
target/shopcart-0.3.6/io/netty/util/internal/PlatformDependent0$3.class
target/shopcart-0.3.6/io/netty/util/internal/PendingWrite.class
target/shopcart-0.3.6/io/netty/util/internal/CleanerJava6$1.class
target/shopcart-0.3.6/io/netty/util/internal/RecyclableArrayList$1.class
target/shopcart-0.3.6/io/netty/util/internal/PlatformDependent0.class
target/shopcart-0.3.6/io/netty/util/internal/PlatformDependent0$11.class
target/shopcart-0.3.6/io/netty/util/internal/PlatformDependent$2.class
target/shopcart-0.3.6/io/netty/util/internal/PlatformDependent0$9.class
target/shopcart-0.3.6/io/netty/util/internal/ThreadExecutorMap$3.class
target/shopcart-0.3.6/io/netty/util/internal/UnstableApi.class
target/shopcart-0.3.6/io/netty/util/internal/PlatformDependent0$1.class
target/shopcart-0.3.6/io/netty/util/internal/UnpaddedInternalThreadLocalMap.class
target/shopcart-0.3.6/io/netty/util/internal/PlatformDependent0$10.class
target/shopcart-0.3.6/io/netty/util/internal/RecyclableArrayList.class
target/shopcart-0.3.6/io/netty/util/internal/DefaultPriorityQueue$PriorityQueueIterator.class
target/shopcart-0.3.6/io/netty/util/internal/ClassInitializerUtil.class
target/shopcart-0.3.6/io/netty/util/internal/ObjectCleaner$AutomaticCleanerReference.class
target/shopcart-0.3.6/io/netty/util/internal/ThreadLocalRandom.class
target/shopcart-0.3.6/io/netty/util/internal/SocketUtils$11.class
target/shopcart-0.3.6/io/netty/util/internal/PlatformDependent$3.class
target/shopcart-0.3.6/io/netty/util/internal/SocketUtils$2.class
target/shopcart-0.3.6/io/netty/util/internal/NativeLibraryLoader$1.class
target/shopcart-0.3.6/io/netty/util/Attribute.class
target/shopcart-0.3.6/io/netty/util/ResourceLeakTracker.class
target/shopcart-0.3.6/io/netty/util/internal/SystemPropertyUtil$1.class
target/shopcart-0.3.6/io/netty/util/UncheckedBooleanSupplier$2.class
target/shopcart-0.3.6/io/netty/util/internal/ReadOnlyIterator.class
target/shopcart-0.3.6/io/netty/util/internal/SocketUtils.class
target/shopcart-0.3.6/io/netty/util/NetUtil$1.class
target/shopcart-0.3.6/io/netty/util/AsyncMapping.class
target/shopcart-0.3.6/io/netty/util/DomainNameMapping.class
target/shopcart-0.3.6/io/netty/util/BooleanSupplier$2.class
target/shopcart-0.3.6/io/netty/util/NetUtilSubstitutions$NetUtilLocalhost4Accessor.class
target/shopcart-0.3.6/io/netty/util/AttributeMap.class
target/shopcart-0.3.6/io/netty/util/HashingStrategy$1.class
target/shopcart-0.3.6/io/netty/util/NetUtilInitializations.class
target/shopcart-0.3.6/io/netty/util/AttributeKey.class
target/shopcart-0.3.6/io/netty/util/internal/PlatformDependent.class
target/shopcart-0.3.6/io/netty/util/NetUtilSubstitutions$NetUtilLocalhost4LazyHolder.class
target/shopcart-0.3.6/io/netty/util/DomainNameMappingBuilder$ImmutableDomainNameMapping.class
target/shopcart-0.3.6/io/netty/util/ResourceLeakHint.class
target/shopcart-0.3.6/io/netty/util/ByteProcessor$IndexNotOfProcessor.class
target/shopcart-0.3.6/io/netty/util/DefaultAttributeMap.class
target/shopcart-0.3.6/io/netty/util/NetUtilSubstitutions.class
target/shopcart-0.3.6/io/netty/util/ReferenceCountUtil$ReleasingTask.class
target/shopcart-0.3.6/io/netty/util/ByteProcessor$2.class
target/shopcart-0.3.6/io/netty/util/ResourceLeakException.class
target/shopcart-0.3.6/io/netty/util/Version.class
target/shopcart-0.3.6/io/netty/util/concurrent/OrderedEventExecutor.class
target/shopcart-0.3.6/io/netty/util/concurrent/RejectedExecutionHandlers.class
target/shopcart-0.3.6/io/netty/util/concurrent/EventExecutorChooserFactory$EventExecutorChooser.class
target/shopcart-0.3.6/io/netty/util/concurrent/SingleThreadEventExecutor$1.class
target/shopcart-0.3.6/io/netty/util/concurrent/UnorderedThreadPoolEventExecutor$RunnableScheduledFutureTask.class
target/shopcart-0.3.6/io/netty/util/concurrent/EventExecutorChooserFactory.class
target/shopcart-0.3.6/io/netty/util/concurrent/NonStickyEventExecutorGroup$NonStickyOrderedEventExecutor.class
target/shopcart-0.3.6/io/netty/util/concurrent/UnorderedThreadPoolEventExecutor.class
target/shopcart-0.3.6/io/netty/util/concurrent/DefaultEventExecutorChooserFactory$PowerOfTwoEventExecutorChooser.class
target/shopcart-0.3.6/io/netty/util/concurrent/EventExecutor.class
target/shopcart-0.3.6/io/netty/util/concurrent/SingleThreadEventExecutor$NonWakeupRunnable.class
target/shopcart-0.3.6/io/netty/util/concurrent/PromiseTask$RunnableAdapter.class
target/shopcart-0.3.6/io/netty/util/concurrent/DefaultEventExecutor.class
target/shopcart-0.3.6/io/netty/util/concurrent/AbstractEventExecutorGroup.class
target/shopcart-0.3.6/io/netty/util/concurrent/FutureListener.class
target/shopcart-0.3.6/io/netty/util/concurrent/MultithreadEventExecutorGroup$1.class
target/shopcart-0.3.6/io/netty/util/concurrent/DefaultPromise$4.class
target/shopcart-0.3.6/io/netty/util/concurrent/GenericProgressiveFutureListener.class
target/shopcart-0.3.6/io/netty/util/concurrent/FastThreadLocalRunnable.class
target/shopcart-0.3.6/io/netty/util/concurrent/PromiseCombiner$1.class
target/shopcart-0.3.6/io/netty/util/concurrent/ScheduledFuture.class
target/shopcart-0.3.6/io/netty/util/concurrent/DefaultEventExecutorChooserFactory$GenericEventExecutorChooser.class
target/shopcart-0.3.6/io/netty/util/concurrent/RejectedExecutionHandlers$2.class
target/shopcart-0.3.6/io/netty/util/concurrent/DefaultEventExecutorGroup.class
target/shopcart-0.3.6/io/netty/util/concurrent/CompleteFuture.class
target/shopcart-0.3.6/io/netty/util/concurrent/RejectedExecutionHandlers$1.class
target/shopcart-0.3.6/io/netty/util/concurrent/FailedFuture.class
target/shopcart-0.3.6/io/netty/util/concurrent/ProgressiveFuture.class
target/shopcart-0.3.6/io/netty/util/concurrent/ImmediateEventExecutor$ImmediateProgressivePromise.class
target/shopcart-0.3.6/io/netty/util/concurrent/GlobalEventExecutor.class
target/shopcart-0.3.6/io/netty/util/concurrent/ImmediateEventExecutor$ImmediatePromise.class
target/shopcart-0.3.6/io/netty/util/concurrent/ImmediateEventExecutor$1.class
target/shopcart-0.3.6/io/netty/util/concurrent/DefaultPromise$2.class
target/shopcart-0.3.6/io/netty/util/concurrent/DefaultProgressivePromise.class
target/shopcart-0.3.6/io/netty/util/concurrent/SucceededFuture.class
target/shopcart-0.3.6/io/netty/util/concurrent/SingleThreadEventExecutor$2.class
target/shopcart-0.3.6/io/netty/util/concurrent/GlobalEventExecutor$1.class
target/shopcart-0.3.6/io/netty/util/concurrent/NonStickyEventExecutorGroup.class
target/shopcart-0.3.6/io/netty/util/concurrent/GenericFutureListener.class
target/shopcart-0.3.6/io/netty/util/concurrent/PromiseNotifier$1.class
target/shopcart-0.3.6/io/netty/util/concurrent/SingleThreadEventExecutor$DefaultThreadProperties.class
target/shopcart-0.3.6/io/netty/util/concurrent/DefaultPromise.class
target/shopcart-0.3.6/io/netty/util/concurrent/UnorderedThreadPoolEventExecutor$NonNotifyRunnable.class
target/shopcart-0.3.6/io/netty/util/concurrent/PromiseCombiner.class
target/shopcart-0.3.6/io/netty/util/concurrent/DefaultFutureListeners.class
target/shopcart-0.3.6/io/netty/util/concurrent/DefaultPromise$CauseHolder.class
target/shopcart-0.3.6/io/netty/util/concurrent/AbstractScheduledEventExecutor$1.class
target/shopcart-0.3.6/io/netty/util/concurrent/DefaultEventExecutorChooserFactory.class
target/shopcart-0.3.6/io/netty/util/concurrent/DefaultThreadFactory.class
target/shopcart-0.3.6/io/netty/util/concurrent/UnaryPromiseNotifier.class
target/shopcart-0.3.6/io/netty/util/concurrent/MultithreadEventExecutorGroup.class
target/shopcart-0.3.6/io/netty/util/concurrent/AbstractEventExecutor$LazyRunnable.class
target/shopcart-0.3.6/io/netty/util/concurrent/PromiseTask$SentinelRunnable.class
target/shopcart-0.3.6/io/netty/util/concurrent/AbstractFuture.class
target/shopcart-0.3.6/io/netty/util/concurrent/ThreadProperties.class
target/shopcart-0.3.6/io/netty/util/concurrent/RejectedExecutionHandler.class
target/shopcart-0.3.6/io/netty/util/concurrent/DefaultPromise$1.class
target/shopcart-0.3.6/io/netty/util/concurrent/AbstractScheduledEventExecutor$2.class
target/shopcart-0.3.6/io/netty/util/concurrent/FastThreadLocal.class
target/shopcart-0.3.6/io/netty/util/concurrent/NonStickyEventExecutorGroup$1.class
target/shopcart-0.3.6/io/netty/util/concurrent/PromiseCombiner$1$1.class
target/shopcart-0.3.6/io/netty/util/concurrent/SingleThreadEventExecutor.class
target/shopcart-0.3.6/io/netty/util/concurrent/ProgressivePromise.class
target/shopcart-0.3.6/io/netty/util/concurrent/BlockingOperationException.class
target/shopcart-0.3.6/io/netty/util/concurrent/SingleThreadEventExecutor$4.class
target/shopcart-0.3.6/io/netty/util/concurrent/GlobalEventExecutor$TaskRunner.class
target/shopcart-0.3.6/io/netty/util/concurrent/PromiseNotifier$2.class
target/shopcart-0.3.6/io/netty/util/concurrent/PromiseTask.class
target/shopcart-0.3.6/io/netty/util/concurrent/DefaultPromise$LeanCancellationException.class
target/shopcart-0.3.6/io/netty/util/concurrent/ScheduledFutureTask.class
target/shopcart-0.3.6/io/netty/util/concurrent/ImmediateEventExecutor$2.class
target/shopcart-0.3.6/io/netty/util/concurrent/ImmediateEventExecutor.class
target/shopcart-0.3.6/io/netty/util/concurrent/FastThreadLocalThread.class
target/shopcart-0.3.6/io/netty/util/concurrent/ImmediateExecutor.class
target/shopcart-0.3.6/io/netty/util/concurrent/ThreadPerTaskExecutor.class
target/shopcart-0.3.6/io/netty/util/concurrent/PromiseAggregator.class
target/shopcart-0.3.6/io/netty/util/concurrent/Future.class
target/shopcart-0.3.6/io/netty/util/concurrent/EventExecutorGroup.class
target/shopcart-0.3.6/io/netty/util/concurrent/DefaultPromise$StacklessCancellationException.class
target/shopcart-0.3.6/io/netty/util/concurrent/Promise.class
target/shopcart-0.3.6/io/netty/util/concurrent/DefaultPromise$3.class
target/shopcart-0.3.6/io/netty/util/concurrent/PromiseNotifier.class
target/shopcart-0.3.6/io/netty/util/Mapping.class
target/shopcart-0.3.6/io/netty/util/concurrent/SingleThreadEventExecutor$3.class
target/shopcart-0.3.6/io/netty/util/BooleanSupplier.class
target/shopcart-0.3.6/io/netty/util/concurrent/GlobalEventExecutor$2.class
target/shopcart-0.3.6/io/netty/util/NetUtilInitializations$NetworkIfaceAndInetAddress.class
target/shopcart-0.3.6/io/netty/util/NetUtilSubstitutions$NetUtilLocalhost6LazyHolder.class
target/shopcart-0.3.6/io/netty/util/Signal$SignalConstant.class
target/shopcart-0.3.6/io/netty/util/concurrent/AbstractEventExecutor.class
target/shopcart-0.3.6/io/netty/util/concurrent/AbstractScheduledEventExecutor.class
target/shopcart-0.3.6/io/netty/util/Signal.class
target/shopcart-0.3.6/io/netty/util/ByteProcessor$3.class
target/shopcart-0.3.6/io/netty/util/Timeout.class
target/shopcart-0.3.6/io/netty/util/DomainMappingBuilder.class
target/shopcart-0.3.6/io/netty/util/ResourceLeakDetector$TraceRecord$1.class
target/shopcart-0.3.6/io/netty/util/ByteProcessorUtils.class
target/shopcart-0.3.6/io/netty/util/AsciiString$GeneralCaseInsensitiveCharEqualityComparator.class
target/shopcart-0.3.6/io/netty/util/AsciiString$1.class
target/shopcart-0.3.6/io/netty/util/ResourceLeak.class
target/shopcart-0.3.6/io/netty/util/ResourceLeakDetector$1.class
target/shopcart-0.3.6/io/netty/util/NetUtil.class
target/shopcart-0.3.6/io/netty/util/Recycler$1.class
target/shopcart-0.3.6/io/netty/util/AsciiString$DefaultCharEqualityComparator.class
target/shopcart-0.3.6/io/netty/util/IntSupplier.class
target/shopcart-0.3.6/io/netty/util/BooleanSupplier$1.class
target/shopcart-0.3.6/io/netty/util/Recycler$2.class
target/shopcart-0.3.6/io/netty/util/ReferenceCounted.class
target/shopcart-0.3.6/io/netty/util/UncheckedBooleanSupplier$1.class
target/shopcart-0.3.6/io/netty/util/HashedWheelTimer$HashedWheelTimeout.class
target/shopcart-0.3.6/io/netty/util/NettyRuntime.class
target/shopcart-0.3.6/io/netty/util/AsciiString$AsciiCaseInsensitiveCharEqualityComparator.class
target/shopcart-0.3.6/io/netty/util/Signal$1.class
target/shopcart-0.3.6/io/netty/util/Recycler$DefaultHandle.class
target/shopcart-0.3.6/io/netty/util/AttributeKey$1.class
target/shopcart-0.3.6/io/netty/util/collection/ByteObjectHashMap$1.class
target/shopcart-0.3.6/io/netty/util/AbstractReferenceCounted$1.class
target/shopcart-0.3.6/io/netty/util/CharsetUtil.class
target/shopcart-0.3.6/io/netty/util/ResourceLeakDetector$DefaultResourceLeak.class
target/shopcart-0.3.6/io/netty/util/collection/ShortCollections$UnmodifiableMap$1.class
target/shopcart-0.3.6/io/netty/util/NetUtilSubstitutions$NetUtilLocalhostAccessor.class
target/shopcart-0.3.6/io/netty/util/ThreadDeathWatcher$Watcher.class
target/shopcart-0.3.6/io/netty/util/collection/LongObjectHashMap$1.class
target/shopcart-0.3.6/io/netty/util/collection/ShortObjectHashMap$1.class
target/shopcart-0.3.6/io/netty/util/collection/IntObjectHashMap$MapEntry.class
target/shopcart-0.3.6/io/netty/util/collection/LongObjectHashMap$PrimitiveIterator.class
target/shopcart-0.3.6/io/netty/util/collection/CharObjectHashMap$1.class
target/shopcart-0.3.6/io/netty/util/collection/LongObjectHashMap$KeySet.class
target/shopcart-0.3.6/io/netty/util/collection/CharObjectHashMap.class
target/shopcart-0.3.6/io/netty/util/collection/LongCollections$1.class
target/shopcart-0.3.6/io/netty/util/collection/ShortObjectHashMap.class
target/shopcart-0.3.6/io/netty/util/collection/IntObjectHashMap$MapIterator.class
target/shopcart-0.3.6/io/netty/util/collection/ShortCollections$UnmodifiableMap$EntryImpl.class
target/shopcart-0.3.6/io/netty/util/collection/CharCollections$1.class
target/shopcart-0.3.6/io/netty/util/collection/ShortObjectHashMap$2$1.class
target/shopcart-0.3.6/io/netty/util/collection/ShortObjectHashMap$KeySet.class
target/shopcart-0.3.6/io/netty/util/collection/CharCollections$EmptyMap.class
target/shopcart-0.3.6/io/netty/util/collection/ByteObjectHashMap$2.class
target/shopcart-0.3.6/io/netty/util/collection/CharCollections$UnmodifiableMap$IteratorImpl.class
target/shopcart-0.3.6/io/netty/util/collection/LongObjectHashMap$EntrySet.class
target/shopcart-0.3.6/io/netty/util/collection/ByteCollections.class
target/shopcart-0.3.6/io/netty/util/collection/ShortObjectMap$PrimitiveEntry.class
target/shopcart-0.3.6/io/netty/util/collection/CharObjectHashMap$MapIterator.class
target/shopcart-0.3.6/io/netty/util/collection/ByteObjectMap$PrimitiveEntry.class
target/shopcart-0.3.6/io/netty/util/collection/ByteObjectHashMap$KeySet$1.class
target/shopcart-0.3.6/io/netty/util/collection/LongCollections$UnmodifiableMap$IteratorImpl.class
target/shopcart-0.3.6/io/netty/util/collection/ByteCollections$UnmodifiableMap$EntryImpl.class
target/shopcart-0.3.6/io/netty/util/collection/IntObjectMap.class
target/shopcart-0.3.6/io/netty/util/collection/IntCollections$UnmodifiableMap$IteratorImpl.class
target/shopcart-0.3.6/io/netty/util/AsciiString.class
target/shopcart-0.3.6/io/netty/util/collection/IntObjectHashMap$PrimitiveIterator.class
target/shopcart-0.3.6/io/netty/util/collection/IntObjectHashMap$KeySet$1.class
target/shopcart-0.3.6/io/netty/util/collection/ShortObjectMap.class
target/shopcart-0.3.6/io/netty/util/collection/IntObjectHashMap$2.class
target/shopcart-0.3.6/io/netty/util/collection/IntCollections.class
target/shopcart-0.3.6/io/netty/util/collection/ShortObjectHashMap$KeySet$1.class
target/shopcart-0.3.6/io/netty/util/collection/ByteObjectHashMap.class
target/shopcart-0.3.6/io/netty/util/collection/ShortObjectHashMap$PrimitiveIterator.class
target/shopcart-0.3.6/io/netty/util/collection/ByteObjectHashMap$MapIterator.class
target/shopcart-0.3.6/io/netty/util/collection/IntObjectMap$PrimitiveEntry.class
target/shopcart-0.3.6/io/netty/util/collection/IntCollections$1.class
target/shopcart-0.3.6/io/netty/util/collection/LongObjectHashMap$MapEntry.class
target/shopcart-0.3.6/io/netty/util/collection/IntObjectHashMap$1.class
target/shopcart-0.3.6/io/netty/util/collection/ByteCollections$UnmodifiableMap.class
target/shopcart-0.3.6/io/netty/util/collection/LongCollections$UnmodifiableMap.class
target/shopcart-0.3.6/io/netty/util/collection/ShortObjectHashMap$EntrySet.class
target/shopcart-0.3.6/io/netty/util/collection/CharCollections$UnmodifiableMap.class
target/shopcart-0.3.6/io/netty/util/collection/ShortObjectHashMap$2.class
target/shopcart-0.3.6/io/netty/util/collection/LongObjectHashMap$KeySet$1.class
target/shopcart-0.3.6/io/netty/util/collection/IntCollections$UnmodifiableMap$EntryImpl.class
target/shopcart-0.3.6/io/netty/util/collection/LongObjectHashMap.class
target/shopcart-0.3.6/io/netty/util/collection/ByteObjectHashMap$KeySet.class
target/shopcart-0.3.6/io/netty/util/collection/ByteObjectHashMap$MapEntry.class
target/shopcart-0.3.6/io/netty/util/collection/ByteCollections$UnmodifiableMap$1.class
target/shopcart-0.3.6/io/netty/util/collection/ShortCollections$UnmodifiableMap.class
target/shopcart-0.3.6/io/netty/util/collection/LongObjectMap.class
target/shopcart-0.3.6/io/netty/util/collection/CharCollections$UnmodifiableMap$1.class
target/shopcart-0.3.6/io/netty/util/collection/IntCollections$UnmodifiableMap.class
target/shopcart-0.3.6/io/netty/util/collection/CharCollections.class
target/shopcart-0.3.6/io/netty/util/collection/ShortCollections$UnmodifiableMap$IteratorImpl.class
target/shopcart-0.3.6/io/netty/util/collection/ShortCollections$1.class
target/shopcart-0.3.6/io/netty/util/collection/ShortObjectHashMap$MapIterator.class
target/shopcart-0.3.6/io/netty/util/collection/ByteCollections$EmptyMap.class
target/shopcart-0.3.6/io/netty/util/collection/CharObjectHashMap$KeySet.class
target/shopcart-0.3.6/io/netty/util/collection/ShortCollections$EmptyMap.class
target/shopcart-0.3.6/io/netty/util/collection/ShortObjectHashMap$MapEntry.class
target/shopcart-0.3.6/io/netty/util/collection/LongObjectMap$PrimitiveEntry.class
target/shopcart-0.3.6/io/netty/util/collection/ByteObjectHashMap$PrimitiveIterator.class
target/shopcart-0.3.6/io/netty/util/collection/CharObjectHashMap$KeySet$1.class
target/shopcart-0.3.6/io/netty/util/collection/IntObjectHashMap$EntrySet.class
target/shopcart-0.3.6/io/netty/util/collection/IntObjectHashMap$2$1.class
target/shopcart-0.3.6/io/netty/util/collection/ShortCollections.class
target/shopcart-0.3.6/io/netty/util/collection/CharObjectHashMap$PrimitiveIterator.class
target/shopcart-0.3.6/io/netty/util/collection/IntObjectHashMap$KeySet.class
target/shopcart-0.3.6/io/netty/util/collection/CharObjectHashMap$MapEntry.class
target/shopcart-0.3.6/io/netty/util/collection/LongCollections$UnmodifiableMap$1.class
target/shopcart-0.3.6/io/netty/util/collection/CharObjectMap.class
target/shopcart-0.3.6/io/netty/util/collection/LongObjectHashMap$MapIterator.class
target/shopcart-0.3.6/io/netty/util/collection/ByteObjectHashMap$2$1.class
target/shopcart-0.3.6/io/netty/util/collection/LongObjectHashMap$2.class
target/shopcart-0.3.6/io/netty/util/collection/CharObjectHashMap$2.class
target/shopcart-0.3.6/io/netty/util/collection/CharObjectMap$PrimitiveEntry.class
target/shopcart-0.3.6/io/netty/util/collection/LongCollections$EmptyMap.class
target/shopcart-0.3.6/io/netty/util/collection/IntCollections$EmptyMap.class
target/shopcart-0.3.6/io/netty/util/collection/ByteCollections$1.class
target/shopcart-0.3.6/io/netty/util/collection/IntCollections$UnmodifiableMap$1.class
target/shopcart-0.3.6/io/netty/util/collection/IntObjectHashMap.class
target/shopcart-0.3.6/io/netty/util/collection/CharCollections$UnmodifiableMap$EntryImpl.class
target/shopcart-0.3.6/io/netty/util/collection/LongObjectHashMap$2$1.class
target/shopcart-0.3.6/io/netty/util/collection/LongCollections$UnmodifiableMap$EntryImpl.class
target/shopcart-0.3.6/io/netty/util/collection/ByteCollections$UnmodifiableMap$IteratorImpl.class
target/shopcart-0.3.6/io/netty/util/collection/ByteObjectMap.class
target/shopcart-0.3.6/io/netty/util/collection/LongCollections.class
target/shopcart-0.3.6/io/netty/util/collection/CharObjectHashMap$2$1.class
target/shopcart-0.3.6/io/netty/util/collection/CharObjectHashMap$EntrySet.class
target/shopcart-0.3.6/io/netty/util/TimerTask.class
target/shopcart-0.3.6/io/netty/util/UncheckedBooleanSupplier.class
target/shopcart-0.3.6/io/netty/util/collection/ByteObjectHashMap$EntrySet.class
target/shopcart-0.3.6/io/netty/util/NetUtilSubstitutions$NetUtilLocalhostLazyHolder.class
target/shopcart-0.3.6/io/netty/util/ThreadDeathWatcher$Entry.class
target/shopcart-0.3.6/io/netty/util/ResourceLeakDetector$Level.class
target/shopcart-0.3.6/io/netty/util/ByteProcessor$1.class
target/shopcart-0.3.6/io/netty/util/ThreadDeathWatcher$1.class
target/shopcart-0.3.6/io/netty/util/IllegalReferenceCountException.class
target/shopcart-0.3.6/io/netty/util/AsciiString$2.class
target/shopcart-0.3.6/io/netty/util/ResourceLeakDetectorFactory$DefaultResourceLeakDetectorFactory.class
target/shopcart-0.3.6/io/netty/channel/AbstractChannelHandlerContext$11.class
target/shopcart-0.3.6/io/netty/channel/ChannelOutboundHandler.class
target/shopcart-0.3.6/io/netty/util/HashingStrategy.class
target/shopcart-0.3.6/io/netty/channel/local/LocalChannel$1.class
target/shopcart-0.3.6/io/netty/util/AbstractConstant.class
target/shopcart-0.3.6/io/netty/util/DefaultAttributeMap$DefaultAttribute.class
target/shopcart-0.3.6/io/netty/channel/local/LocalEventLoopGroup.class
target/shopcart-0.3.6/io/netty/util/ResourceLeakDetectorFactory.class
target/shopcart-0.3.6/io/netty/channel/ChannelPipeline.class
target/shopcart-0.3.6/io/netty/util/ResourceLeakDetector$TraceRecord.class
target/shopcart-0.3.6/io/netty/channel/local/LocalChannel$4.class
target/shopcart-0.3.6/io/netty/channel/local/LocalChannel$2.class
target/shopcart-0.3.6/io/netty/channel/local/LocalAddress.class
target/shopcart-0.3.6/io/netty/channel/local/LocalChannel$3.class
target/shopcart-0.3.6/io/netty/channel/local/LocalServerChannel$2.class
target/shopcart-0.3.6/io/netty/channel/local/LocalChannel$LocalUnsafe.class
target/shopcart-0.3.6/io/netty/channel/local/LocalServerChannel.class
target/shopcart-0.3.6/io/netty/channel/AddressedEnvelope.class
target/shopcart-0.3.6/io/netty/channel/local/LocalChannel$State.class
target/shopcart-0.3.6/io/netty/channel/local/LocalChannel.class
target/shopcart-0.3.6/io/netty/channel/local/LocalServerChannel$3.class
target/shopcart-0.3.6/io/netty/channel/local/LocalChannel$6.class
target/shopcart-0.3.6/io/netty/channel/local/LocalChannelRegistry.class
target/shopcart-0.3.6/io/netty/channel/local/LocalServerChannel$1.class
target/shopcart-0.3.6/io/netty/channel/AbstractChannelHandlerContext$2.class
target/shopcart-0.3.6/io/netty/channel/DefaultMaxMessagesRecvByteBufAllocator$MaxMessageHandle$1.class
target/shopcart-0.3.6/io/netty/channel/local/LocalChannel$5.class
target/shopcart-0.3.6/io/netty/channel/ChannelOutboundBuffer$MessageProcessor.class
target/shopcart-0.3.6/io/netty/channel/ChannelOption$1.class
target/shopcart-0.3.6/io/netty/channel/AbstractChannel$AbstractUnsafe$4.class
target/shopcart-0.3.6/io/netty/channel/ChannelId.class
target/shopcart-0.3.6/io/netty/channel/ChannelOutboundBuffer$2.class
target/shopcart-0.3.6/io/netty/channel/AbstractEventLoop.class
target/shopcart-0.3.6/io/netty/channel/DefaultMessageSizeEstimator.class
target/shopcart-0.3.6/io/netty/channel/ChannelFlushPromiseNotifier.class
target/shopcart-0.3.6/io/netty/channel/AbstractChannel$AnnotatedConnectException.class
target/shopcart-0.3.6/io/netty/channel/DefaultMaxBytesRecvByteBufAllocator$1.class
target/shopcart-0.3.6/io/netty/channel/ChannelOutboundBuffer$Entry.class
target/shopcart-0.3.6/io/netty/channel/ChannelOutboundBuffer$3.class
target/shopcart-0.3.6/io/netty/channel/DefaultChannelPipeline$PendingHandlerCallback.class
target/shopcart-0.3.6/io/netty/channel/AbstractChannelHandlerContext$4.class
target/shopcart-0.3.6/io/netty/channel/ChannelFutureListener.class
target/shopcart-0.3.6/io/netty/channel/AbstractChannel$AbstractUnsafe.class
target/shopcart-0.3.6/io/netty/channel/DefaultChannelPipeline$3.class
target/shopcart-0.3.6/io/netty/channel/DefaultChannelPipeline$2.class
target/shopcart-0.3.6/io/netty/channel/MaxMessagesRecvByteBufAllocator.class
target/shopcart-0.3.6/io/netty/channel/SimpleChannelInboundHandler.class
target/shopcart-0.3.6/io/netty/channel/DefaultChannelPipeline$1.class
target/shopcart-0.3.6/io/netty/channel/DefaultMaxBytesRecvByteBufAllocator$HandleImpl$1.class
target/shopcart-0.3.6/io/netty/channel/PendingBytesTracker$ChannelOutboundBufferPendingBytesTracker.class
target/shopcart-0.3.6/io/netty/channel/CombinedChannelDuplexHandler$1.class
target/shopcart-0.3.6/io/netty/channel/ChannelHandler.class
target/shopcart-0.3.6/io/netty/channel/DefaultAddressedEnvelope.class
target/shopcart-0.3.6/io/netty/channel/ChannelPromiseAggregator.class
target/shopcart-0.3.6/io/netty/channel/DefaultChannelPipeline$PendingHandlerAddedTask.class
target/shopcart-0.3.6/io/netty/channel/pool/SimpleChannelPool$5.class
target/shopcart-0.3.6/io/netty/channel/EventLoopGroup.class
target/shopcart-0.3.6/io/netty/channel/pool/ChannelHealthChecker.class
target/shopcart-0.3.6/io/netty/channel/SucceededChannelFuture.class
target/shopcart-0.3.6/io/netty/channel/DefaultChannelPipeline$5.class
target/shopcart-0.3.6/io/netty/channel/AbstractChannel$CloseFuture.class
target/shopcart-0.3.6/io/netty/channel/pool/SimpleChannelPool$2.class
target/shopcart-0.3.6/io/netty/channel/pool/SimpleChannelPool$3.class
target/shopcart-0.3.6/io/netty/channel/PendingBytesTracker$NoopPendingBytesTracker.class
target/shopcart-0.3.6/io/netty/channel/pool/ChannelPool.class
target/shopcart-0.3.6/io/netty/channel/pool/FixedChannelPool$6.class
target/shopcart-0.3.6/io/netty/channel/pool/FixedChannelPool$AcquireListener.class
target/shopcart-0.3.6/io/netty/channel/pool/FixedChannelPool$7.class
target/shopcart-0.3.6/io/netty/channel/pool/FixedChannelPool$4.class
target/shopcart-0.3.6/io/netty/channel/pool/FixedChannelPool$TimeoutTask.class
target/shopcart-0.3.6/io/netty/channel/pool/FixedChannelPool.class
target/shopcart-0.3.6/io/netty/channel/pool/ChannelHealthChecker$1.class
target/shopcart-0.3.6/io/netty/channel/pool/SimpleChannelPool$ChannelPoolFullException.class
target/shopcart-0.3.6/io/netty/channel/pool/FixedChannelPool$5$1.class
target/shopcart-0.3.6/io/netty/channel/pool/FixedChannelPool$3.class
target/shopcart-0.3.6/io/netty/channel/pool/FixedChannelPool$1.class
target/shopcart-0.3.6/io/netty/channel/pool/ChannelPoolMap.class
target/shopcart-0.3.6/io/netty/channel/pool/SimpleChannelPool$7.class
target/shopcart-0.3.6/io/netty/channel/pool/FixedChannelPool$2.class
target/shopcart-0.3.6/io/netty/channel/pool/SimpleChannelPool$4.class
target/shopcart-0.3.6/io/netty/channel/pool/SimpleChannelPool$1.class
target/shopcart-0.3.6/io/netty/channel/pool/AbstractChannelPoolMap.class
target/shopcart-0.3.6/io/netty/channel/pool/ChannelPoolHandler.class
target/shopcart-0.3.6/io/netty/channel/pool/FixedChannelPool$AcquireTimeoutAction.class
target/shopcart-0.3.6/io/netty/channel/pool/FixedChannelPool$AcquireTask.class
target/shopcart-0.3.6/io/netty/channel/pool/FixedChannelPool$5.class
target/shopcart-0.3.6/io/netty/channel/pool/FixedChannelPool$AcquireTimeoutException.class
target/shopcart-0.3.6/io/netty/channel/pool/AbstractChannelPoolHandler.class
target/shopcart-0.3.6/io/netty/channel/pool/SimpleChannelPool$6.class
target/shopcart-0.3.6/io/netty/channel/pool/AbstractChannelPoolMap$1.class
target/shopcart-0.3.6/io/netty/channel/Channel.class
target/shopcart-0.3.6/io/netty/channel/AbstractChannelHandlerContext$12.class
target/shopcart-0.3.6/io/netty/channel/DefaultSelectStrategy.class
target/shopcart-0.3.6/io/netty/channel/ChannelOutboundBuffer$1.class
target/shopcart-0.3.6/io/netty/channel/pool/SimpleChannelPool.class
target/shopcart-0.3.6/io/netty/channel/ChannelHandlerAdapter.class
target/shopcart-0.3.6/io/netty/channel/AbstractChannelHandlerContext$Tasks$2.class
target/shopcart-0.3.6/io/netty/channel/CoalescingBufferQueue.class
target/shopcart-0.3.6/io/netty/channel/AbstractChannel.class
target/shopcart-0.3.6/io/netty/channel/AbstractChannelHandlerContext$6.class
target/shopcart-0.3.6/io/netty/channel/ChannelProgressiveFuture.class
target/shopcart-0.3.6/io/netty/channel/PendingBytesTracker$1.class
target/shopcart-0.3.6/io/netty/channel/internal/ChannelUtils.class
target/shopcart-0.3.6/io/netty/channel/DefaultMessageSizeEstimator$HandleImpl.class
target/shopcart-0.3.6/io/netty/channel/ChannelHandler$Sharable.class
target/shopcart-0.3.6/io/netty/channel/EventLoop.class
target/shopcart-0.3.6/io/netty/channel/DefaultSelectStrategyFactory.class
target/shopcart-0.3.6/io/netty/channel/FailedChannelFuture.class
target/shopcart-0.3.6/io/netty/channel/PendingBytesTracker$DefaultChannelPipelinePendingBytesTracker.class
target/shopcart-0.3.6/io/netty/channel/MessageSizeEstimator.class
target/shopcart-0.3.6/io/netty/channel/FixedRecvByteBufAllocator$HandleImpl.class
target/shopcart-0.3.6/io/netty/channel/ChannelFutureListener$2.class
target/shopcart-0.3.6/io/netty/channel/ChannelInboundHandler.class
target/shopcart-0.3.6/io/netty/channel/DefaultChannelPipeline$HeadContext.class
target/shopcart-0.3.6/io/netty/channel/EventLoopException.class
target/shopcart-0.3.6/io/netty/channel/ChannelConfig.class
target/shopcart-0.3.6/io/netty/channel/ThreadPerChannelEventLoopGroup.class
target/shopcart-0.3.6/io/netty/channel/ChannelException$StacklessChannelException.class
target/shopcart-0.3.6/io/netty/channel/DefaultChannelPipeline$6.class
target/shopcart-0.3.6/io/netty/channel/VoidChannelPromise.class
target/shopcart-0.3.6/io/netty/channel/ChannelPipelineException.class
target/shopcart-0.3.6/io/netty/channel/DefaultChannelPipeline$PendingHandlerRemovedTask.class
target/shopcart-0.3.6/io/netty/channel/DefaultEventLoopGroup.class
target/shopcart-0.3.6/io/netty/channel/AbstractChannel$AbstractUnsafe$2.class
target/shopcart-0.3.6/io/netty/channel/ChannelFlushPromiseNotifier$FlushCheckpoint.class
target/shopcart-0.3.6/io/netty/channel/ThreadPerChannelEventLoop$1.class
target/shopcart-0.3.6/io/netty/channel/PendingWriteQueue$PendingWrite$1.class
target/shopcart-0.3.6/io/netty/channel/ChannelDuplexHandler.class
target/shopcart-0.3.6/io/netty/channel/ChannelInitializer.class
target/shopcart-0.3.6/io/netty/channel/oio/AbstractOioChannel$1.class
target/shopcart-0.3.6/io/netty/channel/AbstractChannelHandlerContext$7.class
target/shopcart-0.3.6/io/netty/channel/oio/AbstractOioChannel$DefaultOioUnsafe.class
target/shopcart-0.3.6/io/netty/channel/oio/OioByteStreamChannel$2.class
target/shopcart-0.3.6/io/netty/channel/oio/AbstractOioChannel.class
target/shopcart-0.3.6/io/netty/channel/oio/AbstractOioChannel$3.class
target/shopcart-0.3.6/io/netty/channel/oio/OioByteStreamChannel$1.class
target/shopcart-0.3.6/io/netty/channel/PendingBytesTracker.class
target/shopcart-0.3.6/io/netty/channel/oio/AbstractOioByteChannel.class
target/shopcart-0.3.6/io/netty/channel/oio/OioByteStreamChannel.class
target/shopcart-0.3.6/io/netty/channel/oio/AbstractOioMessageChannel.class
target/shopcart-0.3.6/io/netty/channel/oio/AbstractOioChannel$2.class
target/shopcart-0.3.6/io/netty/channel/ChannelPromise.class
target/shopcart-0.3.6/io/netty/channel/DefaultChannelId.class
target/shopcart-0.3.6/io/netty/channel/socket/DuplexChannelConfig.class
target/shopcart-0.3.6/io/netty/channel/ChannelFutureListener$1.class
target/shopcart-0.3.6/io/netty/channel/socket/SocketChannel.class
target/shopcart-0.3.6/io/netty/channel/AbstractChannelHandlerContext$Tasks.class
target/shopcart-0.3.6/io/netty/channel/socket/DuplexChannel.class
target/shopcart-0.3.6/io/netty/channel/socket/SocketChannelConfig.class
target/shopcart-0.3.6/io/netty/channel/oio/OioEventLoopGroup.class
target/shopcart-0.3.6/io/netty/channel/socket/ChannelInputShutdownReadComplete.class
target/shopcart-0.3.6/io/netty/channel/socket/DatagramPacket.class
target/shopcart-0.3.6/io/netty/channel/socket/ServerSocketChannelConfig.class
target/shopcart-0.3.6/io/netty/channel/AdaptiveRecvByteBufAllocator.class
target/shopcart-0.3.6/io/netty/channel/socket/oio/OioServerSocketChannelConfig.class
target/shopcart-0.3.6/io/netty/channel/socket/oio/OioDatagramChannelConfig.class
target/shopcart-0.3.6/io/netty/channel/socket/oio/OioSocketChannelConfig.class
target/shopcart-0.3.6/io/netty/channel/socket/oio/OioSocketChannel$2.class
target/shopcart-0.3.6/io/netty/channel/socket/oio/OioSocketChannel$3.class
target/shopcart-0.3.6/io/netty/channel/socket/oio/OioSocketChannel$1.class
target/shopcart-0.3.6/io/netty/channel/socket/oio/OioSocketChannel$4.class
target/shopcart-0.3.6/io/netty/channel/socket/oio/OioServerSocketChannel.class
target/shopcart-0.3.6/io/netty/channel/socket/oio/DefaultOioDatagramChannelConfig.class
target/shopcart-0.3.6/io/netty/channel/socket/oio/DefaultOioSocketChannelConfig.class
target/shopcart-0.3.6/io/netty/channel/socket/ServerSocketChannel.class
target/shopcart-0.3.6/io/netty/channel/socket/oio/OioDatagramChannel.class
target/shopcart-0.3.6/io/netty/channel/socket/oio/DefaultOioServerSocketChannelConfig.class
target/shopcart-0.3.6/io/netty/channel/socket/ChannelOutputShutdownEvent.class
target/shopcart-0.3.6/io/netty/channel/socket/DatagramChannelConfig.class
target/shopcart-0.3.6/io/netty/channel/socket/nio/NioServerSocketChannel$NioServerSocketChannelConfig.class
target/shopcart-0.3.6/io/netty/channel/socket/nio/ProtocolFamilyConverter$1.class
target/shopcart-0.3.6/io/netty/channel/socket/nio/NioSocketChannel$NioSocketChannelConfig.class
target/shopcart-0.3.6/io/netty/channel/socket/nio/NioSocketChannel$NioSocketChannelUnsafe.class
target/shopcart-0.3.6/io/netty/channel/socket/oio/OioSocketChannel.class
target/shopcart-0.3.6/io/netty/channel/socket/DefaultSocketChannelConfig.class
target/shopcart-0.3.6/io/netty/channel/socket/nio/NioDatagramChannelConfig.class
target/shopcart-0.3.6/io/netty/channel/socket/nio/NioSocketChannel$3.class
target/shopcart-0.3.6/io/netty/channel/socket/nio/ProtocolFamilyConverter.class
target/shopcart-0.3.6/io/netty/channel/socket/nio/NioSocketChannel$2.class
target/shopcart-0.3.6/io/netty/channel/socket/nio/NioSocketChannel$4.class
target/shopcart-0.3.6/io/netty/channel/socket/nio/NioSocketChannel$1.class
target/shopcart-0.3.6/io/netty/channel/socket/nio/NioServerSocketChannel$1.class
target/shopcart-0.3.6/io/netty/channel/socket/InternetProtocolFamily$1.class
target/shopcart-0.3.6/io/netty/channel/socket/DatagramChannel.class
target/shopcart-0.3.6/io/netty/channel/socket/ChannelOutputShutdownException.class
target/shopcart-0.3.6/io/netty/channel/socket/InternetProtocolFamily.class
target/shopcart-0.3.6/io/netty/channel/socket/ChannelInputShutdownEvent.class
target/shopcart-0.3.6/io/netty/channel/socket/nio/NioChannelOption.class
target/shopcart-0.3.6/io/netty/channel/socket/nio/NioServerSocketChannel.class
target/shopcart-0.3.6/io/netty/channel/ReflectiveChannelFactory.class
target/shopcart-0.3.6/io/netty/channel/socket/DefaultServerSocketChannelConfig.class
target/shopcart-0.3.6/io/netty/channel/socket/nio/NioSocketChannel.class
target/shopcart-0.3.6/io/netty/channel/ChannelFuture.class
target/shopcart-0.3.6/io/netty/channel/socket/nio/NioDatagramChannel.class
target/shopcart-0.3.6/io/netty/channel/SelectStrategy.class
target/shopcart-0.3.6/io/netty/channel/SelectStrategyFactory.class
target/shopcart-0.3.6/io/netty/channel/socket/DefaultDatagramChannelConfig.class
target/shopcart-0.3.6/io/netty/channel/ChannelInitializer$1.class
target/shopcart-0.3.6/io/netty/channel/AbstractChannelHandlerContext$8.class
target/shopcart-0.3.6/io/netty/channel/ExtendedClosedChannelException.class
target/shopcart-0.3.6/io/netty/channel/ThreadPerChannelEventLoopGroup$1.class
target/shopcart-0.3.6/io/netty/channel/ServerChannelRecvByteBufAllocator$1.class
target/shopcart-0.3.6/io/netty/channel/AbstractChannel$AnnotatedSocketException.class
target/shopcart-0.3.6/io/netty/channel/RecvByteBufAllocator$Handle.class
target/shopcart-0.3.6/io/netty/channel/AbstractEventLoopGroup.class
target/shopcart-0.3.6/io/netty/channel/ChannelInboundInvoker.class
target/shopcart-0.3.6/io/netty/channel/EventLoopTaskQueueFactory.class
target/shopcart-0.3.6/io/netty/channel/AbstractChannelHandlerContext$9.class
target/shopcart-0.3.6/io/netty/channel/ChannelHandlerMask$Skip.class
target/shopcart-0.3.6/io/netty/channel/DefaultMaxMessagesRecvByteBufAllocator.class
target/shopcart-0.3.6/io/netty/channel/AbstractServerChannel$1.class
target/shopcart-0.3.6/io/netty/channel/FixedRecvByteBufAllocator.class
target/shopcart-0.3.6/io/netty/channel/AbstractChannel$AbstractUnsafe$8.class
target/shopcart-0.3.6/io/netty/channel/AbstractChannelHandlerContext$WriteTask$1.class
target/shopcart-0.3.6/io/netty/channel/DefaultMaxMessagesRecvByteBufAllocator$MaxMessageHandle.class
target/shopcart-0.3.6/io/netty/channel/ChannelHandlerContext.class
target/shopcart-0.3.6/io/netty/channel/AbstractChannel$AbstractUnsafe$6.class
target/shopcart-0.3.6/io/netty/channel/AbstractServerChannel$DefaultServerUnsafe.class
target/shopcart-0.3.6/io/netty/channel/CombinedChannelDuplexHandler$DelegatingChannelHandlerContext.class
target/shopcart-0.3.6/io/netty/channel/ChannelProgressivePromise.class
target/shopcart-0.3.6/io/netty/channel/AbstractChannelHandlerContext$Tasks$1.class
target/shopcart-0.3.6/io/netty/channel/AbstractChannelHandlerContext$5.class
target/shopcart-0.3.6/io/netty/channel/embedded/EmbeddedChannel$1.class
target/shopcart-0.3.6/io/netty/channel/embedded/EmbeddedSocketAddress.class
target/shopcart-0.3.6/io/netty/channel/embedded/EmbeddedChannel$EmbeddedChannelPipeline.class
target/shopcart-0.3.6/io/netty/channel/embedded/EmbeddedChannel$State.class
target/shopcart-0.3.6/io/netty/channel/embedded/EmbeddedChannelId.class
target/shopcart-0.3.6/io/netty/channel/embedded/EmbeddedEventLoop.class
target/shopcart-0.3.6/io/netty/channel/embedded/EmbeddedChannel$EmbeddedUnsafe.class
target/shopcart-0.3.6/io/netty/channel/embedded/EmbeddedChannel$EmbeddedUnsafe$1.class
target/shopcart-0.3.6/io/netty/channel/embedded/EmbeddedChannel$2.class
target/shopcart-0.3.6/io/netty/channel/ThreadPerChannelEventLoop$2.class
target/shopcart-0.3.6/io/netty/channel/ChannelHandlerMask$1.class
target/shopcart-0.3.6/io/netty/channel/PreferHeapByteBufAllocator.class
target/shopcart-0.3.6/io/netty/channel/ChannelHandlerMask$2.class
target/shopcart-0.3.6/io/netty/channel/CompleteChannelFuture.class
target/shopcart-0.3.6/io/netty/channel/DefaultFileRegion.class
target/shopcart-0.3.6/io/netty/channel/AbstractServerChannel.class
target/shopcart-0.3.6/io/netty/channel/ServerChannelRecvByteBufAllocator.class
target/shopcart-0.3.6/io/netty/channel/ChannelInboundHandlerAdapter.class
target/shopcart-0.3.6/io/netty/channel/AbstractChannelHandlerContext$WriteTask.class
target/shopcart-0.3.6/io/netty/channel/DefaultChannelProgressivePromise.class
target/shopcart-0.3.6/io/netty/channel/nio/SelectedSelectionKeySetSelector.class
target/shopcart-0.3.6/io/netty/channel/nio/NioTask.class
target/shopcart-0.3.6/io/netty/channel/nio/AbstractNioByteChannel$NioByteUnsafe.class
target/shopcart-0.3.6/io/netty/channel/AbstractChannelHandlerContext$3.class
target/shopcart-0.3.6/io/netty/channel/AbstractChannelHandlerContext$10.class
target/shopcart-0.3.6/io/netty/channel/nio/AbstractNioChannel$1.class
target/shopcart-0.3.6/io/netty/channel/SingleThreadEventLoop.class
target/shopcart-0.3.6/io/netty/channel/nio/AbstractNioMessageChannel$1.class
target/shopcart-0.3.6/io/netty/channel/nio/SelectedSelectionKeySet.class
target/shopcart-0.3.6/io/netty/channel/nio/NioEventLoop$4.class
target/shopcart-0.3.6/io/netty/channel/nio/NioEventLoop$5.class
target/shopcart-0.3.6/io/netty/channel/nio/AbstractNioMessageChannel$NioMessageUnsafe.class
target/shopcart-0.3.6/io/netty/channel/nio/SelectedSelectionKeySet$1.class
target/shopcart-0.3.6/io/netty/channel/nio/AbstractNioChannel$AbstractNioUnsafe$2.class
target/shopcart-0.3.6/io/netty/channel/nio/NioEventLoopGroup.class
target/shopcart-0.3.6/io/netty/channel/embedded/EmbeddedChannel.class
target/shopcart-0.3.6/io/netty/channel/nio/AbstractNioByteChannel$1.class
target/shopcart-0.3.6/io/netty/channel/nio/NioEventLoop$3.class
target/shopcart-0.3.6/io/netty/channel/nio/AbstractNioChannel$AbstractNioUnsafe$1.class
target/shopcart-0.3.6/io/netty/channel/nio/NioEventLoop$6.class
target/shopcart-0.3.6/io/netty/channel/nio/AbstractNioChannel$NioUnsafe.class
target/shopcart-0.3.6/io/netty/channel/nio/AbstractNioMessageChannel.class
target/shopcart-0.3.6/io/netty/channel/nio/NioEventLoop$2.class
target/shopcart-0.3.6/io/netty/channel/nio/NioEventLoop$1.class
target/shopcart-0.3.6/io/netty/channel/nio/AbstractNioByteChannel.class
target/shopcart-0.3.6/io/netty/channel/nio/AbstractNioChannel$2.class
target/shopcart-0.3.6/io/netty/channel/nio/NioEventLoop$SelectorTuple.class
target/shopcart-0.3.6/io/netty/channel/nio/AbstractNioChannel$AbstractNioUnsafe.class
target/shopcart-0.3.6/io/netty/channel/nio/AbstractNioChannel.class
target/shopcart-0.3.6/io/netty/channel/MaxBytesRecvByteBufAllocator.class
target/shopcart-0.3.6/io/netty/channel/ChannelOutboundBuffer$Entry$1.class
target/shopcart-0.3.6/io/netty/channel/MessageSizeEstimator$Handle.class
target/shopcart-0.3.6/io/netty/channel/PendingWriteQueue$PendingWrite.class
target/shopcart-0.3.6/io/netty/channel/nio/NioEventLoop.class
target/shopcart-0.3.6/io/netty/channel/RecvByteBufAllocator$DelegatingHandle.class
target/shopcart-0.3.6/io/netty/channel/RecvByteBufAllocator$ExtendedHandle.class
target/shopcart-0.3.6/io/netty/channel/ThreadPerChannelEventLoop.class
target/shopcart-0.3.6/io/netty/channel/ChannelOutboundHandlerAdapter.class
target/shopcart-0.3.6/io/netty/channel/DefaultMaxBytesRecvByteBufAllocator.class
target/shopcart-0.3.6/io/netty/channel/group/ChannelGroup.class
target/shopcart-0.3.6/io/netty/channel/MultithreadEventLoopGroup.class
target/shopcart-0.3.6/io/netty/channel/WriteBufferWaterMark.class
target/shopcart-0.3.6/io/netty/channel/SimpleUserEventChannelHandler.class
target/shopcart-0.3.6/io/netty/channel/ChannelHandlerMask.class
target/shopcart-0.3.6/io/netty/channel/group/VoidChannelGroupFuture.class
target/shopcart-0.3.6/io/netty/channel/DefaultChannelPromise.class
target/shopcart-0.3.6/io/netty/channel/group/ChannelMatchers$InstanceMatcher.class
target/shopcart-0.3.6/io/netty/channel/group/ChannelMatchers$1.class
target/shopcart-0.3.6/io/netty/channel/group/ChannelGroupFutureListener.class
target/shopcart-0.3.6/io/netty/channel/group/ChannelMatchers$ClassMatcher.class
target/shopcart-0.3.6/io/netty/channel/group/ChannelGroupFuture.class
target/shopcart-0.3.6/io/netty/channel/group/CombinedIterator.class
target/shopcart-0.3.6/io/netty/channel/group/ChannelMatchers$InvertMatcher.class
target/shopcart-0.3.6/io/netty/channel/ChannelOutboundBuffer.class
target/shopcart-0.3.6/io/netty/channel/group/DefaultChannelGroupFuture$DefaultEntry.class
target/shopcart-0.3.6/io/netty/channel/group/ChannelGroupException.class
target/shopcart-0.3.6/io/netty/channel/group/DefaultChannelGroupFuture$1.class
target/shopcart-0.3.6/io/netty/channel/group/ChannelMatchers$CompositeMatcher.class
target/shopcart-0.3.6/io/netty/channel/group/ChannelMatcher.class
target/shopcart-0.3.6/io/netty/channel/group/DefaultChannelGroup$1.class
target/shopcart-0.3.6/io/netty/channel/group/ChannelMatchers.class
target/shopcart-0.3.6/io/netty/channel/group/DefaultChannelGroup.class
target/shopcart-0.3.6/io/netty/channel/ChannelFutureListener$3.class
target/shopcart-0.3.6/io/netty/channel/group/DefaultChannelGroupFuture.class
target/shopcart-0.3.6/io/netty/channel/ChannelOutboundInvoker.class
target/shopcart-0.3.6/io/netty/channel/AbstractChannel$AbstractUnsafe$5.class
target/shopcart-0.3.6/io/netty/channel/ChannelFlushPromiseNotifier$DefaultFlushCheckpoint.class
target/shopcart-0.3.6/io/netty/channel/ConnectTimeoutException.class
target/shopcart-0.3.6/io/netty/channel/AbstractChannelHandlerContext.class
target/shopcart-0.3.6/io/netty/channel/ChannelMetadata.class
target/shopcart-0.3.6/io/netty/channel/RecvByteBufAllocator.class
target/shopcart-0.3.6/io/netty/channel/StacklessClosedChannelException.class
target/shopcart-0.3.6/io/netty/channel/AbstractChannel$AbstractUnsafe$7.class
target/shopcart-0.3.6/io/netty/channel/DefaultChannelConfig.class
target/shopcart-0.3.6/io/netty/channel/DefaultChannelPipeline$TailContext.class
target/shopcart-0.3.6/io/netty/channel/PendingWriteQueue$1.class
target/shopcart-0.3.6/io/netty/channel/VoidChannelPromise$1.class
target/shopcart-0.3.6/io/netty/channel/DefaultChannelHandlerContext.class
target/shopcart-0.3.6/io/netty/channel/Channel$Unsafe.class
target/shopcart-0.3.6/io/netty/channel/DefaultMessageSizeEstimator$1.class
target/shopcart-0.3.6/io/netty/channel/AbstractChannelHandlerContext$1.class
target/shopcart-0.3.6/io/netty/channel/AbstractChannelHandlerContext$Tasks$3.class
target/shopcart-0.3.6/io/netty/channel/AbstractChannel$AnnotatedNoRouteToHostException.class
target/shopcart-0.3.6/io/netty/channel/AbstractCoalescingBufferQueue.class
target/shopcart-0.3.6/io/netty/channel/AdaptiveRecvByteBufAllocator$HandleImpl.class
target/shopcart-0.3.6/io/netty/channel/ChannelPromiseNotifier.class
target/shopcart-0.3.6/io/netty/channel/ChannelFactory.class
target/shopcart-0.3.6/io/netty/channel/AbstractChannel$AbstractUnsafe$3.class
target/shopcart-0.3.6/io/netty/channel/AbstractChannel$AbstractUnsafe$1.class
target/shopcart-0.3.6/io/netty/channel/DelegatingChannelPromiseNotifier.class
target/shopcart-0.3.6/io/netty/channel/AbstractChannel$AbstractUnsafe$5$1.class
target/shopcart-0.3.6/io/netty/channel/AbstractChannelHandlerContext$Tasks$4.class
target/shopcart-0.3.6/io/netty/channel/DefaultEventLoop.class
target/shopcart-0.3.6/io/netty/channel/CombinedChannelDuplexHandler$DelegatingChannelHandlerContext$1.class
target/shopcart-0.3.6/io/netty/channel/DefaultChannelPipeline$4.class
target/shopcart-0.3.6/io/netty/channel/ChannelOption.class
target/shopcart-0.3.6/io/netty/channel/CombinedChannelDuplexHandler.class
target/shopcart-0.3.6/io/netty/channel/ServerChannel.class
target/shopcart-0.3.6/io/netty/channel/DefaultMaxBytesRecvByteBufAllocator$HandleImpl.class
target/shopcart-0.3.6/io/netty/channel/ChannelException.class
target/shopcart-0.3.6/ch/qos/logback/core/pattern/PostCompileProcessor.class
target/shopcart-0.3.6/io/netty/channel/ChannelProgressiveFutureListener.class
target/shopcart-0.3.6/io/netty/channel/FileRegion.class
target/shopcart-0.3.6/io/netty/channel/PendingWriteQueue.class
target/shopcart-0.3.6/ch/qos/logback/core/pattern/color/BlackCompositeConverter.class
target/shopcart-0.3.6/ch/qos/logback/core/pattern/color/BoldCyanCompositeConverter.class
target/shopcart-0.3.6/io/netty/channel/DefaultChannelPipeline.class
target/shopcart-0.3.6/ch/qos/logback/core/pattern/color/ANSIConstants.class
target/shopcart-0.3.6/ch/qos/logback/core/pattern/color/BoldGreenCompositeConverter.class
target/shopcart-0.3.6/ch/qos/logback/core/UnsynchronizedAppenderBase.class
target/shopcart-0.3.6/ch/qos/logback/core/pattern/color/BoldMagentaCompositeConverter.class
target/shopcart-0.3.6/ch/qos/logback/core/pattern/color/BoldWhiteCompositeConverter.class
target/shopcart-0.3.6/ch/qos/logback/core/pattern/color/GreenCompositeConverter.class
target/shopcart-0.3.6/ch/qos/logback/core/pattern/color/WhiteCompositeConverter.class
target/shopcart-0.3.6/ch/qos/logback/core/pattern/color/YellowCompositeConverter.class
target/shopcart-0.3.6/ch/qos/logback/core/pattern/color/BoldBlueCompositeConverter.class
target/shopcart-0.3.6/ch/qos/logback/core/pattern/color/CyanCompositeConverter.class
target/shopcart-0.3.6/ch/qos/logback/core/pattern/color/BoldYellowCompositeConverter.class
target/shopcart-0.3.6/ch/qos/logback/core/pattern/color/GrayCompositeConverter.class
target/shopcart-0.3.6/ch/qos/logback/core/pattern/color/BlueCompositeConverter.class
target/shopcart-0.3.6/ch/qos/logback/core/pattern/color/BoldRedCompositeConverter.class
target/shopcart-0.3.6/ch/qos/logback/core/pattern/color/ForegroundCompositeConverterBase.class
target/shopcart-0.3.6/ch/qos/logback/core/pattern/parser/Node.class
target/shopcart-0.3.6/ch/qos/logback/core/pattern/color/MagentaCompositeConverter.class
target/shopcart-0.3.6/ch/qos/logback/core/pattern/parser/Parser.class
target/shopcart-0.3.6/ch/qos/logback/core/pattern/color/RedCompositeConverter.class
target/shopcart-0.3.6/ch/qos/logback/core/pattern/parser/FormattingNode.class
target/shopcart-0.3.6/ch/qos/logback/core/pattern/parser/Token.class
target/shopcart-0.3.6/ch/qos/logback/core/pattern/parser/Compiler.class
target/shopcart-0.3.6/ch/qos/logback/core/pattern/parser/SimpleKeywordNode.class
target/shopcart-0.3.6/ch/qos/logback/core/pattern/parser/TokenStream$TokenizerState.class
target/shopcart-0.3.6/ch/qos/logback/core/pattern/parser/CompositeNode.class
target/shopcart-0.3.6/ch/qos/logback/core/pattern/ConverterUtil.class
target/shopcart-0.3.6/ch/qos/logback/core/pattern/parser/TokenStream.class
target/shopcart-0.3.6/ch/qos/logback/core/pattern/parser/OptionTokenizer.class
target/shopcart-0.3.6/ch/qos/logback/core/pattern/IdentityCompositeConverter.class
target/shopcart-0.3.6/ch/qos/logback/core/pattern/parser/TokenStream$1.class
target/shopcart-0.3.6/ch/qos/logback/core/pattern/ReplacingCompositeConverter.class
target/shopcart-0.3.6/ch/qos/logback/core/pattern/CompositeConverter.class
target/shopcart-0.3.6/ch/qos/logback/core/pattern/Converter.class
target/shopcart-0.3.6/ch/qos/logback/core/pattern/util/AsIsEscapeUtil.class
target/shopcart-0.3.6/ch/qos/logback/core/pattern/util/IEscapeUtil.class
target/shopcart-0.3.6/ch/qos/logback/core/pattern/PatternLayoutBase.class
target/shopcart-0.3.6/ch/qos/logback/core/pattern/util/AlmostAsIsEscapeUtil.class
target/shopcart-0.3.6/ch/qos/logback/core/LifeCycleManager.class
target/shopcart-0.3.6/ch/qos/logback/core/pattern/util/RegularEscapeUtil.class
target/shopcart-0.3.6/ch/qos/logback/core/pattern/LiteralConverter.class
target/shopcart-0.3.6/ch/qos/logback/core/pattern/SpacePadder.class
target/shopcart-0.3.6/ch/qos/logback/core/pattern/DynamicConverter.class
target/shopcart-0.3.6/ch/qos/logback/core/subst/Node$1.class
target/shopcart-0.3.6/ch/qos/logback/core/pattern/util/RestrictedEscapeUtil.class
target/shopcart-0.3.6/ch/qos/logback/core/pattern/FormattingConverter.class
target/shopcart-0.3.6/ch/qos/logback/core/pattern/PatternLayoutEncoderBase.class
target/shopcart-0.3.6/ch/qos/logback/core/pattern/FormatInfo.class
target/shopcart-0.3.6/ch/qos/logback/core/subst/Tokenizer$1.class
target/shopcart-0.3.6/ch/qos/logback/core/subst/Node.class
target/shopcart-0.3.6/ch/qos/logback/core/subst/Token.class
target/shopcart-0.3.6/ch/qos/logback/core/subst/NodeToStringTransformer$1.class
target/shopcart-0.3.6/ch/qos/logback/core/subst/Parser.class
target/shopcart-0.3.6/ch/qos/logback/core/subst/Tokenizer$TokenizerState.class
target/shopcart-0.3.6/ch/qos/logback/core/subst/NodeToStringTransformer.class
target/shopcart-0.3.6/ch/qos/logback/core/subst/Node$Type.class
target/shopcart-0.3.6/ch/qos/logback/core/status/StatusListener.class
target/shopcart-0.3.6/ch/qos/logback/core/status/WarnStatus.class
target/shopcart-0.3.6/ch/qos/logback/core/status/InfoStatus.class
target/shopcart-0.3.6/ch/qos/logback/core/status/OnErrorConsoleStatusListener.class
target/shopcart-0.3.6/ch/qos/logback/core/subst/Token$Type.class
target/shopcart-0.3.6/ch/qos/logback/core/status/Status.class
target/shopcart-0.3.6/ch/qos/logback/core/status/OnConsoleStatusListener.class
target/shopcart-0.3.6/ch/qos/logback/core/subst/Parser$1.class
target/shopcart-0.3.6/ch/qos/logback/core/status/StatusManager.class
target/shopcart-0.3.6/ch/qos/logback/core/sift/AppenderFactory.class
target/shopcart-0.3.6/ch/qos/logback/core/status/ErrorStatus.class
target/shopcart-0.3.6/ch/qos/logback/core/subst/Tokenizer.class
target/shopcart-0.3.6/ch/qos/logback/core/property/FileExistsPropertyDefiner.class
target/shopcart-0.3.6/ch/qos/logback/core/status/NopStatusListener.class
target/shopcart-0.3.6/ch/qos/logback/core/status/StatusListenerAsList.class
target/shopcart-0.3.6/ch/qos/logback/core/status/OnPrintStreamStatusListenerBase.class
target/shopcart-0.3.6/ch/qos/logback/core/sift/Discriminator.class
target/shopcart-0.3.6/ch/qos/logback/core/sift/AbstractDiscriminator.class
target/shopcart-0.3.6/ch/qos/logback/core/sift/SiftingJoranConfiguratorBase.class
target/shopcart-0.3.6/ch/qos/logback/core/status/StatusBase.class
target/shopcart-0.3.6/ch/qos/logback/core/boolex/EventEvaluator.class
target/shopcart-0.3.6/ch/qos/logback/core/boolex/EventEvaluatorBase.class
target/shopcart-0.3.6/ch/qos/logback/core/sift/SiftingAppenderBase.class
target/shopcart-0.3.6/ch/qos/logback/core/status/StatusUtil.class
target/shopcart-0.3.6/ch/qos/logback/core/property/ResourceExistsPropertyDefiner.class
target/shopcart-0.3.6/ch/qos/logback/core/Context.class
target/shopcart-0.3.6/ch/qos/logback/core/boolex/JaninoEventEvaluatorBase.class
target/shopcart-0.3.6/ch/qos/logback/core/sift/AbstractAppenderFactoryUsingJoran.class
target/shopcart-0.3.6/ch/qos/logback/core/status/ViewStatusMessagesServletBase.class
target/shopcart-0.3.6/ch/qos/logback/core/sift/DefaultDiscriminator.class
target/shopcart-0.3.6/ch/qos/logback/core/spi/PropertyContainer.class
target/shopcart-0.3.6/ch/qos/logback/core/boolex/Matcher.class
target/shopcart-0.3.6/ch/qos/logback/core/spi/DeferredProcessingAware.class
target/shopcart-0.3.6/ch/qos/logback/core/boolex/EvaluationException.class
target/shopcart-0.3.6/ch/qos/logback/core/spi/AbstractComponentTracker$Entry.class
target/shopcart-0.3.6/ch/qos/logback/core/spi/AbstractComponentTracker$3.class
target/shopcart-0.3.6/ch/qos/logback/core/spi/FilterAttachableImpl.class
target/shopcart-0.3.6/ch/qos/logback/core/spi/ScanException.class
target/shopcart-0.3.6/ch/qos/logback/core/sift/AppenderTracker.class
target/shopcart-0.3.6/ch/qos/logback/core/spi/LifeCycle.class
target/shopcart-0.3.6/ch/qos/logback/core/spi/FilterAttachable.class
target/shopcart-0.3.6/ch/qos/logback/core/spi/ComponentTracker.class
target/shopcart-0.3.6/ch/qos/logback/core/spi/ContextAwareImpl.class
target/shopcart-0.3.6/ch/qos/logback/core/spi/AppenderAttachableImpl.class
target/shopcart-0.3.6/ch/qos/logback/core/spi/AbstractComponentTracker$RemovalPredicator.class
target/shopcart-0.3.6/ch/qos/logback/core/spi/AbstractComponentTracker$1.class
target/shopcart-0.3.6/ch/qos/logback/core/spi/ContextAware.class
target/shopcart-0.3.6/ch/qos/logback/core/spi/AppenderAttachable.class
target/shopcart-0.3.6/ch/qos/logback/core/spi/PreSerializationTransformer.class
target/shopcart-0.3.6/ch/qos/logback/core/spi/PropertyDefiner.class
target/shopcart-0.3.6/ch/qos/logback/core/Layout.class
target/shopcart-0.3.6/ch/qos/logback/core/spi/FilterReply.class
target/shopcart-0.3.6/ch/qos/logback/core/spi/AbstractComponentTracker$2.class
target/shopcart-0.3.6/ch/qos/logback/core/spi/CyclicBufferTracker.class
target/shopcart-0.3.6/ch/qos/logback/core/spi/LogbackLock.class
target/shopcart-0.3.6/ch/qos/logback/core/PropertyDefinerBase.class
target/shopcart-0.3.6/ch/qos/logback/core/spi/ContextAwareBase.class
target/shopcart-0.3.6/ch/qos/logback/core/html/NOPThrowableRenderer.class
target/shopcart-0.3.6/ch/qos/logback/core/spi/AbstractComponentTracker.class
target/shopcart-0.3.6/ch/qos/logback/core/html/CssBuilder.class
target/shopcart-0.3.6/ch/qos/logback/core/Appender.class
target/shopcart-0.3.6/ch/qos/logback/core/ContextBase.class
target/shopcart-0.3.6/ch/qos/logback/core/html/IThrowableRenderer.class
target/shopcart-0.3.6/ch/qos/logback/core/net/server/RemoteReceiverServerRunner.class
target/shopcart-0.3.6/ch/qos/logback/core/net/server/RemoteReceiverClient.class
target/shopcart-0.3.6/ch/qos/logback/core/net/server/ServerSocketListener.class
target/shopcart-0.3.6/ch/qos/logback/core/net/server/Client.class
target/shopcart-0.3.6/ch/qos/logback/core/html/HTMLLayoutBase.class
target/shopcart-0.3.6/ch/qos/logback/core/net/server/ConcurrentServerRunner$ClientWrapper.class
target/shopcart-0.3.6/ch/qos/logback/core/net/server/RemoteReceiverStreamClient.class
target/shopcart-0.3.6/ch/qos/logback/core/net/server/SSLServerSocketAppenderBase.class
target/shopcart-0.3.6/ch/qos/logback/core/CoreConstants.class
target/shopcart-0.3.6/ch/qos/logback/core/net/server/ServerRunner.class
target/shopcart-0.3.6/ch/qos/logback/core/net/server/AbstractServerSocketAppender.class
target/shopcart-0.3.6/ch/qos/logback/core/net/server/ConcurrentServerRunner$1.class
target/shopcart-0.3.6/ch/qos/logback/core/net/server/RemoteReceiverServerListener.class
target/shopcart-0.3.6/ch/qos/logback/core/net/server/ServerListener.class
target/shopcart-0.3.6/ch/qos/logback/core/net/server/ClientVisitor.class
target/shopcart-0.3.6/ch/qos/logback/core/net/server/AbstractServerSocketAppender$1.class
target/shopcart-0.3.6/ch/qos/logback/core/net/server/ConcurrentServerRunner.class
target/shopcart-0.3.6/ch/qos/logback/core/net/AbstractSocketAppender$1.class
target/shopcart-0.3.6/ch/qos/logback/core/net/SMTPAppenderBase$SenderRunnable.class
target/shopcart-0.3.6/ch/qos/logback/core/net/SocketConnector.class
target/shopcart-0.3.6/ch/qos/logback/core/net/ssl/SSLConfigurableServerSocket.class
target/shopcart-0.3.6/ch/qos/logback/core/net/HardenedObjectInputStream.class
target/shopcart-0.3.6/ch/qos/logback/core/net/ssl/SSLComponent.class
target/shopcart-0.3.6/ch/qos/logback/core/net/AbstractSocketAppender.class
target/shopcart-0.3.6/ch/qos/logback/core/net/ssl/ConfigurableSSLSocketFactory.class
target/shopcart-0.3.6/ch/qos/logback/core/net/ssl/KeyStoreFactoryBean.class
target/shopcart-0.3.6/ch/qos/logback/core/net/ssl/SSLConfiguration.class
target/shopcart-0.3.6/ch/qos/logback/core/net/ssl/SSLConfigurable.class
target/shopcart-0.3.6/ch/qos/logback/core/net/ssl/SecureRandomFactoryBean.class
target/shopcart-0.3.6/ch/qos/logback/core/net/ssl/SSLContextFactoryBean.class
target/shopcart-0.3.6/ch/qos/logback/core/net/ssl/SSLConfigurableSocket.class
target/shopcart-0.3.6/ch/qos/logback/core/net/ssl/SSL.class
target/shopcart-0.3.6/ch/qos/logback/core/net/ssl/TrustManagerFactoryFactoryBean.class
target/shopcart-0.3.6/ch/qos/logback/core/net/SocketConnector$ExceptionHandler.class
target/shopcart-0.3.6/ch/qos/logback/core/net/ssl/KeyManagerFactoryFactoryBean.class
target/shopcart-0.3.6/ch/qos/logback/core/net/ssl/SSLNestedComponentRegistryRules.class
target/shopcart-0.3.6/ch/qos/logback/core/net/LoginAuthenticator.class
target/shopcart-0.3.6/ch/qos/logback/core/net/ssl/SSLParametersConfiguration.class
target/shopcart-0.3.6/ch/qos/logback/core/net/ssl/ConfigurableSSLServerSocketFactory.class
target/shopcart-0.3.6/ch/qos/logback/core/net/DefaultSocketConnector$ConsoleExceptionHandler.class
target/shopcart-0.3.6/ch/qos/logback/core/net/SyslogConstants.class
target/shopcart-0.3.6/ch/qos/logback/core/net/QueueFactory.class
target/shopcart-0.3.6/ch/qos/logback/core/net/ObjectWriterFactory.class
target/shopcart-0.3.6/ch/qos/logback/core/net/SMTPAppenderBase.class
target/shopcart-0.3.6/ch/qos/logback/core/net/SyslogOutputStream.class
target/shopcart-0.3.6/ch/qos/logback/core/net/DefaultSocketConnector$1.class
target/shopcart-0.3.6/ch/qos/logback/core/net/ObjectWriter.class
target/shopcart-0.3.6/ch/qos/logback/core/net/DefaultSocketConnector.class
target/shopcart-0.3.6/ch/qos/logback/core/net/AbstractSSLSocketAppender.class
target/shopcart-0.3.6/ch/qos/logback/core/net/SyslogAppenderBase.class
target/shopcart-0.3.6/ch/qos/logback/core/net/AutoFlushingObjectWriter.class
target/shopcart-0.3.6/ch/qos/logback/core/LogbackException.class
target/shopcart-0.3.6/ch/qos/logback/core/joran/spi/NoAutoStart.class
target/shopcart-0.3.6/ch/qos/logback/core/joran/JoranConfiguratorBase.class
target/shopcart-0.3.6/ch/qos/logback/core/joran/spi/EventPlayer.class
target/shopcart-0.3.6/ch/qos/logback/core/joran/spi/ActionException.class
target/shopcart-0.3.6/ch/qos/logback/core/joran/spi/NoAutoStartUtil.class
target/shopcart-0.3.6/ch/qos/logback/core/joran/spi/ElementPath.class
target/shopcart-0.3.6/ch/qos/logback/core/joran/spi/ConsoleTarget$2.class
target/shopcart-0.3.6/ch/qos/logback/core/joran/spi/JoranException.class
target/shopcart-0.3.6/ch/qos/logback/core/joran/spi/RuleStore.class
target/shopcart-0.3.6/ch/qos/logback/core/joran/spi/CAI_WithLocatorSupport.class
target/shopcart-0.3.6/ch/qos/logback/core/joran/spi/Interpreter.class
target/shopcart-0.3.6/ch/qos/logback/core/joran/spi/HostClassAndPropertyDouble.class
target/shopcart-0.3.6/ch/qos/logback/core/joran/spi/XMLUtil.class
target/shopcart-0.3.6/ch/qos/logback/core/joran/spi/ConsoleTarget$1.class
target/shopcart-0.3.6/ch/qos/logback/core/joran/spi/ConsoleTarget.class
target/shopcart-0.3.6/ch/qos/logback/core/joran/spi/DefaultClass.class
target/shopcart-0.3.6/ch/qos/logback/core/joran/spi/SimpleRuleStore.class
target/shopcart-0.3.6/ch/qos/logback/core/joran/spi/ElementSelector.class
target/shopcart-0.3.6/ch/qos/logback/core/joran/util/PropertySetter$1.class
target/shopcart-0.3.6/ch/qos/logback/core/joran/util/beans/BeanUtil.class
target/shopcart-0.3.6/ch/qos/logback/core/joran/util/StringToObjectConverter.class
target/shopcart-0.3.6/ch/qos/logback/core/joran/util/beans/BeanDescriptionCache.class
target/shopcart-0.3.6/ch/qos/logback/core/joran/spi/ConfigurationWatchList.class
target/shopcart-0.3.6/ch/qos/logback/core/joran/spi/DefaultNestedComponentRegistry.class
target/shopcart-0.3.6/ch/qos/logback/core/joran/event/InPlayListener.class
target/shopcart-0.3.6/ch/qos/logback/core/joran/node/ComponentNode.class
target/shopcart-0.3.6/ch/qos/logback/core/joran/spi/InterpretationContext.class
target/shopcart-0.3.6/ch/qos/logback/core/joran/util/ConfigurationWatchListUtil.class
target/shopcart-0.3.6/ch/qos/logback/core/joran/util/beans/BeanDescriptionFactory.class
target/shopcart-0.3.6/ch/qos/logback/core/joran/util/PropertySetter.class
target/shopcart-0.3.6/ch/qos/logback/core/joran/util/beans/BeanDescription.class
target/shopcart-0.3.6/ch/qos/logback/core/joran/event/EndEvent.class
target/shopcart-0.3.6/ch/qos/logback/core/joran/GenericConfigurator.class
target/shopcart-0.3.6/ch/qos/logback/core/joran/event/stax/EndEvent.class
target/shopcart-0.3.6/ch/qos/logback/core/joran/event/stax/BodyEvent.class
target/shopcart-0.3.6/ch/qos/logback/core/joran/event/stax/StaxEvent.class
target/shopcart-0.3.6/ch/qos/logback/core/joran/event/SaxEvent.class
target/shopcart-0.3.6/ch/qos/logback/core/joran/event/stax/StaxEventRecorder.class
target/shopcart-0.3.6/ch/qos/logback/core/joran/event/stax/StartEvent.class
target/shopcart-0.3.6/ch/qos/logback/core/joran/event/StartEvent.class
target/shopcart-0.3.6/ch/qos/logback/core/joran/event/BodyEvent.class
target/shopcart-0.3.6/ch/qos/logback/core/joran/conditional/ThenAction.class
target/shopcart-0.3.6/ch/qos/logback/core/joran/conditional/IfState.class
target/shopcart-0.3.6/ch/qos/logback/core/joran/event/SaxEventRecorder.class
target/shopcart-0.3.6/ch/qos/logback/core/joran/conditional/ThenActionState.class
target/shopcart-0.3.6/ch/qos/logback/core/joran/conditional/Condition.class
target/shopcart-0.3.6/ch/qos/logback/core/joran/conditional/ElseAction.class
target/shopcart-0.3.6/ch/qos/logback/core/joran/conditional/ThenOrElseActionBase.class
target/shopcart-0.3.6/ch/qos/logback/core/joran/conditional/PropertyWrapperForScripts.class
target/shopcart-0.3.6/ch/qos/logback/core/joran/action/PropertyAction.class
target/shopcart-0.3.6/ch/qos/logback/core/joran/action/IADataForComplexProperty.class
target/shopcart-0.3.6/ch/qos/logback/core/joran/action/NewRuleAction.class
target/shopcart-0.3.6/ch/qos/logback/core/joran/action/ActionUtil$1.class
target/shopcart-0.3.6/ch/qos/logback/core/joran/conditional/PropertyEvalScriptBuilder.class
target/shopcart-0.3.6/ch/qos/logback/core/joran/action/TimestampAction.class
target/shopcart-0.3.6/ch/qos/logback/core/joran/action/NestedComplexPropertyIA.class
target/shopcart-0.3.6/ch/qos/logback/core/joran/conditional/IfAction.class
target/shopcart-0.3.6/ch/qos/logback/core/joran/action/Action.class
target/shopcart-0.3.6/ch/qos/logback/core/joran/action/NOPAction.class
target/shopcart-0.3.6/ch/qos/logback/core/joran/action/NestedComplexPropertyIA$1.class
target/shopcart-0.3.6/ch/qos/logback/core/joran/action/AbstractEventEvaluatorAction.class
target/shopcart-0.3.6/ch/qos/logback/core/joran/action/AppenderAction.class
target/shopcart-0.3.6/ch/qos/logback/core/joran/action/ConversionRuleAction.class
target/shopcart-0.3.6/ch/qos/logback/core/joran/action/IADataForBasicProperty.class
target/shopcart-0.3.6/ch/qos/logback/core/joran/action/ActionUtil$Scope.class
target/shopcart-0.3.6/ch/qos/logback/core/joran/action/NestedBasicPropertyIA.class
target/shopcart-0.3.6/ch/qos/logback/core/joran/action/NestedBasicPropertyIA$1.class
target/shopcart-0.3.6/ch/qos/logback/core/joran/action/ShutdownHookAction.class
target/shopcart-0.3.6/ch/qos/logback/core/joran/action/StatusListenerAction.class
target/shopcart-0.3.6/ch/qos/logback/core/joran/action/ImplicitAction.class
target/shopcart-0.3.6/ch/qos/logback/core/joran/action/ParamAction.class
target/shopcart-0.3.6/ch/qos/logback/core/joran/action/IncludeAction.class
target/shopcart-0.3.6/ch/qos/logback/core/joran/action/ActionConst.class
target/shopcart-0.3.6/ch/qos/logback/core/joran/action/DefinePropertyAction.class
target/shopcart-0.3.6/ch/qos/logback/core/joran/action/ContextPropertyAction.class
target/shopcart-0.3.6/ch/qos/logback/core/util/CachingDateFormatter.class
target/shopcart-0.3.6/ch/qos/logback/core/util/ContentTypeUtil.class
target/shopcart-0.3.6/ch/qos/logback/core/joran/action/AppenderRefAction.class
target/shopcart-0.3.6/ch/qos/logback/core/AppenderBase.class
target/shopcart-0.3.6/ch/qos/logback/core/joran/action/ActionUtil.class
target/shopcart-0.3.6/ch/qos/logback/core/util/StringCollectionUtil.class
target/shopcart-0.3.6/ch/qos/logback/core/util/CloseUtil.class
target/shopcart-0.3.6/ch/qos/logback/core/util/FixedDelay.class
target/shopcart-0.3.6/ch/qos/logback/core/util/COWArrayList.class
target/shopcart-0.3.6/ch/qos/logback/core/util/LocationUtil.class
target/shopcart-0.3.6/ch/qos/logback/core/util/IncompatibleClassException.class
target/shopcart-0.3.6/ch/qos/logback/core/util/SystemInfo.class
target/shopcart-0.3.6/ch/qos/logback/core/util/Loader$2.class
target/shopcart-0.3.6/ch/qos/logback/core/util/Loader$1.class
target/shopcart-0.3.6/ch/qos/logback/core/util/CharSequenceToRegexMapper.class
target/shopcart-0.3.6/ch/qos/logback/core/util/PropertySetterException.class
target/shopcart-0.3.6/ch/qos/logback/core/util/DelayStrategy.class
target/shopcart-0.3.6/ch/qos/logback/core/util/StatusPrinter.class
target/shopcart-0.3.6/ch/qos/logback/core/util/Loader.class
target/shopcart-0.3.6/ch/qos/logback/core/util/JNDIUtil.class
target/shopcart-0.3.6/ch/qos/logback/core/util/DatePatternToRegexUtil.class
target/shopcart-0.3.6/ch/qos/logback/core/util/DynamicClassLoadingException.class
target/shopcart-0.3.6/ch/qos/logback/core/util/ExecutorServiceUtil.class
target/shopcart-0.3.6/ch/qos/logback/core/util/TimeUtil.class
target/shopcart-0.3.6/ch/qos/logback/core/util/InterruptUtil.class
target/shopcart-0.3.6/ch/qos/logback/core/util/InvocationGate.class
target/shopcart-0.3.6/ch/qos/logback/core/util/FileUtil.class
target/shopcart-0.3.6/ch/qos/logback/core/util/AggregationType.class
target/shopcart-0.3.6/ch/qos/logback/core/util/CharSequenceState.class
target/shopcart-0.3.6/ch/qos/logback/core/encoder/EchoEncoder.class
target/shopcart-0.3.6/ch/qos/logback/core/util/DefaultInvocationGate.class
target/shopcart-0.3.6/ch/qos/logback/core/util/ExecutorServiceUtil$1.class
target/shopcart-0.3.6/ch/qos/logback/core/util/Duration.class
target/shopcart-0.3.6/ch/qos/logback/core/util/StatusListenerConfigHelper.class
target/shopcart-0.3.6/ch/qos/logback/core/util/EnvUtil.class
target/shopcart-0.3.6/ch/qos/logback/core/recovery/RecoveryCoordinator.class
target/shopcart-0.3.6/ch/qos/logback/core/util/ContextUtil.class
target/shopcart-0.3.6/ch/qos/logback/core/util/FileSize.class
target/shopcart-0.3.6/ch/qos/logback/core/recovery/ResilientSyslogOutputStream.class
target/shopcart-0.3.6/ch/qos/logback/core/util/OptionHelper.class
target/shopcart-0.3.6/ch/qos/logback/core/recovery/ResilientFileOutputStream.class
target/shopcart-0.3.6/ch/qos/logback/core/encoder/EncoderBase.class
target/shopcart-0.3.6/ch/qos/logback/core/encoder/LayoutWrappingEncoder.class
target/shopcart-0.3.6/ch/qos/logback/core/encoder/NonClosableInputStream.class
target/shopcart-0.3.6/ch/qos/logback/core/encoder/Encoder.class
target/shopcart-0.3.6/ch/qos/logback/core/encoder/ByteArrayUtil.class
target/shopcart-0.3.6/ch/qos/logback/core/recovery/ResilientOutputStreamBase.class
target/shopcart-0.3.6/ch/qos/logback/core/hook/ShutdownHookBase.class
target/shopcart-0.3.6/ch/qos/logback/core/hook/ShutdownHook.class
target/shopcart-0.3.6/ch/qos/logback/core/hook/DelayingShutdownHook.class
target/shopcart-0.3.6/ch/qos/logback/core/AsyncAppenderBase$Worker.class
target/shopcart-0.3.6/ch/qos/logback/core/rolling/RolloverFailure.class
target/shopcart-0.3.6/ch/qos/logback/core/ConsoleAppender.class
target/shopcart-0.3.6/ch/qos/logback/core/BasicStatusManager.class
target/shopcart-0.3.6/ch/qos/logback/core/rolling/FixedWindowRollingPolicy$1.class
target/shopcart-0.3.6/ch/qos/logback/core/read/ListAppender.class
target/shopcart-0.3.6/ch/qos/logback/core/read/CyclicBufferAppender.class
target/shopcart-0.3.6/ch/qos/logback/core/rolling/TriggeringPolicyBase.class
target/shopcart-0.3.6/ch/qos/logback/core/rolling/TriggeringPolicy.class
target/shopcart-0.3.6/ch/qos/logback/core/LayoutBase.class
target/shopcart-0.3.6/ch/qos/logback/core/FileAppender.class
target/shopcart-0.3.6/ch/qos/logback/core/rolling/SizeAndTimeBasedFNATP.class
target/shopcart-0.3.6/ch/qos/logback/core/rolling/RollingPolicy.class
target/shopcart-0.3.6/ch/qos/logback/core/rolling/SizeBasedTriggeringPolicy.class
target/shopcart-0.3.6/ch/qos/logback/core/rolling/TimeBasedFileNamingAndTriggeringPolicy.class
target/shopcart-0.3.6/ch/qos/logback/core/rolling/TimeBasedFileNamingAndTriggeringPolicyBase.class
target/shopcart-0.3.6/ch/qos/logback/core/rolling/RollingPolicyBase.class
target/shopcart-0.3.6/ch/qos/logback/core/rolling/TimeBasedRollingPolicy.class
target/shopcart-0.3.6/ch/qos/logback/core/rolling/SizeAndTimeBasedFNATP$Usage.class
target/shopcart-0.3.6/ch/qos/logback/core/rolling/SizeAndTimeBasedRollingPolicy.class
target/shopcart-0.3.6/ch/qos/logback/core/rolling/FixedWindowRollingPolicy.class
target/shopcart-0.3.6/ch/qos/logback/core/rolling/RollingFileAppender.class
target/shopcart-0.3.6/ch/qos/logback/core/rolling/helper/SizeAndTimeBasedArchiveRemover.class
target/shopcart-0.3.6/ch/qos/logback/core/rolling/helper/RollingCalendar$1.class
target/shopcart-0.3.6/ch/qos/logback/core/rolling/helper/FileFilterUtil$1.class
target/shopcart-0.3.6/ch/qos/logback/core/rolling/DefaultTimeBasedFileNamingAndTriggeringPolicy.class
target/shopcart-0.3.6/ch/qos/logback/core/rolling/helper/FileFilterUtil.class
target/shopcart-0.3.6/ch/qos/logback/core/rolling/helper/IntegerTokenConverter.class
target/shopcart-0.3.6/ch/qos/logback/core/rolling/helper/TimeBasedArchiveRemover$ArhiveRemoverRunnable.class
target/shopcart-0.3.6/ch/qos/logback/core/rolling/helper/Compressor$CompressionRunnable.class
target/shopcart-0.3.6/ch/qos/logback/core/rolling/helper/MonoTypedConverter.class
target/shopcart-0.3.6/ch/qos/logback/core/rolling/helper/FileStoreUtil.class
target/shopcart-0.3.6/ch/qos/logback/core/rolling/helper/RenameUtil.class
target/shopcart-0.3.6/ch/qos/logback/core/rolling/helper/TimeBasedArchiveRemover$1.class
target/shopcart-0.3.6/ch/qos/logback/core/rolling/helper/DateTokenConverter.class
target/shopcart-0.3.6/ch/qos/logback/core/rolling/helper/TokenConverter.class
target/shopcart-0.3.6/ch/qos/logback/core/rolling/helper/FileNamePattern.class
target/shopcart-0.3.6/ch/qos/logback/core/rolling/helper/FileFilterUtil$3.class
target/shopcart-0.3.6/ch/qos/logback/core/rolling/helper/PeriodicityType.class
target/shopcart-0.3.6/ch/qos/logback/core/rolling/helper/RollingCalendar.class
target/shopcart-0.3.6/ch/qos/logback/core/rolling/helper/Compressor.class
target/shopcart-0.3.6/ch/qos/logback/core/rolling/helper/FileFilterUtil$2.class
target/shopcart-0.3.6/ch/qos/logback/core/rolling/helper/ArchiveRemover.class
target/shopcart-0.3.6/ch/qos/logback/core/rolling/helper/Compressor$1.class
target/shopcart-0.3.6/ch/qos/logback/core/helpers/NOPAppender.class
target/shopcart-0.3.6/ch/qos/logback/core/helpers/Transform.class
target/shopcart-0.3.6/ch/qos/logback/core/rolling/helper/CompressionMode.class
target/shopcart-0.3.6/ch/qos/logback/core/rolling/helper/TimeBasedArchiveRemover.class
target/shopcart-0.3.6/ch/qos/logback/core/helpers/ThrowableToStringArray.class
target/shopcart-0.3.6/ch/qos/logback/core/filter/Filter.class
target/shopcart-0.3.6/ch/qos/logback/core/OutputStreamAppender.class
target/shopcart-0.3.6/ch/qos/logback/core/filter/EvaluatorFilter.class
target/shopcart-0.3.6/ch/qos/logback/classic/pattern/ExtendedThrowableProxyConverter.class
target/shopcart-0.3.6/ch/qos/logback/core/filter/AbstractMatcherFilter.class
target/shopcart-0.3.6/ch/qos/logback/core/AsyncAppenderBase.class
target/shopcart-0.3.6/ch/qos/logback/classic/pattern/ClassicConverter.class
target/shopcart-0.3.6/ch/qos/logback/classic/pattern/MethodOfCallerConverter.class
target/shopcart-0.3.6/ch/qos/logback/classic/pattern/NamedConverter.class
target/shopcart-0.3.6/ch/qos/logback/core/layout/EchoLayout.class
target/shopcart-0.3.6/ch/qos/logback/classic/pattern/LocalSequenceNumberConverter.class
target/shopcart-0.3.6/ch/qos/logback/classic/pattern/MDCConverter.class
target/shopcart-0.3.6/ch/qos/logback/classic/pattern/color/HighlightingCompositeConverter.class
target/shopcart-0.3.6/ch/qos/logback/core/helpers/CyclicBuffer.class
target/shopcart-0.3.6/ch/qos/logback/classic/pattern/LevelConverter.class
target/shopcart-0.3.6/ch/qos/logback/classic/pattern/ClassNameOnlyAbbreviator.class
target/shopcart-0.3.6/ch/qos/logback/classic/pattern/MarkerConverter.class
target/shopcart-0.3.6/ch/qos/logback/classic/pattern/ThrowableHandlingConverter.class
target/shopcart-0.3.6/ch/qos/logback/classic/pattern/ClassOfCallerConverter.class
target/shopcart-0.3.6/ch/qos/logback/classic/pattern/RootCauseFirstThrowableProxyConverter.class
target/shopcart-0.3.6/ch/qos/logback/classic/pattern/LoggerConverter.class
target/shopcart-0.3.6/ch/qos/logback/classic/pattern/RelativeTimeConverter.class
target/shopcart-0.3.6/ch/qos/logback/classic/pattern/DateConverter.class
target/shopcart-0.3.6/ch/qos/logback/classic/pattern/ThreadConverter.class
target/shopcart-0.3.6/ch/qos/logback/classic/pattern/SyslogStartConverter.class
target/shopcart-0.3.6/ch/qos/logback/classic/pattern/PrefixCompositeConverter.class
target/shopcart-0.3.6/ch/qos/logback/classic/pattern/ThrowableProxyConverter.class
target/shopcart-0.3.6/ch/qos/logback/classic/pattern/EnsureExceptionHandling.class
target/shopcart-0.3.6/ch/qos/logback/classic/pattern/TargetLengthBasedClassNameAbbreviator.class
target/shopcart-0.3.6/ch/qos/logback/classic/pattern/Util.class
target/shopcart-0.3.6/ch/qos/logback/classic/pattern/LineSeparatorConverter.class
target/shopcart-0.3.6/ch/qos/logback/classic/pattern/CallerDataConverter.class
target/shopcart-0.3.6/ch/qos/logback/classic/pattern/LineOfCallerConverter.class
target/shopcart-0.3.6/ch/qos/logback/classic/pattern/ContextNameConverter.class
target/shopcart-0.3.6/ch/qos/logback/classic/pattern/FileOfCallerConverter.class
target/shopcart-0.3.6/ch/qos/logback/classic/pattern/Abbreviator.class
target/shopcart-0.3.6/ch/qos/logback/classic/pattern/NopThrowableInformationConverter.class
target/shopcart-0.3.6/ch/qos/logback/classic/pattern/MessageConverter.class
target/shopcart-0.3.6/ch/qos/logback/classic/pattern/PropertyConverter.class
target/shopcart-0.3.6/ch/qos/logback/classic/sift/SiftingAppender.class
target/shopcart-0.3.6/ch/qos/logback/classic/sift/MDCBasedDiscriminator.class
target/shopcart-0.3.6/ch/qos/logback/classic/AsyncAppender.class
target/shopcart-0.3.6/ch/qos/logback/classic/sift/JNDIBasedContextDiscriminator.class
target/shopcart-0.3.6/ch/qos/logback/classic/sift/AppenderFactoryUsingJoran.class
target/shopcart-0.3.6/ch/qos/logback/classic/boolex/OnMarkerEvaluator.class
target/shopcart-0.3.6/ch/qos/logback/classic/sift/ContextBasedDiscriminator.class
target/shopcart-0.3.6/ch/qos/logback/classic/boolex/IEvaluator.class
target/shopcart-0.3.6/ch/qos/logback/classic/sift/SiftingJoranConfigurator.class
target/shopcart-0.3.6/ch/qos/logback/classic/sift/SiftAction.class
target/shopcart-0.3.6/ch/qos/logback/classic/selector/servlet/ContextDetachingSCL.class
target/shopcart-0.3.6/ch/qos/logback/classic/selector/ContextSelector.class
target/shopcart-0.3.6/ch/qos/logback/classic/boolex/OnErrorEvaluator.class
target/shopcart-0.3.6/ch/qos/logback/classic/BasicConfigurator.class
target/shopcart-0.3.6/ch/qos/logback/classic/selector/DefaultContextSelector.class
target/shopcart-0.3.6/ch/qos/logback/classic/spi/LoggerContextAwareBase.class
target/shopcart-0.3.6/ch/qos/logback/classic/servlet/LogbackServletContextListener.class
target/shopcart-0.3.6/ch/qos/logback/classic/boolex/JaninoEventEvaluator.class
target/shopcart-0.3.6/ch/qos/logback/classic/selector/servlet/LoggerContextFilter.class
target/shopcart-0.3.6/ch/qos/logback/classic/selector/ContextJNDISelector.class
target/shopcart-0.3.6/ch/qos/logback/classic/spi/Configurator.class
target/shopcart-0.3.6/ch/qos/logback/classic/spi/IThrowableProxy.class
target/shopcart-0.3.6/ch/qos/logback/classic/servlet/LogbackServletContainerInitializer.class
target/shopcart-0.3.6/ch/qos/logback/classic/LoggerContext.class
target/shopcart-0.3.6/ch/qos/logback/classic/spi/ThrowableProxyUtil.class
target/shopcart-0.3.6/ch/qos/logback/classic/spi/LoggerRemoteView.class
target/shopcart-0.3.6/ch/qos/logback/classic/spi/TurboFilterList.class
target/shopcart-0.3.6/ch/qos/logback/classic/spi/PlatformInfo.class
target/shopcart-0.3.6/ch/qos/logback/classic/spi/LoggerContextListener.class
target/shopcart-0.3.6/ch/qos/logback/classic/spi/LoggingEvent.class
target/shopcart-0.3.6/ch/qos/logback/classic/spi/PackagingDataCalculator.class
target/shopcart-0.3.6/ch/qos/logback/classic/PatternLayout.class
target/shopcart-0.3.6/ch/qos/logback/classic/spi/CallerData.class
target/shopcart-0.3.6/ch/qos/logback/classic/spi/LoggerContextAware.class
target/shopcart-0.3.6/ch/qos/logback/classic/spi/ClassPackagingData.class
target/shopcart-0.3.6/ch/qos/logback/classic/spi/ThrowableProxyVO.class
target/shopcart-0.3.6/ch/qos/logback/classic/spi/ILoggingEvent.class
target/shopcart-0.3.6/ch/qos/logback/classic/spi/ThrowableProxy.class
target/shopcart-0.3.6/ch/qos/logback/classic/spi/LoggerContextVO.class
target/shopcart-0.3.6/ch/qos/logback/classic/spi/STEUtil.class
target/shopcart-0.3.6/ch/qos/logback/classic/turbo/MDCFilter.class
target/shopcart-0.3.6/ch/qos/logback/classic/spi/LoggerComparator.class
target/shopcart-0.3.6/ch/qos/logback/classic/spi/StackTraceElementProxy.class
target/shopcart-0.3.6/ch/qos/logback/classic/spi/EventArgUtil.class
target/shopcart-0.3.6/ch/qos/logback/classic/spi/LoggingEventVO.class
target/shopcart-0.3.6/ch/qos/logback/classic/turbo/MatchingFilter.class
target/shopcart-0.3.6/ch/qos/logback/classic/turbo/ReconfigureOnChangeFilter.class
target/shopcart-0.3.6/ch/qos/logback/classic/turbo/DuplicateMessageFilter.class
target/shopcart-0.3.6/ch/qos/logback/classic/turbo/DynamicThresholdFilter.class
target/shopcart-0.3.6/ch/qos/logback/classic/turbo/MarkerFilter.class
target/shopcart-0.3.6/ch/qos/logback/classic/jmx/JMXConfiguratorMBean.class
target/shopcart-0.3.6/ch/qos/logback/classic/turbo/ReconfigureOnChangeFilter$ReconfiguringThread.class
target/shopcart-0.3.6/ch/qos/logback/classic/log4j/XMLLayout.class
target/shopcart-0.3.6/ch/qos/logback/classic/html/UrlCssBuilder.class
target/shopcart-0.3.6/ch/qos/logback/classic/html/DefaultCssBuilder.class
target/shopcart-0.3.6/ch/qos/logback/classic/turbo/LRUMessageCache.class
target/shopcart-0.3.6/ch/qos/logback/classic/turbo/TurboFilter.class
target/shopcart-0.3.6/ch/qos/logback/classic/turbo/MDCValueLevelPair.class
target/shopcart-0.3.6/ch/qos/logback/classic/html/DefaultThrowableRenderer.class
target/shopcart-0.3.6/ch/qos/logback/classic/net/server/RemoteAppenderClient.class
target/shopcart-0.3.6/ch/qos/logback/classic/net/server/RemoteAppenderServerRunner.class
target/shopcart-0.3.6/ch/qos/logback/classic/jmx/JMXConfigurator.class
target/shopcart-0.3.6/ch/qos/logback/classic/html/HTMLLayout.class
target/shopcart-0.3.6/ch/qos/logback/classic/net/server/SSLServerSocketAppender.class
target/shopcart-0.3.6/ch/qos/logback/classic/jmx/MBeanUtil.class
target/shopcart-0.3.6/ch/qos/logback/classic/net/server/SSLServerSocketReceiver.class
target/shopcart-0.3.6/ch/qos/logback/classic/net/server/RemoteAppenderStreamClient.class
target/shopcart-0.3.6/ch/qos/logback/classic/net/LoggingEventPreSerializationTransformer.class
target/shopcart-0.3.6/ch/qos/logback/classic/net/server/ServerSocketAppender.class
target/shopcart-0.3.6/ch/qos/logback/classic/net/SimpleSSLSocketServer.class
target/shopcart-0.3.6/ch/qos/logback/classic/net/SocketAcceptor.class
target/shopcart-0.3.6/ch/qos/logback/classic/net/server/HardenedLoggingEventInputStream.class
target/shopcart-0.3.6/ch/qos/logback/classic/net/SSLSocketAppender.class
target/shopcart-0.3.6/ch/qos/logback/classic/net/server/RemoteAppenderServerListener.class
target/shopcart-0.3.6/ch/qos/logback/classic/net/server/ServerSocketReceiver.class
target/shopcart-0.3.6/ch/qos/logback/classic/net/ReceiverBase.class
target/shopcart-0.3.6/ch/qos/logback/classic/net/SocketAppender.class
target/shopcart-0.3.6/ch/qos/logback/classic/net/SSLSocketReceiver.class
target/shopcart-0.3.6/ch/qos/logback/classic/joran/action/LevelAction.class
target/shopcart-0.3.6/ch/qos/logback/classic/net/SMTPAppender.class
target/shopcart-0.3.6/ch/qos/logback/classic/net/SocketNode.class
target/shopcart-0.3.6/ch/qos/logback/classic/net/SocketReceiver.class
target/shopcart-0.3.6/ch/qos/logback/classic/joran/ReconfigureOnChangeTask.class
target/shopcart-0.3.6/ch/qos/logback/classic/joran/ReconfigureOnChangeTaskListener.class
target/shopcart-0.3.6/ch/qos/logback/classic/net/SimpleSocketServer.class
target/shopcart-0.3.6/ch/qos/logback/classic/net/SyslogAppender.class
target/shopcart-0.3.6/ch/qos/logback/classic/joran/JoranConfigurator.class
target/shopcart-0.3.6/ch/qos/logback/classic/joran/action/RootLoggerAction.class
target/shopcart-0.3.6/ch/qos/logback/classic/joran/action/ConsolePluginAction.class
target/shopcart-0.3.6/ch/qos/logback/classic/joran/action/EvaluatorAction.class
target/shopcart-0.3.6/ch/qos/logback/classic/joran/action/LoggerContextListenerAction.class
target/shopcart-0.3.6/ch/qos/logback/classic/joran/action/InsertFromJNDIAction.class
target/shopcart-0.3.6/ch/qos/logback/classic/joran/action/ReceiverAction.class
target/shopcart-0.3.6/ch/qos/logback/classic/joran/action/ContextNameAction.class
target/shopcart-0.3.6/ch/qos/logback/classic/joran/action/ConfigurationAction.class
target/shopcart-0.3.6/ch/qos/logback/classic/joran/action/JMXConfiguratorAction.class
target/shopcart-0.3.6/ch/qos/logback/classic/joran/action/LoggerAction.class
target/shopcart-0.3.6/ch/qos/logback/classic/util/CopyOnInheritThreadLocal.class
target/shopcart-0.3.6/ch/qos/logback/classic/util/ContextSelectorStaticBinder.class
target/shopcart-0.3.6/ch/qos/logback/classic/util/StatusViaSLF4JLoggerFactory.class
target/shopcart-0.3.6/ch/qos/logback/classic/ViewStatusMessagesServlet.class
target/shopcart-0.3.6/ch/qos/logback/classic/util/EnvUtil.class
target/shopcart-0.3.6/ch/qos/logback/classic/ClassicConstants.class
target/shopcart-0.3.6/ch/qos/logback/classic/util/ContextInitializer.class
target/shopcart-0.3.6/ch/qos/logback/classic/util/LogbackMDCAdapter.class
target/shopcart-0.3.6/ch/qos/logback/classic/util/LevelToSyslogSeverity.class
target/shopcart-0.3.6/ch/qos/logback/classic/util/DefaultNestedComponentRules.class
target/shopcart-0.3.6/ch/qos/logback/classic/encoder/PatternLayoutEncoder.class
target/shopcart-0.3.6/ch/qos/logback/classic/jul/JULHelper.class
target/shopcart-0.3.6/ch/qos/logback/classic/util/LoggerNameUtil.class
target/shopcart-0.3.6/ch/qos/logback/classic/helpers/MDCInsertingServletFilter.class
target/shopcart-0.3.6/ch/qos/logback/classic/Level.class
target/shopcart-0.3.6/ch/qos/logback/classic/jul/LevelChangePropagator.class
target/shopcart-0.3.6/ch/qos/logback/classic/db/names/DBNameResolver.class
target/shopcart-0.3.6/ch/qos/logback/classic/db/names/ColumnName.class
target/shopcart-0.3.6/ch/qos/logback/classic/db/names/DefaultDBNameResolver.class
target/shopcart-0.3.6/ch/qos/logback/classic/db/names/TableName.class
target/shopcart-0.3.6/ch/qos/logback/classic/db/names/SimpleDBNameResolver.class
target/shopcart-0.3.6/ch/qos/logback/classic/filter/LevelFilter.class
target/shopcart-0.3.6/micronaut/benchmark/shopcart/domain/Client.class
target/shopcart-0.3.6/ch/qos/logback/classic/filter/ThresholdFilter.class
target/shopcart-0.3.6/ch/qos/logback/classic/layout/TTLLLayout.class
target/shopcart-0.3.6/micronaut/benchmark/shopcart/domain/Price.class
target/shopcart-0.3.6/micronaut/benchmark/shopcart/domain/$Price$IntrospectionRef.class
target/shopcart-0.3.6/micronaut/benchmark/shopcart/$ShopController$Definition$Intercepted.class
target/shopcart-0.3.6/micronaut/benchmark/shopcart/domain/Product.class
target/shopcart-0.3.6/micronaut/benchmark/shopcart/domain/$Price$Introspection.class
target/shopcart-0.3.6/micronaut/benchmark/shopcart/domain/ShoppingCart.class
target/shopcart-0.3.6/micronaut/benchmark/shopcart/$ShopService$Definition$Intercepted.class
target/shopcart-0.3.6/micronaut/benchmark/shopcart/command/$ProductDeleteCommand$Introspection.class
target/shopcart-0.3.6/micronaut/benchmark/shopcart/$ShopService$Definition.class
target/shopcart-0.3.6/micronaut/benchmark/shopcart/command/ClientSaveCommand.class
target/shopcart-0.3.6/micronaut/benchmark/shopcart/Application.class
target/shopcart-0.3.6/micronaut/benchmark/shopcart/command/$ProductSaveCommand$IntrospectionRef.class
target/shopcart-0.3.6/micronaut/benchmark/shopcart/command/$ProductSaveCommand$Introspection.class
target/shopcart-0.3.6/micronaut/benchmark/shopcart/command/ProductSaveCommand.class
target/shopcart-0.3.6/micronaut/benchmark/shopcart/command/$ClientSaveCommand$IntrospectionRef.class
target/shopcart-0.3.6/micronaut/benchmark/shopcart/command/$ProductDeleteCommand$IntrospectionRef.class
target/shopcart-0.3.6/micronaut/benchmark/shopcart/ShopController.class
target/shopcart-0.3.6/micronaut/benchmark/shopcart/command/$ClientSaveCommand$Introspection.class
target/shopcart-0.3.6/micronaut/benchmark/shopcart/command/ProductDeleteCommand.class
target/shopcart-0.3.6/micronaut/benchmark/shopcart/$ShopService$Definition$Intercepted$Definition.class
target/shopcart-0.3.6/micronaut/benchmark/shopcart/Benchmark.class
target/shopcart-0.3.6/micronaut/benchmark/shopcart/$ShopService$Definition$Intercepted$Definition$Reference.class
target/shopcart-0.3.6/micronaut/benchmark/shopcart/$ShopController$Definition$Intercepted$Definition$Reference.class
target/shopcart-0.3.6/micronaut/benchmark/shopcart/Benchmark$1.class
target/shopcart-0.3.6/micronaut/benchmark/shopcart/$ShopController$Definition.class
target/shopcart-0.3.6/ch/qos/logback/classic/Logger.class
target/shopcart-0.3.6/reactor/core/scheduler/ElasticScheduler$CachedService.class
target/shopcart-0.3.6/micronaut/benchmark/shopcart/ShopService.class
target/shopcart-0.3.6/micronaut/benchmark/shopcart/$ShopController$Definition$Exec.class
target/shopcart-0.3.6/micronaut/benchmark/shopcart/$ShopController$Definition$Reference.class
target/shopcart-0.3.6/micronaut/benchmark/shopcart/$ShopController$Definition$Intercepted$Definition.class
target/shopcart-0.3.6/micronaut/benchmark/shopcart/$ShopService$Definition$Exec.class
target/shopcart-0.3.6/micronaut/benchmark/shopcart/$ShopService$Definition$Reference.class
target/shopcart-0.3.6/reactor/core/scheduler/ExecutorScheduler$ExecutorTrackedRunnable.class
target/shopcart-0.3.6/reactor/core/scheduler/Schedulers$Snapshot.class
target/shopcart-0.3.6/reactor/core/scheduler/ElasticScheduler$ElasticWorker.class
target/shopcart-0.3.6/reactor/core/scheduler/BoundedElasticScheduler$BoundedScheduledExecutorService.class
target/shopcart-0.3.6/reactor/core/scheduler/PeriodicSchedulerTask.class
target/shopcart-0.3.6/reactor/core/scheduler/Schedulers$CachedScheduler.class
target/shopcart-0.3.6/reactor/core/scheduler/Schedulers$1.class
target/shopcart-0.3.6/reactor/core/scheduler/ElasticScheduler$ScheduledExecutorServiceExpiry.class
target/shopcart-0.3.6/reactor/core/scheduler/BoundedElasticScheduler$1.class
target/shopcart-0.3.6/reactor/core/scheduler/EmptyCompositeDisposable.class
target/shopcart-0.3.6/reactor/core/scheduler/ReactorThreadFactory$NonBlockingThread.class
target/shopcart-0.3.6/reactor/core/scheduler/package-info.class
target/shopcart-0.3.6/reactor/core/scheduler/ReactorBlockHoundIntegration.class
target/shopcart-0.3.6/reactor/core/scheduler/ExecutorScheduler$ExecutorSchedulerTrampolineWorker.class
target/shopcart-0.3.6/reactor/core/scheduler/WorkerTask.class
target/shopcart-0.3.6/reactor/core/scheduler/ReactorThreadFactory.class
target/shopcart-0.3.6/reactor/core/scheduler/SingleScheduler.class
target/shopcart-0.3.6/reactor/core/scheduler/ExecutorServiceWorker.class
target/shopcart-0.3.6/reactor/core/scheduler/ExecutorScheduler$WorkerDelete.class
target/shopcart-0.3.6/reactor/core/scheduler/Schedulers.class
target/shopcart-0.3.6/reactor/core/scheduler/DelegatingScheduledExecutorService.class
target/shopcart-0.3.6/reactor/core/scheduler/SchedulerMetricDecorator.class
target/shopcart-0.3.6/reactor/core/scheduler/SchedulerMetricDecorator$1MetricsRemovingScheduledExecutorService.class
target/shopcart-0.3.6/reactor/core/scheduler/ExecutorScheduler$ExecutorPlainRunnable.class
target/shopcart-0.3.6/reactor/core/scheduler/SchedulerTask.class
target/shopcart-0.3.6/reactor/core/scheduler/PeriodicWorkerTask.class
target/shopcart-0.3.6/reactor/core/scheduler/BoundedElasticScheduler$BoundedServices.class
target/shopcart-0.3.6/reactor/core/scheduler/BoundedElasticScheduler$BoundedState.class
target/shopcart-0.3.6/reactor/core/scheduler/Scheduler$Worker.class
target/shopcart-0.3.6/reactor/core/scheduler/BoundedElasticScheduler.class
target/shopcart-0.3.6/reactor/core/scheduler/ImmediateScheduler$ImmediateSchedulerWorker.class
target/shopcart-0.3.6/reactor/core/scheduler/DelegateServiceScheduler$UnsupportedScheduledExecutorService.class
target/shopcart-0.3.6/reactor/core/scheduler/ElasticScheduler.class
target/shopcart-0.3.6/reactor/core/scheduler/ParallelScheduler.class
target/shopcart-0.3.6/reactor/core/scheduler/ImmediateScheduler.class
target/shopcart-0.3.6/reactor/core/scheduler/SingleWorkerScheduler.class
target/shopcart-0.3.6/reactor/core/scheduler/ExecutorScheduler$ExecutorSchedulerWorker.class
target/shopcart-0.3.6/reactor/core/scheduler/Scheduler.class
target/shopcart-0.3.6/reactor/core/scheduler/Schedulers$Factory.class
target/shopcart-0.3.6/reactor/core/scheduler/ExecutorScheduler.class
target/shopcart-0.3.6/reactor/core/scheduler/NonBlocking.class
target/shopcart-0.3.6/reactor/core/scheduler/DelegateServiceScheduler.class
target/shopcart-0.3.6/reactor/core/scheduler/InstantPeriodicWorkerTask.class
target/shopcart-0.3.6/reactor/core/Exceptions$RetryExhaustedException.class
target/shopcart-0.3.6/reactor/core/Exceptions$ErrorCallbackNotImplemented.class
target/shopcart-0.3.6/reactor/core/package-info.class
target/shopcart-0.3.6/reactor/core/Fuseable$ConditionalSubscriber.class
target/shopcart-0.3.6/reactor/core/Scannable$Attr$3.class
target/shopcart-0.3.6/reactor/core/Disposable.class
target/shopcart-0.3.6/reactor/core/Exceptions$BubblingException.class
target/shopcart-0.3.6/reactor/core/Exceptions$ReactiveException.class
target/shopcart-0.3.6/reactor/core/Fuseable$ScalarCallable.class
target/shopcart-0.3.6/reactor/core/Exceptions.class
target/shopcart-0.3.6/reactor/core/Disposable$Swap.class
target/shopcart-0.3.6/reactor/core/CorePublisher.class
target/shopcart-0.3.6/reactor/core/Exceptions$CompositeException.class
target/shopcart-0.3.6/reactor/core/CoreSubscriber.class
target/shopcart-0.3.6/reactor/core/Disposables.class
target/shopcart-0.3.6/reactor/core/Disposable$Composite.class
target/shopcart-0.3.6/reactor/core/Scannable$Attr.class
target/shopcart-0.3.6/reactor/core/Disposables$SimpleDisposable.class
target/shopcart-0.3.6/reactor/core/Fuseable$QueueSubscription.class
target/shopcart-0.3.6/reactor/core/Disposables$AlwaysDisposable.class
target/shopcart-0.3.6/reactor/core/Scannable$Attr$RunStyle.class
target/shopcart-0.3.6/reactor/core/Scannable$Attr$1.class
target/shopcart-0.3.6/reactor/core/Disposables$ListCompositeDisposable.class
target/shopcart-0.3.6/reactor/core/Exceptions$CancelException.class
target/shopcart-0.3.6/reactor/core/Disposables$NeverDisposable.class
target/shopcart-0.3.6/reactor/core/Disposables$SwapDisposable.class
target/shopcart-0.3.6/reactor/core/Exceptions$OverflowException.class
target/shopcart-0.3.6/reactor/core/Fuseable$SynchronousSubscription.class
target/shopcart-0.3.6/reactor/core/Exceptions$ReactorRejectedExecutionException.class
target/shopcart-0.3.6/reactor/core/publisher/FluxConcatArray$SubscriptionAware.class
target/shopcart-0.3.6/reactor/core/Fuseable.class
target/shopcart-0.3.6/reactor/core/Exceptions$StaticThrowable.class
target/shopcart-0.3.6/reactor/core/Exceptions$StaticRejectedExecutionException.class
target/shopcart-0.3.6/reactor/core/Scannable$Attr$2.class
target/shopcart-0.3.6/reactor/core/publisher/MonoName.class
target/shopcart-0.3.6/reactor/core/publisher/MonoExtensionsKt$switchIfEmpty$1.class
target/shopcart-0.3.6/reactor/core/publisher/MonoRunnable.class
target/shopcart-0.3.6/reactor/core/publisher/FluxOnAssembly$OnAssemblyConditionalSubscriber.class
target/shopcart-0.3.6/reactor/core/publisher/QueueDrainSubscriber.class
target/shopcart-0.3.6/reactor/core/publisher/FluxTimeout$CancelledIndexedCancellable.class
target/shopcart-0.3.6/reactor/core/publisher/FluxGroupJoin$JoinSupport.class
target/shopcart-0.3.6/reactor/core/publisher/FluxConcatMapNoPrefetch$FluxConcatMapNoPrefetchSubscriber.class
target/shopcart-0.3.6/reactor/core/publisher/MonoFlatMapMany.class
target/shopcart-0.3.6/reactor/core/publisher/FluxOnBackpressureBufferStrategy.class
target/shopcart-0.3.6/reactor/core/Scannable.class
target/shopcart-0.3.6/reactor/core/publisher/FluxPublishMulticast$CancelMulticaster.class
target/shopcart-0.3.6/reactor/core/publisher/OperatorDisposables.class
target/shopcart-0.3.6/reactor/core/publisher/OnNextFailureStrategy$ResumeDropStrategy.class
target/shopcart-0.3.6/reactor/core/publisher/FluxRefCount$RefCountMonitor.class
target/shopcart-0.3.6/reactor/core/publisher/FluxTimeout.class
target/shopcart-0.3.6/reactor/core/publisher/FluxWindow$WindowExactSubscriber.class
target/shopcart-0.3.6/reactor/core/publisher/MonoOperator.class
target/shopcart-0.3.6/reactor/core/publisher/FluxRepeatWhen$RepeatWhenMainSubscriber.class
target/shopcart-0.3.6/reactor/core/publisher/ParallelConcatMap.class
target/shopcart-0.3.6/reactor/core/publisher/GroupedFlux.class
target/shopcart-0.3.6/reactor/core/publisher/FluxIterable.class
target/shopcart-0.3.6/reactor/core/publisher/MonoCacheInvalidateWhen.class
target/shopcart-0.3.6/reactor/core/publisher/ParallelReduceSeed$ParallelReduceSeedSubscriber.class
target/shopcart-0.3.6/reactor/core/publisher/MonoTimed.class
target/shopcart-0.3.6/reactor/core/publisher/FluxOnAssembly$1.class
target/shopcart-0.3.6/reactor/core/publisher/FluxWindowBoundary.class
target/shopcart-0.3.6/reactor/core/publisher/FluxDistinctFuseable.class
target/shopcart-0.3.6/reactor/core/publisher/OnNextFailureStrategy$1.class
target/shopcart-0.3.6/reactor/core/publisher/FluxCreate$DropAsyncSink.class
target/shopcart-0.3.6/reactor/core/publisher/BlockingOptionalMonoSubscriber.class
target/shopcart-0.3.6/reactor/core/publisher/MonoSingle.class
target/shopcart-0.3.6/reactor/core/publisher/FluxConcatIterable.class
target/shopcart-0.3.6/reactor/core/publisher/FluxIndexFuseable$IndexFuseableSubscriber.class
target/shopcart-0.3.6/reactor/core/publisher/MonoSourceFlux.class
target/shopcart-0.3.6/reactor/core/publisher/FluxErrorSupplied.class
target/shopcart-0.3.6/reactor/core/publisher/FluxConcatMapNoPrefetch$1.class
target/shopcart-0.3.6/reactor/core/publisher/InternalManySink$1.class
target/shopcart-0.3.6/reactor/core/publisher/FluxConcatMap$ConcatMapImmediate.class
target/shopcart-0.3.6/reactor/core/publisher/MonoTimeout.class
target/shopcart-0.3.6/reactor/core/publisher/MonoRetryWhen.class
target/shopcart-0.3.6/reactor/core/publisher/FluxSourceMonoFuseable.class
target/shopcart-0.3.6/reactor/core/publisher/Sinks$EmitResult.class
target/shopcart-0.3.6/reactor/core/publisher/FluxTimed.class
target/shopcart-0.3.6/reactor/core/publisher/FluxPublish$PubSubInner.class
target/shopcart-0.3.6/reactor/core/publisher/MonoHasElement$HasElementSubscriber.class
target/shopcart-0.3.6/reactor/core/publisher/FluxSubscribeOnCallable$CallableSubscribeOnSubscription.class
target/shopcart-0.3.6/reactor/core/publisher/FluxOnBackpressureBufferStrategy$BackpressureBufferDropOldestSubscriber.class
target/shopcart-0.3.6/reactor/core/publisher/FluxBufferWhen$BufferWhenCloseSubscriber.class
target/shopcart-0.3.6/reactor/core/publisher/FluxIndexFuseable$IndexFuseableConditionalSubscriber.class
target/shopcart-0.3.6/reactor/core/publisher/ParallelMergeOrdered.class
target/shopcart-0.3.6/reactor/core/publisher/FluxMetrics$MetricsSubscriber.class
target/shopcart-0.3.6/reactor/core/publisher/FluxMapSignal$FluxMapSignalSubscriber.class
target/shopcart-0.3.6/reactor/core/publisher/ParallelLiftFuseable.class
target/shopcart-0.3.6/reactor/core/publisher/MonoDoOnEach.class
target/shopcart-0.3.6/reactor/core/publisher/MonoNever.class
target/shopcart-0.3.6/reactor/core/publisher/MonoCacheInvalidateIf$CoordinatorSubscriber.class
target/shopcart-0.3.6/reactor/core/publisher/FluxPublish.class
target/shopcart-0.3.6/reactor/core/publisher/FluxMapFuseable.class
target/shopcart-0.3.6/reactor/core/publisher/DrainUtils.class
target/shopcart-0.3.6/reactor/core/publisher/MonoCollect.class
target/shopcart-0.3.6/reactor/core/publisher/FluxWindowPredicate.class
target/shopcart-0.3.6/reactor/core/publisher/MonoContextWrite.class
target/shopcart-0.3.6/reactor/core/publisher/MonoDoOnEachFuseable.class
target/shopcart-0.3.6/reactor/core/publisher/FluxCreate$NoOverflowBaseAsyncSink.class
target/shopcart-0.3.6/reactor/core/publisher/MonoFlatMapMany$FlatMapManyMain.class
target/shopcart-0.3.6/reactor/core/publisher/FluxWindowPredicate$WindowFlux.class
target/shopcart-0.3.6/reactor/core/publisher/FluxPeekFuseable.class
target/shopcart-0.3.6/reactor/core/publisher/SerializedSubscriber$LinkedArrayNode.class
target/shopcart-0.3.6/reactor/core/publisher/Sinks.class
target/shopcart-0.3.6/reactor/core/publisher/FluxBufferPredicate$Mode.class
target/shopcart-0.3.6/reactor/core/publisher/MonoSubscribeOnCallable.class
target/shopcart-0.3.6/reactor/core/publisher/ParallelFluxOnAssembly.class
target/shopcart-0.3.6/reactor/core/publisher/FluxReplay$SizeBoundReplayBuffer.class
target/shopcart-0.3.6/reactor/core/publisher/FluxExpand.class
target/shopcart-0.3.6/reactor/core/publisher/FluxTakeUntil.class
target/shopcart-0.3.6/reactor/core/publisher/FluxSampleFirst.class
target/shopcart-0.3.6/reactor/core/publisher/FluxDoFinally.class
target/shopcart-0.3.6/reactor/core/publisher/FluxLog.class
target/shopcart-0.3.6/reactor/core/publisher/FluxOnAssembly$OnAssemblyException.class
target/shopcart-0.3.6/reactor/core/publisher/OptimizableOperator.class
target/shopcart-0.3.6/reactor/core/publisher/MonoLiftFuseable.class
target/shopcart-0.3.6/reactor/core/publisher/FluxDoOnEach.class
target/shopcart-0.3.6/reactor/core/publisher/MonoHasElement.class
target/shopcart-0.3.6/reactor/core/publisher/FluxDoFinally$DoFinallySubscriber.class
target/shopcart-0.3.6/reactor/core/publisher/FluxZipIterable$ZipSubscriber.class
target/shopcart-0.3.6/reactor/core/publisher/ParallelFluxName.class
target/shopcart-0.3.6/reactor/core/publisher/MonoRunnable$MonoRunnableEagerSubscription.class
target/shopcart-0.3.6/reactor/core/publisher/FluxSampleTimeout.class
target/shopcart-0.3.6/reactor/core/publisher/FluxPublishMulticast.class
target/shopcart-0.3.6/reactor/core/publisher/MonoSingleMono.class
target/shopcart-0.3.6/reactor/core/publisher/MonoIgnoreElements$IgnoreElementsSubscriber.class
target/shopcart-0.3.6/reactor/core/publisher/FluxCreate$IgnoreSink.class
target/shopcart-0.3.6/reactor/core/publisher/FluxConcatArray.class
target/shopcart-0.3.6/reactor/core/publisher/FluxFirstWithSignal$FirstEmittingSubscriber.class
target/shopcart-0.3.6/reactor/core/publisher/FluxDematerialize.class
target/shopcart-0.3.6/reactor/core/publisher/FluxConcatMap.class
target/shopcart-0.3.6/reactor/core/publisher/FluxBufferBoundary.class
target/shopcart-0.3.6/reactor/core/publisher/FluxMaterialize$MaterializeSubscriber.class
target/shopcart-0.3.6/reactor/core/publisher/FluxTakeLast.class
target/shopcart-0.3.6/reactor/core/publisher/FluxRefCount.class
target/shopcart-0.3.6/reactor/core/publisher/FluxDistinctUntilChanged$DistinctUntilChangedConditionalSubscriber.class
target/shopcart-0.3.6/reactor/core/publisher/FluxMergeSequential$MergeSequentialMain.class
target/shopcart-0.3.6/reactor/core/publisher/AssemblyOp.class
target/shopcart-0.3.6/reactor/core/publisher/MonoMaterialize.class
target/shopcart-0.3.6/reactor/core/publisher/MonoSubscribeOn$SubscribeOnSubscriber.class
target/shopcart-0.3.6/reactor/core/publisher/ParallelArraySource.class
target/shopcart-0.3.6/reactor/core/publisher/FluxPublishOn$PublishOnSubscriber.class
target/shopcart-0.3.6/reactor/core/publisher/FluxConcatMapNoPrefetch.class
target/shopcart-0.3.6/reactor/core/publisher/MonoRetry.class
target/shopcart-0.3.6/reactor/core/publisher/FluxPublishMulticast$CancelFuseableMulticaster.class
target/shopcart-0.3.6/reactor/core/publisher/FluxContextWrite.class
target/shopcart-0.3.6/reactor/core/publisher/FluxSubscribeOnValue.class
target/shopcart-0.3.6/reactor/core/publisher/FluxUsingWhen$UsingWhenSubscriber.class
target/shopcart-0.3.6/reactor/core/publisher/FluxOnBackpressureBufferTimeout.class
target/shopcart-0.3.6/reactor/core/publisher/FluxRetry.class
target/shopcart-0.3.6/reactor/core/publisher/MonoDeferContextual.class
target/shopcart-0.3.6/reactor/core/publisher/FluxMerge.class
target/shopcart-0.3.6/reactor/core/publisher/FluxCreate$SerializedFluxSink.class
target/shopcart-0.3.6/reactor/core/publisher/FluxConcatArray$ConcatArraySubscriber.class
target/shopcart-0.3.6/reactor/core/publisher/FluxExtensionsKt$split$1.class
target/shopcart-0.3.6/reactor/core/publisher/FluxSubscribeOnValue$ScheduledScalar.class
target/shopcart-0.3.6/reactor/core/publisher/FluxSink$OverflowStrategy.class
target/shopcart-0.3.6/reactor/core/publisher/FluxPublishMulticast$FluxPublishMulticaster.class
target/shopcart-0.3.6/reactor/core/publisher/FluxCombineLatest.class
target/shopcart-0.3.6/reactor/core/publisher/FluxWindowWhen$WindowWhenMainSubscriber.class
target/shopcart-0.3.6/reactor/core/publisher/ParallelMergeSequential$MergeSequentialInner.class
target/shopcart-0.3.6/reactor/core/publisher/ParallelMergeReduce$MergeReduceInner.class
target/shopcart-0.3.6/reactor/core/publisher/FluxBufferTimeout.class
target/shopcart-0.3.6/reactor/core/publisher/FluxFlatMap.class
target/shopcart-0.3.6/reactor/core/publisher/FluxCreate.class
target/shopcart-0.3.6/reactor/core/publisher/InnerConsumer.class
target/shopcart-0.3.6/reactor/core/publisher/FluxExpand$ExpandDepthSubscriber.class
target/shopcart-0.3.6/reactor/core/publisher/FluxDematerialize$DematerializeSubscriber.class
target/shopcart-0.3.6/reactor/core/publisher/FluxBufferPredicate$ChangedPredicate.class
target/shopcart-0.3.6/reactor/core/publisher/MonoMetricsFuseable.class
target/shopcart-0.3.6/reactor/core/publisher/FluxDistinct.class
target/shopcart-0.3.6/reactor/core/publisher/BlockingSingleSubscriber.class
target/shopcart-0.3.6/reactor/core/publisher/FluxMapFuseable$MapFuseableSubscriber.class
target/shopcart-0.3.6/reactor/core/publisher/UnicastProcessor$1.class
target/shopcart-0.3.6/reactor/core/publisher/FluxCombineLatest$CombineLatestCoordinator.class
target/shopcart-0.3.6/reactor/core/publisher/FluxOnErrorResume$ResumeSubscriber.class
target/shopcart-0.3.6/reactor/core/publisher/FluxHandleFuseable.class
target/shopcart-0.3.6/reactor/core/publisher/Operators$DeferredSubscription.class
target/shopcart-0.3.6/reactor/core/publisher/Operators$MultiSubscriptionSubscriber.class
target/shopcart-0.3.6/reactor/core/publisher/MonoUsingWhen.class
target/shopcart-0.3.6/reactor/core/publisher/FluxHandle$HandleSubscriber.class
target/shopcart-0.3.6/reactor/core/publisher/FluxHide.class
target/shopcart-0.3.6/reactor/core/publisher/FluxRange$RangeSubscriptionConditional.class
target/shopcart-0.3.6/reactor/core/publisher/MonoCreate$DefaultMonoSink.class
target/shopcart-0.3.6/reactor/core/publisher/Sinks$Many.class
target/shopcart-0.3.6/reactor/core/publisher/SourceProducer.class
target/shopcart-0.3.6/reactor/core/publisher/FluxFlattenIterable$FlattenIterableSubscriber.class
target/shopcart-0.3.6/reactor/core/publisher/FluxWindowWhen$WindowOperation.class
target/shopcart-0.3.6/reactor/core/publisher/FluxIndex$IndexConditionalSubscriber.class
target/shopcart-0.3.6/reactor/core/publisher/ParallelSource$ParallelSourceMain$ParallelSourceInner.class
target/shopcart-0.3.6/reactor/core/publisher/FluxBufferWhen$BufferWhenOpenSubscriber.class
target/shopcart-0.3.6/reactor/core/publisher/MonoCancelOn.class
target/shopcart-0.3.6/reactor/core/publisher/MonoPublishOn.class
target/shopcart-0.3.6/reactor/core/publisher/MonoCollect$CollectSubscriber.class
target/shopcart-0.3.6/reactor/core/publisher/FluxSample.class
target/shopcart-0.3.6/reactor/core/publisher/FluxNever.class
target/shopcart-0.3.6/reactor/core/publisher/UnicastProcessor.class
target/shopcart-0.3.6/reactor/core/publisher/ImmutableSignal.class
target/shopcart-0.3.6/reactor/core/publisher/MonoMap.class
target/shopcart-0.3.6/reactor/core/publisher/Sinks$UnicastSpec.class
target/shopcart-0.3.6/reactor/core/publisher/FluxPeekFuseable$PeekFuseableSubscriber.class
target/shopcart-0.3.6/reactor/core/publisher/ParallelSource.class
target/shopcart-0.3.6/reactor/core/publisher/FluxArray.class
target/shopcart-0.3.6/reactor/core/publisher/MonoPeekTerminal$MonoTerminalPeekSubscriber.class
target/shopcart-0.3.6/reactor/core/publisher/FluxGenerate$GenerateSubscription.class
target/shopcart-0.3.6/reactor/core/publisher/FluxZip$ZipSingleSubscriber.class
target/shopcart-0.3.6/reactor/core/publisher/FluxLimitRequest.class
target/shopcart-0.3.6/reactor/core/publisher/FluxFilterWhen$FluxFilterWhenSubscriber.class
target/shopcart-0.3.6/reactor/core/publisher/FluxBufferTimeout$BufferTimeoutSubscriber.class
target/shopcart-0.3.6/reactor/core/publisher/FluxIterable$IterableSubscription.class
target/shopcart-0.3.6/reactor/core/publisher/SinksSpecs$RootSpecImpl.class
target/shopcart-0.3.6/reactor/core/publisher/FluxJoin$JoinSubscription.class
target/shopcart-0.3.6/reactor/core/publisher/FluxFirstWithValue$FirstValuesEmittingSubscriber.class
target/shopcart-0.3.6/reactor/core/publisher/FluxOnBackpressureBufferStrategy$1.class
target/shopcart-0.3.6/reactor/core/publisher/FluxUsing$UsingSubscriber.class
target/shopcart-0.3.6/reactor/core/publisher/FluxSwitchMapNoPrefetch.class
target/shopcart-0.3.6/reactor/core/publisher/MonoBridges.class
target/shopcart-0.3.6/reactor/core/publisher/UnicastManySinkNoBackpressure$1.class
target/shopcart-0.3.6/reactor/core/publisher/FluxContextWrite$ContextWriteSubscriber.class
target/shopcart-0.3.6/reactor/core/publisher/MonoToCompletableFuture.class
target/shopcart-0.3.6/reactor/core/publisher/FluxDoOnEach$DoOnEachFuseableConditionalSubscriber.class
target/shopcart-0.3.6/reactor/core/publisher/QueueDrainSubscriberPad3.class
target/shopcart-0.3.6/reactor/core/publisher/SignalType.class
target/shopcart-0.3.6/reactor/core/publisher/FluxExpand$ExpandDepthSubscription.class
target/shopcart-0.3.6/reactor/core/publisher/FluxCallable.class
target/shopcart-0.3.6/reactor/core/publisher/MonoCacheInvalidateWhen$CoordinatorSubscriber.class
target/shopcart-0.3.6/reactor/core/publisher/FluxConcatIterable$ConcatIterableSubscriber.class
target/shopcart-0.3.6/reactor/core/publisher/MonoSink.class
target/shopcart-0.3.6/reactor/core/publisher/SignalType$1.class
target/shopcart-0.3.6/reactor/core/publisher/FluxConcatMap$FluxConcatMapSupport.class
target/shopcart-0.3.6/reactor/core/publisher/FluxSkipLast$SkipLastSubscriber.class
target/shopcart-0.3.6/reactor/core/publisher/MonoOnAssembly.class
target/shopcart-0.3.6/reactor/core/publisher/FluxDoOnEach$DoOnEachSubscriber.class
target/shopcart-0.3.6/reactor/core/publisher/MonoError.class
target/shopcart-0.3.6/reactor/core/publisher/FluxLimitRequest$FluxLimitRequestSubscriber.class
target/shopcart-0.3.6/reactor/core/publisher/FluxSkip.class
target/shopcart-0.3.6/reactor/core/publisher/MonoUsingWhen$ResourceSubscriber.class
target/shopcart-0.3.6/reactor/core/publisher/Operators$EmptySubscription.class
target/shopcart-0.3.6/reactor/core/publisher/Sinks$EmissionException.class
target/shopcart-0.3.6/reactor/core/publisher/FluxWithLatestFrom$WithLatestFromSubscriber.class
target/shopcart-0.3.6/reactor/core/publisher/FluxRange$RangeSubscription.class
target/shopcart-0.3.6/reactor/core/publisher/FluxDistinct$DistinctConditionalSubscriber.class
target/shopcart-0.3.6/reactor/core/publisher/FluxWindowBoundary$WindowBoundaryMain.class
target/shopcart-0.3.6/reactor/core/publisher/MonoFilter.class
target/shopcart-0.3.6/reactor/core/publisher/MonoSupplier.class
target/shopcart-0.3.6/reactor/core/publisher/FlatMapTracker.class
target/shopcart-0.3.6/reactor/core/publisher/FluxTakeUntil$TakeUntilPredicateSubscriber.class
target/shopcart-0.3.6/reactor/core/publisher/Operators.class
target/shopcart-0.3.6/reactor/core/publisher/Hooks.class
target/shopcart-0.3.6/reactor/core/publisher/FluxStream.class
target/shopcart-0.3.6/reactor/core/publisher/Operators$CorePublisherAdapter.class
target/shopcart-0.3.6/reactor/core/publisher/ConnectableFluxHide.class
target/shopcart-0.3.6/reactor/core/publisher/FluxRetryWhen$RetryWhenOtherSubscriber.class
target/shopcart-0.3.6/reactor/core/publisher/FluxWindowBoundary$WindowBoundaryOther.class
target/shopcart-0.3.6/reactor/core/publisher/FluxUsingWhen$UsingWhenConditionalSubscriber.class
target/shopcart-0.3.6/reactor/core/publisher/ParallelMergeReduce$MergeReduceMain.class
target/shopcart-0.3.6/reactor/core/publisher/MonoFirstWithSignal.class
target/shopcart-0.3.6/reactor/core/publisher/Sinks$MulticastSpec.class
target/shopcart-0.3.6/reactor/core/publisher/MonoWhen$WhenInner.class
target/shopcart-0.3.6/reactor/core/publisher/FluxDoFinallyFuseable.class
target/shopcart-0.3.6/reactor/core/publisher/FluxTakeLast$TakeLastManySubscriber.class
target/shopcart-0.3.6/reactor/core/publisher/FluxOnAssembly.class
target/shopcart-0.3.6/reactor/core/publisher/FluxSampleTimeout$SampleTimeoutOther.class
target/shopcart-0.3.6/reactor/core/publisher/FluxFilter$FilterConditionalSubscriber.class
target/shopcart-0.3.6/reactor/core/publisher/FluxFromMonoOperator.class
target/shopcart-0.3.6/reactor/core/publisher/FluxSampleFirst$SampleFirstOther.class
target/shopcart-0.3.6/reactor/core/publisher/FluxDefaultIfEmpty$DefaultIfEmptySubscriber.class
target/shopcart-0.3.6/reactor/core/publisher/MonoCacheTime$CoordinatorSubscriber.class
target/shopcart-0.3.6/reactor/core/publisher/FluxPeek$PeekSubscriber.class
target/shopcart-0.3.6/reactor/core/publisher/FluxMergeComparing$MergeOrderedMainProducer.class
target/shopcart-0.3.6/reactor/core/publisher/Traces$SharedSecretsCallSiteSupplierFactory$TracingException.class
target/shopcart-0.3.6/reactor/core/publisher/Mono.class
target/shopcart-0.3.6/reactor/core/publisher/MonoFilterFuseable.class
target/shopcart-0.3.6/reactor/core/publisher/ParallelGroup$ParallelInnerGroup.class
target/shopcart-0.3.6/reactor/core/publisher/ReplayProcessor$ReplayInner.class
target/shopcart-0.3.6/reactor/core/publisher/FluxRefCountGrace.class
target/shopcart-0.3.6/reactor/core/publisher/DelegateProcessor.class
target/shopcart-0.3.6/reactor/core/publisher/FluxCreate$BaseSink.class
target/shopcart-0.3.6/reactor/core/publisher/FluxFirstWithSignal.class
target/shopcart-0.3.6/reactor/core/publisher/FluxDelaySequence$DelaySubscriber$OnError.class
target/shopcart-0.3.6/reactor/core/publisher/MonoCollectList.class
target/shopcart-0.3.6/reactor/core/publisher/FluxConcatArray$ConcatArrayDelayErrorSubscriber.class
target/shopcart-0.3.6/reactor/core/publisher/ConnectableLiftFuseable.class
target/shopcart-0.3.6/reactor/core/publisher/FluxGroupBy$GroupByMain.class
target/shopcart-0.3.6/reactor/core/publisher/ParallelPeek.class
target/shopcart-0.3.6/reactor/core/publisher/ParallelRunOn.class
target/shopcart-0.3.6/reactor/core/publisher/ParallelFlux.class
target/shopcart-0.3.6/reactor/core/publisher/FluxDeferContextual.class
target/shopcart-0.3.6/reactor/core/publisher/FluxRefCount$RefCountInner.class
target/shopcart-0.3.6/reactor/core/publisher/ParallelCollect$ParallelCollectSubscriber.class
target/shopcart-0.3.6/reactor/core/publisher/MonoZip.class
target/shopcart-0.3.6/reactor/core/publisher/GroupedLift.class
target/shopcart-0.3.6/reactor/core/publisher/MonoMetricsFuseable$MetricsFuseableSubscriber.class
target/shopcart-0.3.6/reactor/core/publisher/FluxGroupJoin$LeftRightSubscriber.class
target/shopcart-0.3.6/reactor/core/publisher/MonoPublishMulticast.class
target/shopcart-0.3.6/reactor/core/publisher/InternalEmptySink$1.class
target/shopcart-0.3.6/reactor/core/publisher/FluxTake$TakeConditionalSubscriber.class
target/shopcart-0.3.6/reactor/core/publisher/FluxCombineLatest$SourceAndArray.class
target/shopcart-0.3.6/reactor/core/publisher/FluxPublish$PublishSubscriber.class
target/shopcart-0.3.6/reactor/core/publisher/MonoIgnoreThen.class
target/shopcart-0.3.6/reactor/core/publisher/Operators$ScalarSubscription.class
target/shopcart-0.3.6/reactor/core/publisher/Operators$DrainSubscriber.class
target/shopcart-0.3.6/reactor/core/publisher/FluxSwitchIfEmpty.class
target/shopcart-0.3.6/reactor/core/publisher/SignalLogger.class
target/shopcart-0.3.6/reactor/core/publisher/ParallelMergeSort$MergeSortInner.class
target/shopcart-0.3.6/reactor/core/publisher/FluxDistinct$DistinctSubscriber.class
target/shopcart-0.3.6/reactor/core/publisher/MonoReduceSeed$ReduceSeedSubscriber.class
target/shopcart-0.3.6/reactor/core/publisher/SinkManyBestEffort.class
target/shopcart-0.3.6/reactor/core/publisher/FluxCombineLatest$CombineLatestInner.class
target/shopcart-0.3.6/reactor/core/publisher/FluxSwitchOnFirst$SwitchOnFirstConditionalMain.class
target/shopcart-0.3.6/reactor/core/publisher/FluxFilterWhen.class
target/shopcart-0.3.6/reactor/core/publisher/BlockingIterable$SubscriberIterator.class
target/shopcart-0.3.6/reactor/core/publisher/MonoDematerialize.class
target/shopcart-0.3.6/reactor/core/publisher/FluxZip$PairwiseZipper.class
target/shopcart-0.3.6/reactor/core/publisher/MonoLogFuseable.class
target/shopcart-0.3.6/reactor/core/publisher/FluxMergeSequential$MergeSequentialInner.class
target/shopcart-0.3.6/reactor/core/publisher/Sinks$One.class
target/shopcart-0.3.6/reactor/core/publisher/FluxExtensionsKt$onErrorMap$1.class
target/shopcart-0.3.6/reactor/core/publisher/FluxMergeComparing.class
target/shopcart-0.3.6/reactor/core/publisher/MonoJust.class
target/shopcart-0.3.6/reactor/core/publisher/MonoSourceFuseable.class
target/shopcart-0.3.6/reactor/core/publisher/MonoCacheInvalidateIf$CacheMonoSubscriber.class
target/shopcart-0.3.6/reactor/core/publisher/FluxWindowWhen$WindowWhenOpenSubscriber.class
target/shopcart-0.3.6/reactor/core/publisher/FluxSwitchOnFirst$SwitchOnFirstControlSubscriber.class
target/shopcart-0.3.6/reactor/core/publisher/FluxRepeatPredicate.class
target/shopcart-0.3.6/reactor/core/publisher/FluxMergeSequential.class
target/shopcart-0.3.6/reactor/core/publisher/FluxInterval.class
target/shopcart-0.3.6/reactor/core/publisher/LambdaSubscriber.class
target/shopcart-0.3.6/reactor/core/publisher/MonoHandle.class
target/shopcart-0.3.6/reactor/core/publisher/BlockingLastSubscriber.class
target/shopcart-0.3.6/reactor/core/publisher/QueueDrainSubscriberPad2.class
target/shopcart-0.3.6/reactor/core/publisher/MonoDoFinallyFuseable.class
target/shopcart-0.3.6/reactor/core/publisher/MonoAll.class
target/shopcart-0.3.6/reactor/core/publisher/MonoAll$AllSubscriber.class
target/shopcart-0.3.6/reactor/core/publisher/FluxFilterFuseable$FilterFuseableSubscriber.class
target/shopcart-0.3.6/reactor/core/publisher/SinkOneMulticast$NextInner.class
target/shopcart-0.3.6/reactor/core/publisher/MonoCacheInvalidateWhen$TriggerSubscriber.class
target/shopcart-0.3.6/reactor/core/publisher/FluxSubscribeOn.class
target/shopcart-0.3.6/reactor/core/publisher/FluxBufferBoundary$BufferBoundaryMain.class
target/shopcart-0.3.6/reactor/core/publisher/MonoFlatMap$FlatMapMain.class
target/shopcart-0.3.6/reactor/core/publisher/MonoDelayUntil$DelayUntilTrigger.class
target/shopcart-0.3.6/reactor/core/publisher/MonoElementAt$ElementAtSubscriber.class
target/shopcart-0.3.6/reactor/core/publisher/FluxCancelOn$CancelSubscriber.class
target/shopcart-0.3.6/reactor/core/publisher/NextProcessor$1.class
target/shopcart-0.3.6/reactor/core/publisher/ParallelMergeSequential.class
target/shopcart-0.3.6/reactor/core/publisher/FluxJust.class
target/shopcart-0.3.6/reactor/core/publisher/FluxCreate$1.class
target/shopcart-0.3.6/reactor/core/publisher/NextProcessor$NextInner.class
target/shopcart-0.3.6/reactor/core/publisher/LambdaMonoSubscriber.class
target/shopcart-0.3.6/reactor/core/publisher/MonoHandleFuseable.class
target/shopcart-0.3.6/reactor/core/publisher/ParallelDoOnEach.class
target/shopcart-0.3.6/reactor/core/publisher/FluxReplay$ReplayInner.class
target/shopcart-0.3.6/reactor/core/publisher/MonoFlatMap.class
target/shopcart-0.3.6/reactor/core/publisher/FluxTakeWhile.class
target/shopcart-0.3.6/reactor/core/publisher/FluxDistinctUntilChanged.class
target/shopcart-0.3.6/reactor/core/publisher/FluxConcatMap$ConcatMapDelayed.class
target/shopcart-0.3.6/reactor/core/publisher/QueueDrainSubscriberPad4.class
target/shopcart-0.3.6/reactor/core/publisher/FluxScanSeed.class
target/shopcart-0.3.6/reactor/core/publisher/ParallelDoOnEach$DoOnEachSignalPeek.class
target/shopcart-0.3.6/reactor/core/publisher/MonoCount$CountSubscriber.class
target/shopcart-0.3.6/reactor/core/publisher/ContextHolder.class
target/shopcart-0.3.6/reactor/core/publisher/FluxError.class
target/shopcart-0.3.6/reactor/core/publisher/FluxOnAssembly$ObservedAtInformationNode.class
target/shopcart-0.3.6/reactor/core/publisher/FluxScan$ScanSubscriber.class
target/shopcart-0.3.6/reactor/core/publisher/MonoFromPublisher.class
target/shopcart-0.3.6/reactor/core/publisher/MonoCacheTime$CacheMonoSubscriber.class
target/shopcart-0.3.6/reactor/core/publisher/FluxBufferWhen.class
target/shopcart-0.3.6/reactor/core/publisher/FluxRetryWhen$RetryWhenMainSubscriber.class
target/shopcart-0.3.6/reactor/core/publisher/FluxOnBackpressureLatest$LatestSubscriber.class
target/shopcart-0.3.6/reactor/core/publisher/FluxLiftFuseable.class
target/shopcart-0.3.6/reactor/core/publisher/FluxTake.class
target/shopcart-0.3.6/reactor/core/publisher/FluxOnAssembly$CheckpointHeavySnapshot.class
target/shopcart-0.3.6/reactor/core/publisher/FluxOperator.class
target/shopcart-0.3.6/reactor/core/publisher/Operators$LiftFunction.class
target/shopcart-0.3.6/reactor/core/publisher/MonoFlatMap$FlatMapInner.class
target/shopcart-0.3.6/reactor/core/publisher/FluxSkipUntilOther$SkipUntilOtherSubscriber.class
target/shopcart-0.3.6/reactor/core/publisher/FluxOnBackpressureBuffer.class
target/shopcart-0.3.6/reactor/core/publisher/Flux$1.class
target/shopcart-0.3.6/reactor/core/publisher/QueueDrainSubscriberWip.class
target/shopcart-0.3.6/reactor/core/publisher/FluxCreate$CreateMode.class
target/shopcart-0.3.6/reactor/core/publisher/MonoSingle$SingleSubscriber.class
target/shopcart-0.3.6/reactor/core/publisher/FluxUsing$UsingFuseableSubscriber.class
target/shopcart-0.3.6/reactor/core/publisher/FluxOnBackpressureDrop$DropSubscriber.class
target/shopcart-0.3.6/reactor/core/publisher/FluxOnErrorResume.class
target/shopcart-0.3.6/reactor/core/publisher/FluxSource.class
target/shopcart-0.3.6/reactor/core/publisher/MonoMapFuseable.class
target/shopcart-0.3.6/reactor/core/publisher/MonoFlatMapMany$FlatMapManyInner.class
target/shopcart-0.3.6/reactor/core/publisher/FluxSourceMono.class
target/shopcart-0.3.6/reactor/core/publisher/FluxSwitchOnFirst$SwitchOnFirstConditionalControlSubscriber.class
target/shopcart-0.3.6/reactor/core/publisher/Traces$ExceptionCallSiteSupplierFactory.class
target/shopcart-0.3.6/reactor/core/publisher/InternalOneSink$1.class
target/shopcart-0.3.6/reactor/core/publisher/MonoCacheInvalidateIf$State.class
target/shopcart-0.3.6/reactor/core/publisher/ParallelMergeReduce$SlotPair.class
target/shopcart-0.3.6/reactor/core/publisher/DirectProcessor$1.class
target/shopcart-0.3.6/reactor/core/publisher/MonoFilterWhen$MonoFilterWhenMain.class
target/shopcart-0.3.6/reactor/core/publisher/package-info.class
target/shopcart-0.3.6/reactor/core/publisher/ParallelMergeSort$MergeSortMain.class
target/shopcart-0.3.6/reactor/core/publisher/FluxZip$ZipInner.class
target/shopcart-0.3.6/reactor/core/publisher/FluxEmpty.class
target/shopcart-0.3.6/reactor/core/publisher/FluxFlattenIterable.class
target/shopcart-0.3.6/reactor/core/publisher/FluxScanSeed$ScanSeedSubscriber.class
target/shopcart-0.3.6/reactor/core/publisher/FluxSwitchMap$SwitchMapInner.class
target/shopcart-0.3.6/reactor/core/publisher/MonoDoFirstFuseable.class
target/shopcart-0.3.6/reactor/core/publisher/Operators$CancelledSubscription.class
target/shopcart-0.3.6/reactor/core/publisher/InternalEmptySink.class
target/shopcart-0.3.6/reactor/core/publisher/OnNextFailureStrategy$LambdaOnNextErrorStrategy.class
target/shopcart-0.3.6/reactor/core/publisher/FluxErrorOnRequest$ErrorSubscription.class
target/shopcart-0.3.6/reactor/core/publisher/MonoCount.class
target/shopcart-0.3.6/reactor/core/publisher/FluxSubscribeOnValue$ScheduledEmpty.class
target/shopcart-0.3.6/reactor/core/publisher/ParallelThen$ThenMain.class
target/shopcart-0.3.6/reactor/core/publisher/ParallelLog.class
target/shopcart-0.3.6/reactor/core/publisher/FluxOnAssembly$OnAssemblySubscriber.class
target/shopcart-0.3.6/reactor/core/publisher/MonoExtensionsKt$doOnError$1.class
target/shopcart-0.3.6/reactor/core/publisher/Flux.class
target/shopcart-0.3.6/reactor/core/publisher/InternalFluxOperator.class
target/shopcart-0.3.6/reactor/core/publisher/FluxZip.class
target/shopcart-0.3.6/reactor/core/publisher/FluxWithLatestFrom.class
target/shopcart-0.3.6/reactor/core/publisher/SinkEmptyMulticast$Inner.class
target/shopcart-0.3.6/reactor/core/publisher/MonoExtensionsKt$sam$java_util_function_Supplier$0.class
target/shopcart-0.3.6/reactor/core/publisher/ConnectableFlux.class
target/shopcart-0.3.6/reactor/core/publisher/FluxConcatMap$ConcatMapInner.class
target/shopcart-0.3.6/reactor/core/publisher/FluxRepeat$RepeatSubscriber.class
target/shopcart-0.3.6/reactor/core/publisher/StrictSubscriber.class
target/shopcart-0.3.6/reactor/core/publisher/FluxCallableOnAssembly.class
target/shopcart-0.3.6/reactor/core/publisher/FluxSwitchOnFirst$SwitchOnFirstMain.class
target/shopcart-0.3.6/reactor/core/publisher/FluxInterval$IntervalRunnable.class
target/shopcart-0.3.6/reactor/core/publisher/FluxBufferPredicate$BufferPredicateSubscriber.class
target/shopcart-0.3.6/reactor/core/publisher/FluxSkipUntilOther.class
target/shopcart-0.3.6/reactor/core/publisher/FluxRepeatWhen.class
target/shopcart-0.3.6/reactor/core/publisher/FluxMap$MapConditionalSubscriber.class
target/shopcart-0.3.6/reactor/core/publisher/Sinks$MulticastReplaySpec.class
target/shopcart-0.3.6/reactor/core/publisher/ParallelLift.class
target/shopcart-0.3.6/reactor/core/publisher/ParallelMergeSort.class
target/shopcart-0.3.6/reactor/core/publisher/FluxGroupJoin$GroupJoinSubscription.class
target/shopcart-0.3.6/reactor/core/publisher/MonoWhenFunctionsKt$zip$1.class
target/shopcart-0.3.6/reactor/core/publisher/MonoRepeatWhen.class
target/shopcart-0.3.6/reactor/core/publisher/MonoCollectList$MonoCollectListSubscriber.class
target/shopcart-0.3.6/reactor/core/publisher/Operators$1.class
target/shopcart-0.3.6/reactor/core/publisher/MonoIgnorePublisher.class
target/shopcart-0.3.6/reactor/core/publisher/FluxSwitchMapNoPrefetch$SwitchMapMain.class
target/shopcart-0.3.6/reactor/core/publisher/MonoCacheInvalidateWhen$CacheMonoSubscriber.class
target/shopcart-0.3.6/reactor/core/publisher/FluxHandle.class
target/shopcart-0.3.6/reactor/core/publisher/FluxDefaultIfEmpty.class
target/shopcart-0.3.6/reactor/core/publisher/ReplayProcessor.class
target/shopcart-0.3.6/reactor/core/publisher/DirectProcessor.class
target/shopcart-0.3.6/reactor/core/publisher/MonoNameFuseable.class
target/shopcart-0.3.6/reactor/core/publisher/FluxSkipUntil.class
target/shopcart-0.3.6/reactor/core/publisher/MonoFilterWhen$FilterWhenInner.class
target/shopcart-0.3.6/reactor/core/publisher/FluxFilter.class
target/shopcart-0.3.6/reactor/core/publisher/FluxTake$TakeFuseableSubscriber.class
target/shopcart-0.3.6/reactor/core/publisher/ParallelMergeSequential$MergeSequentialMain.class
target/shopcart-0.3.6/reactor/core/publisher/FluxBuffer$BufferExactSubscriber.class
target/shopcart-0.3.6/reactor/core/publisher/FluxIterable$IterableSubscriptionConditional.class
target/shopcart-0.3.6/reactor/core/publisher/FluxExtensionsKt$toIterable$1.class
target/shopcart-0.3.6/reactor/core/publisher/BufferOverflowStrategy.class
target/shopcart-0.3.6/reactor/core/publisher/MonoErrorSupplied.class
target/shopcart-0.3.6/reactor/core/publisher/FluxErrorOnRequest.class
target/shopcart-0.3.6/reactor/core/publisher/SinkEmptyMulticast$VoidInner.class
target/shopcart-0.3.6/reactor/core/publisher/FluxCreate$BufferAsyncSink.class
target/shopcart-0.3.6/reactor/core/publisher/FluxIndex$IndexSubscriber.class
target/shopcart-0.3.6/reactor/core/publisher/Traces.class
target/shopcart-0.3.6/reactor/core/publisher/FluxBufferPredicate.class
target/shopcart-0.3.6/reactor/core/publisher/FluxTimed$ImmutableTimed.class
target/shopcart-0.3.6/reactor/core/publisher/FluxPeek.class
target/shopcart-0.3.6/reactor/core/publisher/FluxConcatMap$1.class
target/shopcart-0.3.6/reactor/core/publisher/FluxHide$SuppressFuseableSubscriber.class
target/shopcart-0.3.6/reactor/core/publisher/FluxGroupJoin$LeftRightEndSubscriber.class
target/shopcart-0.3.6/reactor/core/publisher/MonoRepeat.class
target/shopcart-0.3.6/reactor/core/publisher/FluxFlatMap$FlatMapInner.class
target/shopcart-0.3.6/reactor/core/publisher/FluxGenerate.class
target/shopcart-0.3.6/reactor/core/publisher/FluxWindowWhen$WindowWhenCloseSubscriber.class
target/shopcart-0.3.6/reactor/core/publisher/MonoSourceFluxFuseable.class
target/shopcart-0.3.6/reactor/core/publisher/Sinks$EmitFailureHandler.class
target/shopcart-0.3.6/reactor/core/publisher/FluxUsingWhen$RollbackInner.class
target/shopcart-0.3.6/reactor/core/publisher/MonoPeek.class
target/shopcart-0.3.6/reactor/core/publisher/MonoCreate.class
target/shopcart-0.3.6/reactor/core/publisher/FluxAutoConnect.class
target/shopcart-0.3.6/reactor/core/publisher/FluxWindow$WindowSkipSubscriber.class
target/shopcart-0.3.6/reactor/core/publisher/FluxDoFinally$DoFinallyFuseableConditionalSubscriber.class
target/shopcart-0.3.6/reactor/core/publisher/MonoHasElements$HasElementsSubscriber.class
target/shopcart-0.3.6/reactor/core/publisher/FluxMap$MapSubscriber.class
target/shopcart-0.3.6/reactor/core/publisher/MonoSubscribeOnValue.class
target/shopcart-0.3.6/reactor/core/publisher/MonoDefer.class
target/shopcart-0.3.6/reactor/core/publisher/SinkEmptySerialized.class
target/shopcart-0.3.6/reactor/core/publisher/FluxDefer.class
target/shopcart-0.3.6/reactor/core/publisher/MonoAny.class
target/shopcart-0.3.6/reactor/core/publisher/FluxTakeWhile$TakeWhileSubscriber.class
target/shopcart-0.3.6/reactor/core/publisher/FluxJoin.class
target/shopcart-0.3.6/reactor/core/publisher/MonoElementAt.class
target/shopcart-0.3.6/reactor/core/publisher/FluxDelaySequence$DelaySubscriber.class
target/shopcart-0.3.6/reactor/core/publisher/ContextTrackingFunctionWrapper.class
target/shopcart-0.3.6/reactor/core/publisher/MonoSwitchIfEmpty.class
target/shopcart-0.3.6/reactor/core/publisher/InnerOperator.class
target/shopcart-0.3.6/reactor/core/publisher/MonoExtensionsKt$onErrorResume$1.class
target/shopcart-0.3.6/reactor/core/publisher/FluxFirstWithSignal$RaceCoordinator.class
target/shopcart-0.3.6/reactor/core/publisher/FluxSwitchMap.class
target/shopcart-0.3.6/reactor/core/publisher/FluxTakeLast$TakeLastZeroSubscriber.class
target/shopcart-0.3.6/reactor/core/publisher/FluxWindowTimeout.class
target/shopcart-0.3.6/reactor/core/publisher/FluxUsingWhen$ResourceSubscriber.class
target/shopcart-0.3.6/reactor/core/publisher/FluxZip$ZipSingleCoordinator.class
target/shopcart-0.3.6/reactor/core/publisher/EmitterProcessor.class
target/shopcart-0.3.6/reactor/core/publisher/FluxCreate$LatestAsyncSink.class
target/shopcart-0.3.6/reactor/core/publisher/FluxRepeatWhen$RepeatWhenOtherSubscriber.class
target/shopcart-0.3.6/reactor/core/publisher/MonoDelayUntil$DelayUntilCoordinator.class
target/shopcart-0.3.6/reactor/core/publisher/FluxCreate$SinkDisposable.class
target/shopcart-0.3.6/reactor/core/publisher/MonoDelayElement$DelayElementSubscriber.class
target/shopcart-0.3.6/reactor/core/publisher/FluxTakeUntilOther$TakeUntilOtherSubscriber.class
target/shopcart-0.3.6/reactor/core/publisher/MonoDoFirst.class
target/shopcart-0.3.6/reactor/core/publisher/FluxWindow$WindowOverlapSubscriber.class
target/shopcart-0.3.6/reactor/core/publisher/MonoIgnoreElements.class
target/shopcart-0.3.6/reactor/core/publisher/FluxMaterialize.class
target/shopcart-0.3.6/reactor/core/publisher/ParallelMap.class
target/shopcart-0.3.6/reactor/core/publisher/MonoRepeatPredicate.class
target/shopcart-0.3.6/reactor/core/publisher/FluxSkipUntil$SkipUntilSubscriber.class
target/shopcart-0.3.6/reactor/core/publisher/FluxPublish$PublishInner.class
target/shopcart-0.3.6/reactor/core/publisher/ConnectableFluxOnAssembly.class
target/shopcart-0.3.6/reactor/core/publisher/FluxMetricsFuseable.class
target/shopcart-0.3.6/reactor/core/publisher/OnNextFailureStrategy$ResumeStrategy.class
target/shopcart-0.3.6/reactor/core/publisher/UnicastManySinkNoBackpressure.class
target/shopcart-0.3.6/reactor/core/publisher/MonoCacheTime.class
target/shopcart-0.3.6/reactor/core/publisher/ParallelFlatMap.class
target/shopcart-0.3.6/reactor/core/publisher/MonoDelayElement.class
target/shopcart-0.3.6/reactor/core/publisher/UnicastManySinkNoBackpressure$State.class
target/shopcart-0.3.6/reactor/core/publisher/FluxWindowTimeout$WindowTimeoutSubscriber.class
target/shopcart-0.3.6/reactor/core/publisher/MonoOnErrorResume.class
target/shopcart-0.3.6/reactor/core/publisher/FluxConcatMap$WeakScalarSubscription.class
target/shopcart-0.3.6/reactor/core/publisher/MonoSubscribeOn.class
target/shopcart-0.3.6/reactor/core/publisher/FluxMetrics.class
target/shopcart-0.3.6/reactor/core/publisher/FluxRetry$RetrySubscriber.class
target/shopcart-0.3.6/reactor/core/publisher/Signal.class
target/shopcart-0.3.6/reactor/core/publisher/FluxTakeLastOne.class
target/shopcart-0.3.6/reactor/core/publisher/FluxDetach$DetachSubscriber.class
target/shopcart-0.3.6/reactor/core/publisher/FluxSwitchIfEmpty$SwitchIfEmptySubscriber.class
target/shopcart-0.3.6/reactor/core/publisher/MonoDelay.class
target/shopcart-0.3.6/reactor/core/publisher/SynchronousSink.class
target/shopcart-0.3.6/reactor/core/publisher/FluxFirstWithValue$RaceValuesCoordinator.class
target/shopcart-0.3.6/reactor/core/publisher/FluxPeekFuseable$PeekConditionalSubscriber.class
target/shopcart-0.3.6/reactor/core/publisher/MonoDelayUntil.class
target/shopcart-0.3.6/reactor/core/publisher/FluxFilterFuseable.class
target/shopcart-0.3.6/reactor/core/publisher/MonoAny$AnySubscriber.class
target/shopcart-0.3.6/reactor/core/publisher/DirectInnerContainer.class
target/shopcart-0.3.6/reactor/core/publisher/FluxElapsed.class
target/shopcart-0.3.6/reactor/core/publisher/Sinks$ManySpec.class
target/shopcart-0.3.6/reactor/core/publisher/FluxReplay$SizeBoundReplayBuffer$Node.class
target/shopcart-0.3.6/reactor/core/publisher/FluxDelaySequence.class
target/shopcart-0.3.6/reactor/core/publisher/GroupedLiftFuseable.class
target/shopcart-0.3.6/reactor/core/publisher/OnNextFailureStrategy.class
target/shopcart-0.3.6/reactor/core/publisher/SerializedSubscriber.class
target/shopcart-0.3.6/reactor/core/publisher/FluxScanSeed$ScanSeedCoordinator.class
target/shopcart-0.3.6/reactor/core/publisher/FluxDoOnEach$DoOnEachConditionalSubscriber.class
target/shopcart-0.3.6/reactor/core/publisher/FluxReplay$SizeAndTimeBoundReplayBuffer.class
target/shopcart-0.3.6/reactor/core/publisher/FluxDoFirst.class
target/shopcart-0.3.6/reactor/core/publisher/FluxSwitchOnFirst$AbstractSwitchOnFirstMain.class
target/shopcart-0.3.6/reactor/core/publisher/FluxMetricsFuseable$MetricsFuseableSubscriber.class
target/shopcart-0.3.6/reactor/core/publisher/FluxConcatMap$ErrorMode.class
target/shopcart-0.3.6/reactor/core/publisher/MonoIgnoreElement.class
target/shopcart-0.3.6/reactor/core/publisher/MonoUsingWhen$MonoUsingWhenSubscriber.class
target/shopcart-0.3.6/reactor/core/publisher/MonoProcessor.class
target/shopcart-0.3.6/reactor/core/publisher/FluxFirstWithValue.class
target/shopcart-0.3.6/reactor/core/publisher/FluxConcatMapNoPrefetch$FluxConcatMapNoPrefetchSubscriber$State.class
target/shopcart-0.3.6/reactor/core/publisher/MonoFirstWithValue.class
target/shopcart-0.3.6/reactor/core/publisher/MonoElapsed.class
target/shopcart-0.3.6/reactor/core/publisher/FluxUsingWhen.class
target/shopcart-0.3.6/reactor/core/publisher/FluxDelaySubscription.class
target/shopcart-0.3.6/reactor/core/publisher/MonoExtensionsKt$toMono$1.class
target/shopcart-0.3.6/reactor/core/publisher/FluxPublishMulticast$PublishMulticasterParent.class
target/shopcart-0.3.6/reactor/core/publisher/MonoReduceSeed.class
target/shopcart-0.3.6/reactor/core/publisher/MonoSequenceEqual$EqualCoordinator.class
target/shopcart-0.3.6/reactor/core/publisher/MonoHide.class
target/shopcart-0.3.6/reactor/core/publisher/ParallelThen$ThenInner.class
target/shopcart-0.3.6/reactor/core/publisher/FluxAutoConnectFuseable.class
target/shopcart-0.3.6/reactor/core/publisher/FluxFilterFuseable$FilterFuseableConditionalSubscriber.class
target/shopcart-0.3.6/reactor/core/publisher/MonoUsing$MonoUsingSubscriber.class
target/shopcart-0.3.6/reactor/core/publisher/MonoStreamCollector.class
target/shopcart-0.3.6/reactor/core/publisher/FluxArray$ArrayConditionalSubscription.class
target/shopcart-0.3.6/reactor/core/publisher/FluxSwitchMapNoPrefetch$SwitchMapInner.class
target/shopcart-0.3.6/reactor/core/publisher/FluxPublishMulticast$PublishMulticastInner.class
target/shopcart-0.3.6/reactor/core/publisher/FluxZipIterable.class
target/shopcart-0.3.6/reactor/core/publisher/MonoCurrentContext.class
target/shopcart-0.3.6/reactor/core/publisher/ParallelGroup.class
target/shopcart-0.3.6/reactor/core/publisher/MonoPublishMulticast$PublishMulticastInner.class
target/shopcart-0.3.6/reactor/core/publisher/FluxExtensionsKt$doOnError$1.class
target/shopcart-0.3.6/reactor/core/publisher/FluxSampleTimeout$SampleTimeoutMain.class
target/shopcart-0.3.6/reactor/core/publisher/ParallelMergeReduce.class
target/shopcart-0.3.6/reactor/core/publisher/FluxDoFinally$DoFinallyFuseableSubscriber.class
target/shopcart-0.3.6/reactor/core/publisher/FluxDelaySubscription$DelaySubscriptionOtherSubscriber.class
target/shopcart-0.3.6/reactor/core/publisher/FluxDistinctUntilChanged$DistinctUntilChangedSubscriber.class
target/shopcart-0.3.6/reactor/core/publisher/ParallelCollect.class
target/shopcart-0.3.6/reactor/core/publisher/FluxRange.class
target/shopcart-0.3.6/reactor/core/publisher/MonoPublishMulticast$MonoPublishMulticaster.class
target/shopcart-0.3.6/reactor/core/publisher/ContextTrackingFunctionWrapper$1.class
target/shopcart-0.3.6/reactor/core/publisher/FluxName.class
target/shopcart-0.3.6/reactor/core/publisher/MonoExtensionsKt$sam$java_util_concurrent_Callable$0.class
target/shopcart-0.3.6/reactor/core/publisher/FluxUsingWhen$CancelInner.class
target/shopcart-0.3.6/reactor/core/publisher/FluxExtensionsKt.class
target/shopcart-0.3.6/reactor/core/publisher/FluxFlatMap$FlatMapMain.class
target/shopcart-0.3.6/reactor/core/publisher/FluxIndexFuseable.class
target/shopcart-0.3.6/reactor/core/publisher/FluxTakeUntilOther.class
target/shopcart-0.3.6/reactor/core/publisher/Sinks$RootSpec.class
target/shopcart-0.3.6/reactor/core/publisher/MonoFilterWhen.class
target/shopcart-0.3.6/reactor/core/publisher/MonoNext$NextSubscriber.class
target/shopcart-0.3.6/reactor/core/publisher/FluxExtensionsKt$onErrorResume$1.class
target/shopcart-0.3.6/reactor/core/publisher/FluxPeekFuseable$PeekFuseableConditionalSubscriber.class
target/shopcart-0.3.6/reactor/core/publisher/InternalMonoOperator.class
target/shopcart-0.3.6/reactor/core/publisher/FluxBufferBoundary$BufferBoundaryOther.class
target/shopcart-0.3.6/reactor/core/publisher/FluxHandle$HandleConditionalSubscriber.class
target/shopcart-0.3.6/reactor/core/publisher/FluxCancelOn.class
target/shopcart-0.3.6/reactor/core/publisher/FluxTimeout$TimeoutTimeoutSubscriber.class
target/shopcart-0.3.6/reactor/core/publisher/FluxLift.class
target/shopcart-0.3.6/reactor/core/publisher/Operators$ConditionalSubscriberAdapter.class
target/shopcart-0.3.6/reactor/core/publisher/ParallelSource$ParallelSourceMain.class
target/shopcart-0.3.6/reactor/core/publisher/FluxLogFuseable.class
target/shopcart-0.3.6/reactor/core/publisher/FluxTimeout$TimeoutMainSubscriber.class
target/shopcart-0.3.6/reactor/core/publisher/FluxMapFuseable$MapFuseableConditionalSubscriber.class
target/shopcart-0.3.6/reactor/core/publisher/MonoNext.class
target/shopcart-0.3.6/reactor/core/publisher/MonoCacheInvalidateIf$1.class
target/shopcart-0.3.6/reactor/core/publisher/MonoWhen.class
target/shopcart-0.3.6/reactor/core/publisher/MonoZip$ZipCoordinator.class
target/shopcart-0.3.6/reactor/core/publisher/MonoDelay$MonoDelayRunnable.class
target/shopcart-0.3.6/reactor/core/publisher/FluxSample$SampleMainSubscriber.class
target/shopcart-0.3.6/reactor/core/publisher/SinkOneSerialized.class
target/shopcart-0.3.6/reactor/core/publisher/FluxDoFinally$DoFinallyConditionalSubscriber.class
target/shopcart-0.3.6/reactor/core/publisher/FluxNameFuseable.class
target/shopcart-0.3.6/reactor/core/publisher/MonoPeekTerminal.class
target/shopcart-0.3.6/reactor/core/publisher/FluxTimeout$IndexedCancellable.class
target/shopcart-0.3.6/reactor/core/publisher/EmitterProcessor$EmitterInner.class
target/shopcart-0.3.6/reactor/core/publisher/MonoCallable.class
target/shopcart-0.3.6/reactor/core/publisher/FluxDoOnEach$DoOnEachFuseableSubscriber.class
target/shopcart-0.3.6/reactor/core/publisher/MonoZip$ZipInner.class
target/shopcart-0.3.6/reactor/core/publisher/FluxSubscribeOnCallable.class
target/shopcart-0.3.6/reactor/core/publisher/NextProcessor.class
target/shopcart-0.3.6/reactor/core/publisher/FluxWindow.class
target/shopcart-0.3.6/reactor/core/publisher/MonoTakeUntilOther.class
target/shopcart-0.3.6/reactor/core/publisher/SinksSpecs.class
target/shopcart-0.3.6/reactor/core/publisher/FluxBuffer.class
target/shopcart-0.3.6/reactor/core/publisher/FluxSkipWhile.class
target/shopcart-0.3.6/reactor/core/publisher/FluxSkip$SkipSubscriber.class
target/shopcart-0.3.6/reactor/core/publisher/MonoWhenFunctionsKt$sam$java_util_function_Function$0.class
target/shopcart-0.3.6/reactor/core/publisher/MonoPublishOn$PublishOnSubscriber.class
target/shopcart-0.3.6/reactor/core/publisher/ParallelFilter.class
target/shopcart-0.3.6/reactor/core/publisher/Timed.class
target/shopcart-0.3.6/reactor/core/publisher/FluxSubscribeOn$SubscribeOnSubscriber.class
target/shopcart-0.3.6/reactor/core/publisher/FluxCreate$ErrorAsyncSink.class
target/shopcart-0.3.6/reactor/core/publisher/FluxExpand$ExpandBreathSubscriber.class
target/shopcart-0.3.6/reactor/core/publisher/FluxReplay$ReplaySubscription.class
target/shopcart-0.3.6/reactor/core/publisher/Traces$StackWalkerCallSiteSupplierFactory.class
target/shopcart-0.3.6/reactor/core/publisher/FluxGroupBy$UnicastGroupedFlux.class
target/shopcart-0.3.6/reactor/core/publisher/MonoDetach.class
target/shopcart-0.3.6/reactor/core/publisher/FluxSkipUntilOther$SkipUntilMainSubscriber.class
target/shopcart-0.3.6/reactor/core/publisher/FluxDetach.class
target/shopcart-0.3.6/reactor/core/publisher/MonoFromFluxOperator.class
target/shopcart-0.3.6/reactor/core/publisher/FluxOnBackpressureDrop.class
target/shopcart-0.3.6/reactor/core/publisher/FluxMergeComparing$MergeOrderedInnerSubscriber.class
target/shopcart-0.3.6/reactor/core/publisher/FluxDoOnEachFuseable.class
target/shopcart-0.3.6/reactor/core/publisher/MonoWhen$WhenCoordinator.class
target/shopcart-0.3.6/reactor/core/publisher/FluxBuffer$BufferOverlappingSubscriber.class
target/shopcart-0.3.6/reactor/core/publisher/FluxRepeatPredicate$RepeatPredicateSubscriber.class
target/shopcart-0.3.6/reactor/core/publisher/InternalConnectableFluxOperator.class
target/shopcart-0.3.6/reactor/core/publisher/FluxIndex$NullSafeIndexMapper.class
target/shopcart-0.3.6/reactor/core/publisher/FluxOnAssembly$CheckpointLightSnapshot.class
target/shopcart-0.3.6/reactor/core/publisher/FluxUsingWhen$CommitInner.class
target/shopcart-0.3.6/reactor/core/publisher/SinkOneMulticast.class
target/shopcart-0.3.6/reactor/core/publisher/Flux$3.class
target/shopcart-0.3.6/reactor/core/publisher/FluxSampleFirst$SampleFirstMain.class
target/shopcart-0.3.6/reactor/core/publisher/FluxTakeUntilOther$TakeUntilMainSubscriber.class
target/shopcart-0.3.6/reactor/core/publisher/Operators$MonoInnerProducerBase.class
target/shopcart-0.3.6/reactor/core/publisher/SinkEmptyMulticast.class
target/shopcart-0.3.6/reactor/core/publisher/FluxDelaySubscription$DelaySubscriptionMainSubscriber.class
target/shopcart-0.3.6/reactor/core/publisher/FluxWindowWhen.class
target/shopcart-0.3.6/reactor/core/publisher/MonoWhenFunctionsKt.class
target/shopcart-0.3.6/reactor/core/publisher/MonoDelaySubscription.class
target/shopcart-0.3.6/reactor/core/publisher/FluxRepeat.class
target/shopcart-0.3.6/reactor/core/publisher/FluxHandleFuseable$HandleFuseableSubscriber.class
target/shopcart-0.3.6/reactor/core/publisher/FluxMapSignal.class
target/shopcart-0.3.6/reactor/core/publisher/MonoDoFinally.class
target/shopcart-0.3.6/reactor/core/publisher/MonoMetrics$MetricsSubscriber.class
target/shopcart-0.3.6/reactor/core/publisher/FluxRefCountGrace$RefConnection.class
target/shopcart-0.3.6/reactor/core/publisher/FluxScan.class
target/shopcart-0.3.6/reactor/core/publisher/ParallelFluxHide.class
target/shopcart-0.3.6/reactor/core/publisher/FluxOnBackpressureLatest.class
target/shopcart-0.3.6/reactor/core/publisher/FluxZip$ZipCoordinator.class
target/shopcart-0.3.6/reactor/core/publisher/MonoTakeLastOne$TakeLastOneSubscriber.class
target/shopcart-0.3.6/reactor/core/publisher/Operators$MonoSubscriber.class
target/shopcart-0.3.6/reactor/core/publisher/InternalManySink.class
target/shopcart-0.3.6/reactor/core/publisher/FluxSkipWhile$SkipWhileSubscriber.class
target/shopcart-0.3.6/reactor/core/publisher/FluxMap.class
target/shopcart-0.3.6/reactor/core/publisher/FluxFilter$FilterSubscriber.class
target/shopcart-0.3.6/reactor/core/publisher/MonoFlattenIterable.class
target/shopcart-0.3.6/reactor/core/publisher/MonoCallableOnAssembly.class
target/shopcart-0.3.6/reactor/core/publisher/MonoStreamCollector$StreamCollectorSubscriber.class
target/shopcart-0.3.6/reactor/core/publisher/MonoSequenceEqual.class
target/shopcart-0.3.6/reactor/core/publisher/MonoHasElements.class
target/shopcart-0.3.6/reactor/core/publisher/FluxOnBackpressureBuffer$BackpressureBufferSubscriber.class
target/shopcart-0.3.6/reactor/core/publisher/FluxOnAssembly$AssemblySnapshot.class
target/shopcart-0.3.6/reactor/core/publisher/FluxPublishOn$PublishOnConditionalSubscriber.class
target/shopcart-0.3.6/reactor/core/publisher/MonoMetrics.class
target/shopcart-0.3.6/reactor/core/publisher/FluxSkipLast.class
target/shopcart-0.3.6/reactor/core/publisher/FluxProcessor.class
target/shopcart-0.3.6/reactor/core/publisher/FluxUsing.class
target/shopcart-0.3.6/reactor/core/publisher/FluxDistinct$DistinctFuseableSubscriber.class
target/shopcart-0.3.6/reactor/core/publisher/MonoDefaultIfEmpty.class
target/shopcart-0.3.6/reactor/core/publisher/ParallelThen.class
target/shopcart-0.3.6/reactor/core/publisher/FluxWithLatestFrom$WithLatestFromOtherSubscriber.class
target/shopcart-0.3.6/reactor/core/publisher/FluxIndex.class
target/shopcart-0.3.6/reactor/core/publisher/FluxBuffer$BufferSkipSubscriber.class
target/shopcart-0.3.6/reactor/core/publisher/FluxRetryWhen.class
target/shopcart-0.3.6/reactor/core/publisher/Sinks$Empty.class
target/shopcart-0.3.6/reactor/core/publisher/MonoSingleCallable.class
target/shopcart-0.3.6/reactor/core/publisher/SinksSpecs$UnicastSpecImpl.class
target/shopcart-0.3.6/reactor/core/publisher/ConnectableLift.class
target/shopcart-0.3.6/reactor/core/publisher/BlockingIterable.class
target/shopcart-0.3.6/reactor/core/publisher/FluxGroupBy.class
target/shopcart-0.3.6/reactor/core/publisher/MonoExtensionsKt.class
target/shopcart-0.3.6/reactor/core/publisher/FluxReplay$ReplaySubscriber.class
target/shopcart-0.3.6/reactor/core/publisher/MonoSource.class
target/shopcart-0.3.6/reactor/core/publisher/ParallelReduceSeed.class
target/shopcart-0.3.6/reactor/core/publisher/MonoSequenceEqual$EqualSubscriber.class
target/shopcart-0.3.6/reactor/core/publisher/FluxExtensionsKt$switchIfEmpty$1.class
target/shopcart-0.3.6/reactor/core/publisher/FluxWindowTimeout$WindowTimeoutSubscriber$ConsumerIndexHolder.class
target/shopcart-0.3.6/reactor/core/publisher/SinksSpecs$AbstractSerializedSink.class
target/shopcart-0.3.6/reactor/core/publisher/MonoMaterialize$MaterializeSubscriber.class
target/shopcart-0.3.6/reactor/core/publisher/BlockingMonoSubscriber.class
target/shopcart-0.3.6/reactor/core/publisher/MonoExpand.class
target/shopcart-0.3.6/reactor/core/publisher/MonoLift.class
target/shopcart-0.3.6/reactor/core/publisher/FluxSwitchMap$SwitchMapMain.class
target/shopcart-0.3.6/reactor/core/publisher/FluxOnBackpressureBufferTimeout$BackpressureBufferTimeoutSubscriber.class
target/shopcart-0.3.6/reactor/core/publisher/FluxReplay$ReplayBuffer.class
target/shopcart-0.3.6/reactor/core/publisher/FluxPublishOn.class
target/shopcart-0.3.6/reactor/core/publisher/FluxTakeFuseable.class
target/shopcart-0.3.6/reactor/core/publisher/MonoEmpty.class
target/shopcart-0.3.6/reactor/core/publisher/FluxTimeout$TimeoutOtherSubscriber.class
target/shopcart-0.3.6/reactor/core/publisher/MonoExtensionsKt$onErrorMap$1.class
target/shopcart-0.3.6/reactor/core/publisher/FluxCreate$SerializeOnRequestSink.class
target/shopcart-0.3.6/reactor/core/publisher/FluxGroupJoin.class
target/shopcart-0.3.6/reactor/core/publisher/FluxUsing$UsingConditionalSubscriber.class
target/shopcart-0.3.6/reactor/core/publisher/FluxHandleFuseable$HandleFuseableConditionalSubscriber.class
target/shopcart-0.3.6/reactor/core/publisher/MonoTakeLastOne.class
target/shopcart-0.3.6/reactor/core/publisher/Traces$SharedSecretsCallSiteSupplierFactory.class
target/shopcart-0.3.6/reactor/core/publisher/SinkManyBestEffort$DirectInner.class
target/shopcart-0.3.6/reactor/core/publisher/Flux$2.class
target/shopcart-0.3.6/reactor/core/publisher/QueueDrainSubscriberPad0.class
target/shopcart-0.3.6/reactor/core/publisher/MonoCacheInvalidateIf$ValueState.class
target/shopcart-0.3.6/reactor/core/publisher/FluxReplay$UnboundedReplayBuffer.class
target/shopcart-0.3.6/reactor/core/publisher/FluxUsingWhen$UsingWhenParent.class
target/shopcart-0.3.6/reactor/core/publisher/FluxReplay$SizeAndTimeBoundReplayBuffer$TimedNode.class
target/shopcart-0.3.6/reactor/core/publisher/SinkManySerialized.class
target/shopcart-0.3.6/reactor/core/publisher/ImmutableSignal$1.class
target/shopcart-0.3.6/reactor/core/publisher/FluxTimed$TimedSubscriber.class
target/shopcart-0.3.6/reactor/core/publisher/SignalPeek.class
target/shopcart-0.3.6/reactor/core/publisher/InternalOneSink.class
target/shopcart-0.3.6/reactor/core/publisher/FluxSourceFuseable.class
target/shopcart-0.3.6/reactor/core/publisher/MonoCompletionStage.class
target/shopcart-0.3.6/reactor/core/publisher/FluxElapsed$ElapsedSubscriber.class
target/shopcart-0.3.6/reactor/core/publisher/MonoLog.class
target/shopcart-0.3.6/reactor/core/publisher/FluxSwitchOnFirst.class
target/shopcart-0.3.6/reactor/core/publisher/FluxRefCountGrace$RefCountInner.class
target/shopcart-0.3.6/reactor/core/publisher/MonoReduce$ReduceSubscriber.class
target/shopcart-0.3.6/reactor/core/publisher/InnerProducer.class
target/shopcart-0.3.6/reactor/core/publisher/FluxFilterWhen$FilterWhenInner.class
target/shopcart-0.3.6/reactor/core/publisher/FluxOnAssembly$MethodReturnSnapshot.class
target/shopcart-0.3.6/reactor/core/publisher/MonoUsing.class
target/shopcart-0.3.6/reactor/core/publisher/Traces$ExceptionCallSiteSupplierFactory$TracingException.class
target/shopcart-0.3.6/reactor/core/publisher/FluxDoFirstFuseable.class
target/shopcart-0.3.6/reactor/core/publisher/MonoIgnoreThen$ThenIgnoreMain.class
target/shopcart-0.3.6/reactor/core/publisher/BlockingFirstSubscriber.class
target/shopcart-0.3.6/reactor/core/publisher/FluxSample$SampleOther.class
target/shopcart-0.3.6/reactor/core/publisher/MonoPeekFuseable.class
target/shopcart-0.3.6/reactor/core/publisher/FluxReplay.class
target/shopcart-0.3.6/reactor/core/publisher/FluxArray$ArraySubscription.class
target/shopcart-0.3.6/reactor/core/publisher/FluxSink.class
target/shopcart-0.3.6/reactor/core/publisher/FluxHide$HideSubscriber.class
target/shopcart-0.3.6/reactor/core/publisher/FluxExtensionsKt$toFlux$1.class
target/shopcart-0.3.6/reactor/util/annotation/NonNullApi.class
target/shopcart-0.3.6/reactor/util/annotation/NonNull.class
target/shopcart-0.3.6/reactor/util/annotation/Nullable.class
target/shopcart-0.3.6/reactor/core/publisher/BaseSubscriber.class
target/shopcart-0.3.6/reactor/core/publisher/FluxDelaySequence$DelaySubscriber$OnComplete.class
target/shopcart-0.3.6/reactor/core/publisher/FluxTake$TakeSubscriber.class
target/shopcart-0.3.6/reactor/util/Logger$ChoiceOfMessageSupplier.class
target/shopcart-0.3.6/reactor/core/publisher/MonoCacheInvalidateIf.class
target/shopcart-0.3.6/reactor/util/Loggers$ConsoleLogger.class
target/shopcart-0.3.6/reactor/core/publisher/MonoReduce.class
target/shopcart-0.3.6/reactor/util/retry/Retry$2.class
target/shopcart-0.3.6/reactor/util/retry/Retry.class
target/shopcart-0.3.6/reactor/util/retry/ImmutableRetrySignal.class
target/shopcart-0.3.6/reactor/util/Loggers$ConsoleLoggerFactory.class
target/shopcart-0.3.6/reactor/util/retry/Retry$RetrySignal.class
target/shopcart-0.3.6/reactor/core/publisher/FluxWindowPredicate$WindowPredicateMain.class
target/shopcart-0.3.6/reactor/util/retry/Retry$1.class
target/shopcart-0.3.6/reactor/core/publisher/FluxBufferWhen$BufferWhenMainSubscriber.class
target/shopcart-0.3.6/reactor/util/context/Context1.class
target/shopcart-0.3.6/reactor/util/context/Context2.class
target/shopcart-0.3.6/reactor/util/context/Context.class
target/shopcart-0.3.6/reactor/util/retry/RetrySpec.class
target/shopcart-0.3.6/reactor/util/context/Context3.class
target/shopcart-0.3.6/reactor/util/context/package-info.class
target/shopcart-0.3.6/reactor/util/context/Context4.class
target/shopcart-0.3.6/reactor/util/context/ContextView.class
target/shopcart-0.3.6/reactor/util/context/Context0.class
target/shopcart-0.3.6/reactor/util/context/Context5.class
target/shopcart-0.3.6/reactor/util/package-info.class
target/shopcart-0.3.6/reactor/util/retry/RetryBackoffSpec.class
target/shopcart-0.3.6/reactor/util/context/CoreContext.class
target/shopcart-0.3.6/reactor/util/context/ContextN.class
target/shopcart-0.3.6/reactor/util/Metrics.class
target/shopcart-0.3.6/reactor/util/concurrent/SpscArrayQueueProducer.class
target/shopcart-0.3.6/reactor/util/Metrics$MicrometerConfiguration.class
target/shopcart-0.3.6/reactor/util/Loggers$Slf4JLogger.class
target/shopcart-0.3.6/reactor/util/concurrent/Queues$ZeroQueue.class
target/shopcart-0.3.6/reactor/util/concurrent/Queues$OneQueue.class
target/shopcart-0.3.6/reactor/util/concurrent/SpscArrayQueueP2.class
target/shopcart-0.3.6/reactor/util/concurrent/SpscArrayQueueP3.class
target/shopcart-0.3.6/reactor/util/concurrent/SpscArrayQueueConsumer.class
target/shopcart-0.3.6/reactor/util/concurrent/SpscArrayQueue.class
target/shopcart-0.3.6/reactor/util/concurrent/package-info.class
target/shopcart-0.3.6/reactor/util/concurrent/Queues$QueueIterator.class
target/shopcart-0.3.6/reactor/util/concurrent/SpscArrayQueueCold.class
target/shopcart-0.3.6/reactor/util/Loggers$1.class
target/shopcart-0.3.6/reactor/util/concurrent/MpscLinkedQueue.class
target/shopcart-0.3.6/reactor/util/concurrent/SpscArrayQueueP1.class
target/shopcart-0.3.6/reactor/util/function/Tuples$1.class
target/shopcart-0.3.6/reactor/util/function/package-info.class
target/shopcart-0.3.6/reactor/util/concurrent/MpscLinkedQueue$LinkedQueueNode.class
target/shopcart-0.3.6/reactor/util/Loggers$JdkLogger.class
target/shopcart-0.3.6/reactor/util/concurrent/Queues.class
target/shopcart-0.3.6/reactor/util/function/Tuple3.class
target/shopcart-0.3.6/reactor/util/Loggers.class
target/shopcart-0.3.6/reactor/util/concurrent/SpscLinkedArrayQueue.class
target/shopcart-0.3.6/reactor/util/function/Tuple7.class
target/shopcart-0.3.6/reactor/adapter/JdkFlowAdapter$1.class
target/shopcart-0.3.6/reactor/util/Loggers$Slf4JLoggerFactory.class
target/shopcart-0.3.6/reactor/util/function/Tuple5.class
target/shopcart-0.3.6/reactor/util/function/Tuple6.class
target/shopcart-0.3.6/reactor/adapter/JdkFlowAdapter$FlowPublisherAsFlux.class
target/shopcart-0.3.6/reactor/util/function/TupleExtensionsKt.class
target/shopcart-0.3.6/reactor/adapter/package-info.class
target/shopcart-0.3.6/reactor/util/Logger.class
target/shopcart-0.3.6/reactor/adapter/JdkFlowAdapter$SubscriberToRS.class
target/shopcart-0.3.6/reactor/util/function/Tuple2.class
target/shopcart-0.3.6/reactor/util/function/Tuple4.class
target/shopcart-0.3.6/jakarta/annotation/sql/DataSourceDefinition.class
target/shopcart-0.3.6/reactor/util/function/Tuple8.class
target/shopcart-0.3.6/reactor/util/Loggers$JdkLoggerFactory.class
target/shopcart-0.3.6/reactor/adapter/JdkFlowAdapter$PublisherAsFlowPublisher.class
target/shopcart-0.3.6/jakarta/annotation/sql/DataSourceDefinitions.class
target/shopcart-0.3.6/jakarta/annotation/PostConstruct.class
target/shopcart-0.3.6/jakarta/annotation/Resource.class
target/shopcart-0.3.6/jakarta/annotation/Generated.class
target/shopcart-0.3.6/reactor/util/function/Tuples.class
target/shopcart-0.3.6/reactor/adapter/JdkFlowAdapter$FlowSubscriber.class
target/shopcart-0.3.6/jakarta/annotation/Priority.class
target/shopcart-0.3.6/jakarta/annotation/Resources.class
target/shopcart-0.3.6/jakarta/annotation/ManagedBean.class
target/shopcart-0.3.6/reactor/adapter/JdkFlowAdapter.class
target/shopcart-0.3.6/jakarta/annotation/Resource$AuthenticationType.class
target/shopcart-0.3.6/jakarta/annotation/PreDestroy.class
target/shopcart-0.3.6/jakarta/inject/Inject.class
target/shopcart-0.3.6/jakarta/annotation/security/RunAs.class
target/shopcart-0.3.6/jakarta/annotation/security/DenyAll.class
target/shopcart-0.3.6/jakarta/annotation/security/PermitAll.class
target/shopcart-0.3.6/jakarta/inject/Singleton.class
target/shopcart-0.3.6/jakarta/annotation/security/RolesAllowed.class
target/shopcart-0.3.6/org/slf4j/IMarkerFactory.class
target/shopcart-0.3.6/jakarta/annotation/security/DeclareRoles.class
target/shopcart-0.3.6/jakarta/inject/Scope.class
target/shopcart-0.3.6/jakarta/inject/Named.class
target/shopcart-0.3.6/jakarta/inject/Qualifier.class
target/shopcart-0.3.6/jakarta/inject/Provider.class
target/shopcart-0.3.6/org/slf4j/spi/LocationAwareLogger.class
target/shopcart-0.3.6/org/slf4j/MDC$1.class
target/shopcart-0.3.6/org/slf4j/Marker.class
target/shopcart-0.3.6/org/slf4j/spi/MarkerFactoryBinder.class
target/shopcart-0.3.6/org/slf4j/spi/LoggerFactoryBinder.class
target/shopcart-0.3.6/org/slf4j/event/LoggingEvent.class
target/shopcart-0.3.6/org/slf4j/MDC$MDCCloseable.class
target/shopcart-0.3.6/org/slf4j/MDC.class
target/shopcart-0.3.6/org/slf4j/event/EventConstants.class
target/shopcart-0.3.6/org/slf4j/event/EventRecodingLogger.class
target/shopcart-0.3.6/org/slf4j/spi/MDCAdapter.class
target/shopcart-0.3.6/org/slf4j/helpers/Util$1.class
target/shopcart-0.3.6/org/slf4j/impl/StaticMarkerBinder.class
target/shopcart-0.3.6/org/slf4j/helpers/NOPMDCAdapter.class
target/shopcart-0.3.6/org/slf4j/helpers/NamedLoggerBase.class
target/shopcart-0.3.6/org/slf4j/helpers/SubstituteLoggerFactory.class
target/shopcart-0.3.6/org/slf4j/event/SubstituteLoggingEvent.class
target/shopcart-0.3.6/org/slf4j/impl/StaticMDCBinder.class
target/shopcart-0.3.6/org/slf4j/LoggerFactory.class
target/shopcart-0.3.6/org/slf4j/event/Level.class
target/shopcart-0.3.6/org/slf4j/impl/StaticLoggerBinder.class
target/shopcart-0.3.6/org/slf4j/helpers/NOPLoggerFactory.class
target/shopcart-0.3.6/org/slf4j/MarkerFactory.class
target/shopcart-0.3.6/org/slf4j/helpers/Util$ClassContextSecurityManager.class
target/shopcart-0.3.6/org/slf4j/helpers/BasicMarkerFactory.class
target/shopcart-0.3.6/org/slf4j/helpers/FormattingTuple.class
target/shopcart-0.3.6/org/slf4j/helpers/BasicMarker.class
target/shopcart-0.3.6/org/slf4j/Logger.class
target/shopcart-0.3.6/org/slf4j/ILoggerFactory.class
target/shopcart-0.3.6/org/slf4j/helpers/Util.class
target/shopcart-0.3.6/org/reactivestreams/Publisher.class
target/shopcart-0.3.6/org/slf4j/helpers/MarkerIgnoringBase.class
target/shopcart-0.3.6/org/slf4j/helpers/BasicMDCAdapter$1.class
target/shopcart-0.3.6/org/slf4j/helpers/BasicMDCAdapter.class
target/shopcart-0.3.6/org/slf4j/helpers/NOPLogger.class
target/shopcart-0.3.6/org/reactivestreams/FlowAdapters$FlowPublisherFromReactive.class
target/shopcart-0.3.6/org/reactivestreams/Processor.class
target/shopcart-0.3.6/org/reactivestreams/FlowAdapters$ReactiveToFlowSubscriber.class
target/shopcart-0.3.6/org/reactivestreams/FlowAdapters$ReactiveToFlowSubscription.class
target/shopcart-0.3.6/org/reactivestreams/Subscription.class
target/shopcart-0.3.6/org/reactivestreams/FlowAdapters$FlowToReactiveProcessor.class
target/shopcart-0.3.6/org/reactivestreams/Subscriber.class
target/shopcart-0.3.6/org/slf4j/helpers/MessageFormatter.class
target/shopcart-0.3.6/org/reactivestreams/FlowAdapters$ReactivePublisherFromFlow.class
target/shopcart-0.3.6/org/reactivestreams/FlowAdapters$ReactiveToFlowProcessor.class
target/shopcart-0.3.6/org/reactivestreams/FlowAdapters.class
target/shopcart-0.3.6/org/checkerframework/dataflow/qual/TerminatesExecution.class
target/shopcart-0.3.6/org/checkerframework/dataflow/qual/SideEffectFree.class
target/shopcart-0.3.6/org/checkerframework/dataflow/qual/Deterministic.class
target/shopcart-0.3.6/org/slf4j/helpers/SubstituteLogger.class
target/shopcart-0.3.6/org/checkerframework/dataflow/qual/Pure.class
target/shopcart-0.3.6/org/checkerframework/checker/signedness/qual/PolySigned.class
target/shopcart-0.3.6/org/reactivestreams/FlowAdapters$FlowToReactiveSubscription.class
target/shopcart-0.3.6/org/checkerframework/checker/signedness/qual/SignedPositiveFromUnsigned.class
target/shopcart-0.3.6/org/checkerframework/checker/signedness/qual/UnknownSignedness.class
target/shopcart-0.3.6/org/checkerframework/checker/signedness/qual/Unsigned.class
target/shopcart-0.3.6/org/checkerframework/dataflow/qual/Pure$Kind.class
target/shopcart-0.3.6/org/checkerframework/checker/signedness/qual/Signed.class
target/shopcart-0.3.6/org/reactivestreams/FlowAdapters$FlowToReactiveSubscriber.class
target/shopcart-0.3.6/org/checkerframework/checker/signedness/qual/SignednessGlb.class
target/shopcart-0.3.6/org/checkerframework/checker/signedness/qual/SignedPositive.class
target/shopcart-0.3.6/org/checkerframework/checker/signedness/qual/SignednessBottom.class
target/shopcart-0.3.6/org/checkerframework/checker/builder/qual/NotCalledMethods.class
target/shopcart-0.3.6/org/checkerframework/checker/builder/qual/CalledMethods.class
target/shopcart-0.3.6/org/checkerframework/checker/builder/qual/ReturnsReceiver.class
target/shopcart-0.3.6/org/checkerframework/checker/regex/qual/PartialRegex.class
target/shopcart-0.3.6/org/checkerframework/checker/regex/qual/PolyRegex.class
target/shopcart-0.3.6/org/checkerframework/checker/propkey/qual/UnknownPropertyKey.class
target/shopcart-0.3.6/org/checkerframework/checker/propkey/qual/PropertyKeyBottom.class
target/shopcart-0.3.6/org/checkerframework/checker/regex/qual/RegexBottom.class
target/shopcart-0.3.6/org/checkerframework/checker/regex/qual/UnknownRegex.class
target/shopcart-0.3.6/org/checkerframework/checker/regex/qual/Regex.class
target/shopcart-0.3.6/org/checkerframework/checker/propkey/qual/PropertyKey.class
target/shopcart-0.3.6/org/checkerframework/checker/interning/qual/UsesObjectEquals.class
target/shopcart-0.3.6/org/checkerframework/checker/interning/qual/InternMethod.class
target/shopcart-0.3.6/org/checkerframework/checker/compilermsgs/qual/CompilerMessageKeyBottom.class
target/shopcart-0.3.6/org/checkerframework/checker/compilermsgs/qual/CompilerMessageKey.class
target/shopcart-0.3.6/org/checkerframework/checker/compilermsgs/qual/UnknownCompilerMessageKey.class
target/shopcart-0.3.6/org/checkerframework/checker/interning/qual/PolyInterned.class
target/shopcart-0.3.6/org/checkerframework/checker/interning/qual/FindDistinct.class
target/shopcart-0.3.6/org/checkerframework/checker/interning/qual/InternedDistinct.class
target/shopcart-0.3.6/org/checkerframework/checker/interning/qual/Interned.class
target/shopcart-0.3.6/org/checkerframework/checker/interning/qual/CompareToMethod.class
target/shopcart-0.3.6/org/checkerframework/checker/interning/qual/UnknownInterned.class
target/shopcart-0.3.6/org/checkerframework/checker/index/qual/LessThanBottom.class
target/shopcart-0.3.6/org/checkerframework/checker/interning/qual/EqualsMethod.class
target/shopcart-0.3.6/org/checkerframework/checker/index/qual/LTOMLengthOf.class
target/shopcart-0.3.6/org/checkerframework/checker/index/qual/PolyIndex.class
target/shopcart-0.3.6/org/checkerframework/checker/index/qual/SubstringIndexUnknown.class
target/shopcart-0.3.6/org/checkerframework/checker/index/qual/Positive.class
target/shopcart-0.3.6/org/checkerframework/checker/index/qual/SearchIndexUnknown.class
target/shopcart-0.3.6/org/checkerframework/checker/index/qual/PolySameLen.class
target/shopcart-0.3.6/org/checkerframework/checker/index/qual/LTLengthOf.class
target/shopcart-0.3.6/org/checkerframework/checker/index/qual/GTENegativeOne.class
target/shopcart-0.3.6/org/checkerframework/checker/index/qual/LTEqLengthOf.class
target/shopcart-0.3.6/org/checkerframework/checker/index/qual/IndexFor.class
target/shopcart-0.3.6/org/checkerframework/checker/index/qual/PolyLowerBound.class
target/shopcart-0.3.6/org/checkerframework/checker/index/qual/UpperBoundBottom.class
target/shopcart-0.3.6/org/checkerframework/checker/index/qual/LowerBoundUnknown.class
target/shopcart-0.3.6/org/checkerframework/checker/index/qual/SubstringIndexBottom.class
target/shopcart-0.3.6/org/checkerframework/checker/index/qual/EnsuresLTLengthOfIf$List.class
target/shopcart-0.3.6/org/checkerframework/checker/index/qual/SameLenBottom.class
target/shopcart-0.3.6/org/checkerframework/checker/index/qual/SearchIndexBottom.class
target/shopcart-0.3.6/org/checkerframework/checker/index/qual/IndexOrHigh.class
target/shopcart-0.3.6/org/checkerframework/checker/index/qual/IndexOrLow.class
target/shopcart-0.3.6/org/checkerframework/checker/index/qual/EnsuresLTLengthOf.class
target/shopcart-0.3.6/org/checkerframework/checker/index/qual/UpperBoundUnknown.class
target/shopcart-0.3.6/org/checkerframework/checker/index/qual/LessThan.class
target/shopcart-0.3.6/org/checkerframework/checker/index/qual/NonNegative.class
target/shopcart-0.3.6/org/checkerframework/checker/index/qual/SearchIndexFor.class
target/shopcart-0.3.6/org/checkerframework/checker/index/qual/SameLenUnknown.class
target/shopcart-0.3.6/org/checkerframework/checker/index/qual/HasSubsequence.class
target/shopcart-0.3.6/org/checkerframework/checker/index/qual/SameLen.class
target/shopcart-0.3.6/org/checkerframework/checker/index/qual/LessThanUnknown.class
target/shopcart-0.3.6/org/checkerframework/checker/index/qual/SubstringIndexFor.class
target/shopcart-0.3.6/org/checkerframework/checker/index/qual/EnsuresLTLengthOf$List.class
target/shopcart-0.3.6/org/checkerframework/checker/index/qual/LengthOf.class
target/shopcart-0.3.6/org/checkerframework/checker/index/qual/EnsuresLTLengthOfIf.class
target/shopcart-0.3.6/org/checkerframework/checker/index/qual/PolyUpperBound.class
target/shopcart-0.3.6/org/checkerframework/checker/optional/qual/MaybePresent.class
target/shopcart-0.3.6/org/checkerframework/checker/index/qual/PolyLength.class
target/shopcart-0.3.6/org/checkerframework/checker/index/qual/LowerBoundBottom.class
target/shopcart-0.3.6/org/checkerframework/checker/units/qual/Luminance.class
target/shopcart-0.3.6/org/checkerframework/checker/units/qual/s.class
target/shopcart-0.3.6/org/checkerframework/checker/index/qual/NegativeIndexFor.class
target/shopcart-0.3.6/org/checkerframework/checker/units/qual/Mass.class
target/shopcart-0.3.6/org/checkerframework/checker/optional/qual/PolyPresent.class
target/shopcart-0.3.6/org/checkerframework/checker/optional/qual/Present.class
target/shopcart-0.3.6/org/checkerframework/checker/units/qual/Area.class
target/shopcart-0.3.6/org/checkerframework/checker/units/qual/Time.class
target/shopcart-0.3.6/org/checkerframework/checker/units/qual/UnitsBottom.class
target/shopcart-0.3.6/org/checkerframework/checker/units/qual/min.class
target/shopcart-0.3.6/org/checkerframework/checker/units/qual/K.class
target/shopcart-0.3.6/org/checkerframework/checker/units/qual/Substance.class
target/shopcart-0.3.6/org/checkerframework/checker/units/qual/Speed.class
target/shopcart-0.3.6/org/checkerframework/checker/units/qual/m2.class
target/shopcart-0.3.6/org/checkerframework/checker/units/qual/Current.class
target/shopcart-0.3.6/org/checkerframework/checker/units/qual/UnitsRelations.class
target/shopcart-0.3.6/org/checkerframework/checker/units/qual/UnknownUnits.class
target/shopcart-0.3.6/org/checkerframework/checker/units/qual/mPERs2.class
target/shopcart-0.3.6/org/checkerframework/checker/units/qual/Prefix.class
target/shopcart-0.3.6/org/checkerframework/checker/units/qual/km2.class
target/shopcart-0.3.6/org/checkerframework/checker/units/qual/mm.class
target/shopcart-0.3.6/org/checkerframework/checker/units/qual/kg.class
target/shopcart-0.3.6/org/checkerframework/checker/units/qual/mm2.class
target/shopcart-0.3.6/org/checkerframework/checker/units/qual/mPERs.class
target/shopcart-0.3.6/org/checkerframework/checker/units/qual/Length.class
target/shopcart-0.3.6/org/checkerframework/checker/units/qual/A.class
target/shopcart-0.3.6/org/checkerframework/checker/units/qual/Angle.class
target/shopcart-0.3.6/org/checkerframework/checker/units/qual/Temperature.class
target/shopcart-0.3.6/org/checkerframework/checker/units/qual/C.class
target/shopcart-0.3.6/org/checkerframework/checker/units/qual/cd.class
target/shopcart-0.3.6/org/checkerframework/checker/units/qual/h.class
target/shopcart-0.3.6/org/checkerframework/checker/units/qual/radians.class
target/shopcart-0.3.6/org/checkerframework/checker/units/qual/Acceleration.class
target/shopcart-0.3.6/org/checkerframework/checker/units/qual/MixedUnits.class
target/shopcart-0.3.6/org/checkerframework/checker/units/qual/kmPERh.class
target/shopcart-0.3.6/org/checkerframework/checker/units/qual/m.class
target/shopcart-0.3.6/org/checkerframework/checker/units/qual/mol.class
target/shopcart-0.3.6/org/checkerframework/checker/units/qual/g.class
target/shopcart-0.3.6/org/checkerframework/checker/signature/qual/BinaryNameOrPrimitiveType.class
target/shopcart-0.3.6/org/checkerframework/checker/signature/qual/ClassGetSimpleName.class
target/shopcart-0.3.6/org/checkerframework/checker/units/qual/PolyUnit.class
target/shopcart-0.3.6/org/checkerframework/checker/units/qual/km.class
target/shopcart-0.3.6/org/checkerframework/checker/signature/qual/FqBinaryName.class
target/shopcart-0.3.6/org/checkerframework/checker/signature/qual/FieldDescriptorWithoutPackage.class
target/shopcart-0.3.6/org/checkerframework/checker/units/qual/degrees.class
target/shopcart-0.3.6/org/checkerframework/checker/signature/qual/IdentifierOrPrimitiveType.class
target/shopcart-0.3.6/org/checkerframework/checker/units/qual/UnitsMultiple.class
target/shopcart-0.3.6/org/checkerframework/checker/signature/qual/BinaryNameWithoutPackage.class
target/shopcart-0.3.6/org/checkerframework/checker/signature/qual/DotSeparatedIdentifiers.class
target/shopcart-0.3.6/org/checkerframework/checker/signature/qual/FullyQualifiedName.class
target/shopcart-0.3.6/org/checkerframework/checker/signature/qual/Identifier.class
target/shopcart-0.3.6/org/checkerframework/checker/signature/qual/InternalForm.class
target/shopcart-0.3.6/org/checkerframework/checker/signature/qual/PolySignature.class
target/shopcart-0.3.6/org/checkerframework/checker/signature/qual/BinaryName.class
target/shopcart-0.3.6/org/checkerframework/checker/signature/qual/SignatureUnknown.class
target/shopcart-0.3.6/org/checkerframework/checker/signature/qual/SignatureBottom.class
target/shopcart-0.3.6/org/checkerframework/checker/signature/qual/FieldDescriptorForPrimitive.class
target/shopcart-0.3.6/org/checkerframework/checker/signature/qual/ClassGetName.class
target/shopcart-0.3.6/org/checkerframework/checker/signature/qual/CanonicalNameOrEmpty.class
target/shopcart-0.3.6/org/checkerframework/checker/signature/qual/CanonicalName.class
target/shopcart-0.3.6/org/checkerframework/checker/signature/qual/MethodDescriptor.class
target/shopcart-0.3.6/org/checkerframework/checker/signature/qual/PrimitiveType.class
target/shopcart-0.3.6/org/checkerframework/checker/signature/qual/ArrayWithoutPackage.class
target/shopcart-0.3.6/org/checkerframework/checker/fenum/qual/SwingSplitPaneOrientation.class
target/shopcart-0.3.6/org/checkerframework/checker/signature/qual/FieldDescriptor.class
target/shopcart-0.3.6/org/checkerframework/checker/fenum/qual/SwingTitlePosition.class
target/shopcart-0.3.6/org/checkerframework/checker/fenum/qual/AwtFlowLayout.class
target/shopcart-0.3.6/org/checkerframework/checker/fenum/qual/SwingCompassDirection.class
target/shopcart-0.3.6/org/checkerframework/checker/fenum/qual/FenumTop.class
target/shopcart-0.3.6/org/checkerframework/checker/fenum/qual/SwingTextOrientation.class
target/shopcart-0.3.6/org/checkerframework/checker/signature/qual/DotSeparatedIdentifiersOrPrimitiveType.class
target/shopcart-0.3.6/org/checkerframework/checker/fenum/qual/SwingTitleJustification.class
target/shopcart-0.3.6/org/checkerframework/checker/fenum/qual/FenumUnqualified.class
target/shopcart-0.3.6/org/checkerframework/checker/fenum/qual/FenumBottom.class
target/shopcart-0.3.6/org/checkerframework/checker/fenum/qual/SwingElementOrientation.class
target/shopcart-0.3.6/org/checkerframework/checker/fenum/qual/SwingHorizontalOrientation.class
target/shopcart-0.3.6/org/checkerframework/checker/fenum/qual/SwingBoxOrientation.class
target/shopcart-0.3.6/org/checkerframework/checker/fenum/qual/AwtCursorType.class
target/shopcart-0.3.6/org/checkerframework/checker/fenum/qual/SwingVerticalOrientation.class
target/shopcart-0.3.6/org/checkerframework/checker/fenum/qual/AwtAlphaCompositingRule.class
target/shopcart-0.3.6/org/checkerframework/checker/fenum/qual/Fenum.class
target/shopcart-0.3.6/org/checkerframework/checker/initialization/qual/NotOnlyInitialized.class
target/shopcart-0.3.6/org/checkerframework/checker/fenum/qual/PolyFenum.class
target/shopcart-0.3.6/org/checkerframework/checker/initialization/qual/FBCBottom.class
target/shopcart-0.3.6/org/checkerframework/checker/initialization/qual/Initialized.class
target/shopcart-0.3.6/org/checkerframework/checker/fenum/qual/AwtColorSpace.class
target/shopcart-0.3.6/org/checkerframework/checker/tainting/qual/Tainted.class
target/shopcart-0.3.6/org/checkerframework/checker/initialization/qual/UnderInitialization.class
target/shopcart-0.3.6/org/checkerframework/checker/i18nformatter/qual/I18nFormatFor.class
target/shopcart-0.3.6/org/checkerframework/checker/tainting/qual/Untainted.class
target/shopcart-0.3.6/org/checkerframework/checker/i18nformatter/qual/I18nChecksFormat.class
target/shopcart-0.3.6/org/checkerframework/checker/initialization/qual/UnknownInitialization.class
target/shopcart-0.3.6/org/checkerframework/checker/i18nformatter/qual/I18nUnknownFormat.class
target/shopcart-0.3.6/org/checkerframework/checker/i18nformatter/qual/I18nMakeFormat.class
target/shopcart-0.3.6/org/checkerframework/checker/i18nformatter/qual/I18nFormat.class
target/shopcart-0.3.6/org/checkerframework/checker/tainting/qual/PolyTainted.class
target/shopcart-0.3.6/org/checkerframework/checker/nullness/qual/MonotonicNonNull.class
target/shopcart-0.3.6/org/checkerframework/checker/i18nformatter/qual/I18nInvalidFormat.class
target/shopcart-0.3.6/org/checkerframework/checker/i18nformatter/qual/I18nFormatBottom.class
target/shopcart-0.3.6/org/checkerframework/checker/i18nformatter/qual/I18nValidFormat.class
target/shopcart-0.3.6/org/checkerframework/checker/nullness/qual/EnsuresKeyForIf.class
target/shopcart-0.3.6/org/checkerframework/checker/nullness/qual/KeyFor.class
target/shopcart-0.3.6/org/checkerframework/checker/nullness/qual/PolyKeyFor.class
target/shopcart-0.3.6/org/checkerframework/checker/i18nformatter/qual/I18nConversionCategory.class
target/shopcart-0.3.6/org/checkerframework/checker/nullness/qual/EnsuresNonNullIf$List.class
target/shopcart-0.3.6/org/checkerframework/checker/nullness/qual/EnsuresNonNull.class
target/shopcart-0.3.6/org/checkerframework/checker/nullness/qual/AssertNonNullIfNonNull.class
target/shopcart-0.3.6/org/checkerframework/checker/nullness/qual/UnknownKeyFor.class
target/shopcart-0.3.6/org/checkerframework/checker/nullness/qual/PolyNull.class
target/shopcart-0.3.6/org/checkerframework/checker/nullness/qual/EnsuresKeyFor.class
target/shopcart-0.3.6/org/checkerframework/checker/nullness/qual/EnsuresNonNull$List.class
target/shopcart-0.3.6/org/checkerframework/checker/nullness/qual/NonNull.class
target/shopcart-0.3.6/org/checkerframework/checker/nullness/qual/KeyForBottom.class
target/shopcart-0.3.6/org/checkerframework/checker/nullness/qual/EnsuresKeyFor$List.class
target/shopcart-0.3.6/org/checkerframework/checker/nullness/qual/EnsuresNonNullIf.class
target/shopcart-0.3.6/org/checkerframework/checker/nullness/qual/RequiresNonNull.class
target/shopcart-0.3.6/org/checkerframework/checker/nullness/qual/EnsuresKeyForIf$List.class
target/shopcart-0.3.6/org/checkerframework/checker/formatter/qual/UnknownFormat.class
target/shopcart-0.3.6/org/checkerframework/checker/formatter/qual/InvalidFormat.class
target/shopcart-0.3.6/org/checkerframework/checker/formatter/qual/FormatMethod.class
target/shopcart-0.3.6/org/checkerframework/checker/nullness/qual/Nullable.class
target/shopcart-0.3.6/org/checkerframework/checker/formatter/qual/ConversionCategory.class
target/shopcart-0.3.6/org/checkerframework/checker/formatter/qual/FormatBottom.class
target/shopcart-0.3.6/org/checkerframework/checker/formatter/qual/ReturnsFormat.class
target/shopcart-0.3.6/org/checkerframework/checker/guieffect/qual/SafeType.class
target/shopcart-0.3.6/org/checkerframework/checker/formatter/qual/Format.class
target/shopcart-0.3.6/org/checkerframework/checker/guieffect/qual/UIPackage.class
target/shopcart-0.3.6/org/checkerframework/checker/guieffect/qual/SafeEffect.class
target/shopcart-0.3.6/org/checkerframework/checker/guieffect/qual/UIType.class
target/shopcart-0.3.6/org/checkerframework/checker/guieffect/qual/UIEffect.class
target/shopcart-0.3.6/org/checkerframework/checker/calledmethods/qual/CalledMethodsPredicate.class
target/shopcart-0.3.6/org/checkerframework/checker/guieffect/qual/PolyUI.class
target/shopcart-0.3.6/org/checkerframework/checker/calledmethods/qual/EnsuresCalledMethodsIf.class
target/shopcart-0.3.6/org/checkerframework/checker/guieffect/qual/PolyUIType.class
target/shopcart-0.3.6/org/checkerframework/checker/guieffect/qual/PolyUIEffect.class
target/shopcart-0.3.6/org/checkerframework/checker/guieffect/qual/AlwaysSafe.class
target/shopcart-0.3.6/org/checkerframework/checker/guieffect/qual/UI.class
target/shopcart-0.3.6/org/checkerframework/checker/calledmethods/qual/EnsuresCalledMethods.class
target/shopcart-0.3.6/org/checkerframework/checker/i18n/qual/LocalizableKey.class
target/shopcart-0.3.6/org/checkerframework/checker/calledmethods/qual/CalledMethodsBottom.class
target/shopcart-0.3.6/org/checkerframework/checker/lock/qual/GuardedByBottom.class
target/shopcart-0.3.6/org/checkerframework/checker/calledmethods/qual/EnsuresCalledMethodsIf$List.class
target/shopcart-0.3.6/org/checkerframework/checker/i18n/qual/UnknownLocalized.class
target/shopcart-0.3.6/org/checkerframework/checker/i18n/qual/LocalizableKeyBottom.class
target/shopcart-0.3.6/org/checkerframework/checker/lock/qual/Holding.class
target/shopcart-0.3.6/org/checkerframework/checker/calledmethods/qual/CalledMethods.class
target/shopcart-0.3.6/org/checkerframework/checker/i18n/qual/UnknownLocalizableKey.class
target/shopcart-0.3.6/org/checkerframework/checker/i18n/qual/Localized.class
target/shopcart-0.3.6/org/checkerframework/checker/lock/qual/EnsuresLockHeld.class
target/shopcart-0.3.6/org/checkerframework/checker/lock/qual/EnsuresLockHeldIf$List.class
target/shopcart-0.3.6/org/checkerframework/checker/lock/qual/LockHeld.class
target/shopcart-0.3.6/org/checkerframework/checker/lock/qual/LockPossiblyHeld.class
target/shopcart-0.3.6/org/checkerframework/checker/lock/qual/LockingFree.class
target/shopcart-0.3.6/org/checkerframework/checker/lock/qual/MayReleaseLocks.class
target/shopcart-0.3.6/org/checkerframework/checker/lock/qual/EnsuresLockHeldIf.class
target/shopcart-0.3.6/org/checkerframework/checker/lock/qual/GuardSatisfied.class
target/shopcart-0.3.6/org/checkerframework/checker/lock/qual/ReleasesNoLocks.class
target/shopcart-0.3.6/org/checkerframework/checker/lock/qual/EnsuresLockHeld$List.class
target/shopcart-0.3.6/org/checkerframework/framework/qual/FieldInvariant.class
target/shopcart-0.3.6/org/checkerframework/checker/lock/qual/GuardedBy.class
target/shopcart-0.3.6/org/checkerframework/framework/qual/DefaultFor.class
target/shopcart-0.3.6/org/checkerframework/framework/qual/PolymorphicQualifier.class
target/shopcart-0.3.6/org/checkerframework/checker/lock/qual/GuardedByUnknown.class
target/shopcart-0.3.6/org/checkerframework/framework/qual/FromStubFile.class
target/shopcart-0.3.6/org/checkerframework/framework/qual/TypeKind.class
target/shopcart-0.3.6/org/checkerframework/framework/qual/CFComment.class
target/shopcart-0.3.6/org/checkerframework/framework/qual/DefaultQualifierForUse.class
target/shopcart-0.3.6/org/checkerframework/framework/qual/InheritedAnnotation.class
target/shopcart-0.3.6/org/checkerframework/framework/qual/RequiresQualifier$List.class
target/shopcart-0.3.6/org/checkerframework/framework/qual/SubtypeOf.class
target/shopcart-0.3.6/org/checkerframework/framework/qual/NoQualifierParameter.class
target/shopcart-0.3.6/org/checkerframework/framework/qual/Covariant.class
target/shopcart-0.3.6/org/checkerframework/framework/qual/DefaultQualifierInHierarchy.class
target/shopcart-0.3.6/org/checkerframework/framework/qual/EnsuresQualifier.class
target/shopcart-0.3.6/org/checkerframework/framework/qual/RequiresQualifier.class
target/shopcart-0.3.6/org/checkerframework/framework/qual/RelevantJavaTypes.class
target/shopcart-0.3.6/org/checkerframework/framework/qual/AnnotatedFor.class
target/shopcart-0.3.6/org/checkerframework/framework/qual/HasQualifierParameter.class
target/shopcart-0.3.6/org/checkerframework/framework/qual/StubFiles.class
target/shopcart-0.3.6/org/checkerframework/framework/qual/PreconditionAnnotation.class
target/shopcart-0.3.6/org/checkerframework/framework/qual/PostconditionAnnotation.class
target/shopcart-0.3.6/org/checkerframework/framework/qual/DefaultQualifier.class
target/shopcart-0.3.6/org/checkerframework/framework/qual/EnsuresQualifier$List.class
target/shopcart-0.3.6/org/checkerframework/framework/qual/QualifierArgument.class
target/shopcart-0.3.6/org/checkerframework/framework/qual/TypeUseLocation.class
target/shopcart-0.3.6/org/checkerframework/framework/qual/EnsuresQualifierIf$List.class
target/shopcart-0.3.6/org/checkerframework/framework/qual/PurityUnqualified.class
target/shopcart-0.3.6/org/checkerframework/framework/qual/UpperBoundFor.class
target/shopcart-0.3.6/org/checkerframework/framework/qual/FromByteCode.class
target/shopcart-0.3.6/org/checkerframework/framework/qual/DefaultQualifier$List.class
target/shopcart-0.3.6/org/checkerframework/framework/qual/LiteralKind.class
target/shopcart-0.3.6/org/checkerframework/framework/qual/EnsuresQualifierIf.class
target/shopcart-0.3.6/org/checkerframework/framework/qual/NoDefaultQualifierForUse.class
target/shopcart-0.3.6/org/checkerframework/framework/qual/IgnoreInWholeProgramInference.class
target/shopcart-0.3.6/org/checkerframework/framework/qual/ConditionalPostconditionAnnotation.class
target/shopcart-0.3.6/org/checkerframework/framework/qual/QualifierForLiterals.class
target/shopcart-0.3.6/org/checkerframework/framework/qual/Unused.class
target/shopcart-0.3.6/org/checkerframework/framework/qual/JavaExpression.class
target/shopcart-0.3.6/org/checkerframework/framework/qual/InvisibleQualifier.class
target/shopcart-0.3.6/org/checkerframework/framework/qual/MonotonicQualifier.class
target/shopcart-0.3.6/org/checkerframework/common/initializedfields/qual/EnsuresInitializedFields.class
target/shopcart-0.3.6/org/checkerframework/common/initializedfields/qual/InitializedFieldsBottom.class
target/shopcart-0.3.6/org/checkerframework/framework/qual/TargetLocations.class
target/shopcart-0.3.6/org/checkerframework/common/initializedfields/qual/PolyInitializedFields.class
target/shopcart-0.3.6/org/checkerframework/common/initializedfields/qual/InitializedFields.class
target/shopcart-0.3.6/org/checkerframework/common/returnsreceiver/qual/BottomThis.class
target/shopcart-0.3.6/org/checkerframework/common/returnsreceiver/qual/This.class
target/shopcart-0.3.6/org/checkerframework/common/returnsreceiver/qual/UnknownThis.class
target/shopcart-0.3.6/org/checkerframework/common/initializedfields/qual/EnsuresInitializedFields$List.class
target/shopcart-0.3.6/org/checkerframework/common/aliasing/qual/LeakedToResult.class
target/shopcart-0.3.6/org/checkerframework/common/subtyping/qual/Bottom.class
target/shopcart-0.3.6/org/checkerframework/common/aliasing/qual/MaybeAliased.class
target/shopcart-0.3.6/org/checkerframework/common/aliasing/qual/NonLeaked.class
target/shopcart-0.3.6/org/checkerframework/common/reflection/qual/GetMethod.class
target/shopcart-0.3.6/org/checkerframework/common/aliasing/qual/Unique.class
target/shopcart-0.3.6/org/checkerframework/common/reflection/qual/ForName.class
target/shopcart-0.3.6/org/checkerframework/common/subtyping/qual/Unqualified.class
target/shopcart-0.3.6/org/checkerframework/common/aliasing/qual/MaybeLeaked.class
target/shopcart-0.3.6/org/checkerframework/common/reflection/qual/GetClass.class
target/shopcart-0.3.6/org/checkerframework/common/reflection/qual/UnknownMethod.class
target/shopcart-0.3.6/org/checkerframework/common/reflection/qual/Invoke.class
target/shopcart-0.3.6/org/checkerframework/common/reflection/qual/ClassValBottom.class
target/shopcart-0.3.6/org/checkerframework/common/reflection/qual/ClassVal.class
target/shopcart-0.3.6/org/checkerframework/common/reflection/qual/GetConstructor.class
target/shopcart-0.3.6/org/checkerframework/common/reflection/qual/MethodVal.class
target/shopcart-0.3.6/org/checkerframework/common/reflection/qual/ClassBound.class
target/shopcart-0.3.6/org/checkerframework/common/reflection/qual/NewInstance.class
target/shopcart-0.3.6/org/checkerframework/common/util/report/qual/ReportReadWrite.class
target/shopcart-0.3.6/org/checkerframework/common/reflection/qual/MethodValBottom.class
target/shopcart-0.3.6/org/checkerframework/common/reflection/qual/UnknownClass.class
target/shopcart-0.3.6/org/checkerframework/common/util/report/qual/ReportInherit.class
target/shopcart-0.3.6/org/checkerframework/common/util/report/qual/ReportUnqualified.class
target/shopcart-0.3.6/org/checkerframework/common/util/report/qual/ReportCall.class
target/shopcart-0.3.6/org/checkerframework/common/util/report/qual/ReportUse.class
target/shopcart-0.3.6/org/checkerframework/common/value/qual/IntRange.class
target/shopcart-0.3.6/org/checkerframework/common/util/report/qual/ReportOverride.class
target/shopcart-0.3.6/org/checkerframework/common/util/report/qual/ReportWrite.class
target/shopcart-0.3.6/org/checkerframework/common/value/qual/IntRangeFromPositive.class
target/shopcart-0.3.6/org/checkerframework/common/value/qual/DoubleVal.class
target/shopcart-0.3.6/org/checkerframework/common/value/qual/IntVal.class
target/shopcart-0.3.6/org/checkerframework/common/util/report/qual/ReportCreation.class
target/shopcart-0.3.6/org/checkerframework/common/value/qual/StringVal.class
target/shopcart-0.3.6/org/checkerframework/common/value/qual/MinLen.class
target/shopcart-0.3.6/org/checkerframework/common/value/qual/ArrayLen.class
target/shopcart-0.3.6/org/checkerframework/common/value/qual/PolyValue.class
target/shopcart-0.3.6/org/checkerframework/common/value/qual/BottomVal.class
target/shopcart-0.3.6/org/checkerframework/common/value/qual/MinLenFieldInvariant.class
target/shopcart-0.3.6/org/checkerframework/common/value/qual/UnknownVal.class
target/shopcart-0.3.6/org/checkerframework/common/value/qual/IntRangeFromGTENegativeOne.class
target/shopcart-0.3.6/org/checkerframework/common/value/qual/IntRangeFromNonNegative.class
target/shopcart-0.3.6/org/checkerframework/common/value/qual/ArrayLenRange.class
target/shopcart-0.3.6/org/checkerframework/common/value/qual/MatchesRegex.class
target/shopcart-0.3.6/org/checkerframework/common/value/qual/EnumVal.class
target/shopcart-0.3.6/org/checkerframework/common/value/qual/EnsuresMinLenIf$List.class
target/shopcart-0.3.6/org/checkerframework/common/value/qual/StaticallyExecutable.class
target/shopcart-0.3.6/org/checkerframework/common/value/qual/BoolVal.class
target/shopcart-0.3.6/org/yaml/snakeyaml/comments/CommentType.class
target/shopcart-0.3.6/org/checkerframework/common/value/qual/EnsuresMinLenIf.class
target/shopcart-0.3.6/org/yaml/snakeyaml/env/EnvScalarConstructor$1.class
target/shopcart-0.3.6/org/yaml/snakeyaml/comments/CommentLine.class
target/shopcart-0.3.6/org/yaml/snakeyaml/error/MissingEnvironmentVariableException.class
target/shopcart-0.3.6/org/yaml/snakeyaml/comments/CommentEventsCollector$1.class
target/shopcart-0.3.6/org/yaml/snakeyaml/scanner/Scanner.class
target/shopcart-0.3.6/org/yaml/snakeyaml/comments/CommentEventsCollector.class
target/shopcart-0.3.6/org/yaml/snakeyaml/scanner/ScannerException.class
target/shopcart-0.3.6/org/yaml/snakeyaml/env/EnvScalarConstructor$ConstructEnv.class
target/shopcart-0.3.6/org/yaml/snakeyaml/error/MarkedYAMLException.class
target/shopcart-0.3.6/org/yaml/snakeyaml/scanner/Constant.class
target/shopcart-0.3.6/org/yaml/snakeyaml/scanner/SimpleKey.class
target/shopcart-0.3.6/org/yaml/snakeyaml/tokens/FlowSequenceStartToken.class
target/shopcart-0.3.6/org/yaml/snakeyaml/env/EnvScalarConstructor.class
target/shopcart-0.3.6/org/yaml/snakeyaml/error/Mark.class
target/shopcart-0.3.6/org/yaml/snakeyaml/error/YAMLException.class
target/shopcart-0.3.6/org/yaml/snakeyaml/scanner/ScannerImpl$Chomping.class
target/shopcart-0.3.6/org/yaml/snakeyaml/tokens/BlockMappingStartToken.class
target/shopcart-0.3.6/org/yaml/snakeyaml/tokens/ValueToken.class
target/shopcart-0.3.6/org/yaml/snakeyaml/tokens/DocumentStartToken.class
target/shopcart-0.3.6/org/yaml/snakeyaml/tokens/WhitespaceToken.class
target/shopcart-0.3.6/org/yaml/snakeyaml/tokens/DirectiveToken.class
target/shopcart-0.3.6/org/yaml/snakeyaml/tokens/CommentToken.class
target/shopcart-0.3.6/org/yaml/snakeyaml/tokens/Token.class
target/shopcart-0.3.6/org/yaml/snakeyaml/tokens/FlowSequenceEndToken.class
target/shopcart-0.3.6/org/yaml/snakeyaml/tokens/FlowEntryToken.class
target/shopcart-0.3.6/org/yaml/snakeyaml/tokens/BlockEndToken.class
target/shopcart-0.3.6/org/yaml/snakeyaml/tokens/AnchorToken.class
target/shopcart-0.3.6/org/yaml/snakeyaml/tokens/FlowMappingStartToken.class
target/shopcart-0.3.6/org/yaml/snakeyaml/tokens/TagToken.class
target/shopcart-0.3.6/org/yaml/snakeyaml/tokens/BlockSequenceStartToken.class
target/shopcart-0.3.6/org/yaml/snakeyaml/tokens/ScalarToken.class
target/shopcart-0.3.6/org/yaml/snakeyaml/tokens/AliasToken.class
target/shopcart-0.3.6/org/yaml/snakeyaml/tokens/TagTuple.class
target/shopcart-0.3.6/org/yaml/snakeyaml/tokens/Token$ID.class
target/shopcart-0.3.6/org/yaml/snakeyaml/tokens/BlockEntryToken.class
target/shopcart-0.3.6/org/yaml/snakeyaml/tokens/FlowMappingEndToken.class
target/shopcart-0.3.6/org/yaml/snakeyaml/tokens/KeyToken.class
target/shopcart-0.3.6/org/yaml/snakeyaml/tokens/StreamEndToken.class
target/shopcart-0.3.6/org/yaml/snakeyaml/parser/ParserImpl$ParseFlowSequenceFirstEntry.class
target/shopcart-0.3.6/org/yaml/snakeyaml/tokens/StreamStartToken.class
target/shopcart-0.3.6/org/yaml/snakeyaml/parser/Parser.class
target/shopcart-0.3.6/org/yaml/snakeyaml/parser/ParserImpl$ParseFlowSequenceEntryMappingKey.class
target/shopcart-0.3.6/org/yaml/snakeyaml/tokens/DocumentEndToken.class
target/shopcart-0.3.6/org/yaml/snakeyaml/parser/ParserImpl$ParseFlowSequenceEntryMappingEnd.class
target/shopcart-0.3.6/org/yaml/snakeyaml/parser/VersionTagsTuple.class
target/shopcart-0.3.6/org/yaml/snakeyaml/scanner/ScannerImpl.class
target/shopcart-0.3.6/org/yaml/snakeyaml/parser/ParserImpl$ParseFlowMappingValue.class
target/shopcart-0.3.6/org/yaml/snakeyaml/parser/ParserImpl$ParseFlowMappingEmptyValue.class
target/shopcart-0.3.6/org/yaml/snakeyaml/parser/ParserImpl$ParseBlockSequenceEntryValue.class
target/shopcart-0.3.6/org/yaml/snakeyaml/parser/ParserImpl$ParseBlockMappingKey.class
target/shopcart-0.3.6/org/yaml/snakeyaml/parser/ParserImpl$ParseFlowMappingKey.class
target/shopcart-0.3.6/org/yaml/snakeyaml/parser/ParserImpl$ParseBlockSequenceFirstEntry.class
target/shopcart-0.3.6/org/yaml/snakeyaml/parser/ParserImpl$ParseImplicitDocumentStart.class
target/shopcart-0.3.6/org/yaml/snakeyaml/parser/ParserImpl$ParseBlockMappingValue.class
target/shopcart-0.3.6/org/yaml/snakeyaml/parser/ParserImpl$ParseBlockSequenceEntryKey.class
target/shopcart-0.3.6/org/yaml/snakeyaml/parser/ParserImpl$ParseDocumentContent.class
target/shopcart-0.3.6/org/yaml/snakeyaml/parser/ParserImpl$ParseIndentlessSequenceEntryValue.class
target/shopcart-0.3.6/org/yaml/snakeyaml/parser/ParserImpl$ParseStreamStart.class
target/shopcart-0.3.6/org/yaml/snakeyaml/parser/ParserImpl$ParseIndentlessSequenceEntryKey.class
target/shopcart-0.3.6/org/yaml/snakeyaml/parser/ParserImpl$ParseBlockNode.class
target/shopcart-0.3.6/org/yaml/snakeyaml/parser/ParserImpl$ParseDocumentStart.class
target/shopcart-0.3.6/org/yaml/snakeyaml/parser/ParserImpl$1.class
target/shopcart-0.3.6/org/yaml/snakeyaml/parser/ParserImpl$ParseFlowSequenceEntry.class
target/shopcart-0.3.6/org/yaml/snakeyaml/parser/ParserException.class
target/shopcart-0.3.6/org/yaml/snakeyaml/parser/ParserImpl$ParseBlockMappingValueCommentList.class
target/shopcart-0.3.6/org/yaml/snakeyaml/parser/ParserImpl$ParseBlockMappingFirstKey.class
target/shopcart-0.3.6/org/yaml/snakeyaml/parser/ParserImpl$ParseDocumentEnd.class
target/shopcart-0.3.6/org/yaml/snakeyaml/parser/ParserImpl$ParseFlowEndComment.class
target/shopcart-0.3.6/org/yaml/snakeyaml/parser/ParserImpl$ParseFlowSequenceEntryMappingValue.class
target/shopcart-0.3.6/org/yaml/snakeyaml/parser/ParserImpl$ParseBlockMappingValueComment.class
target/shopcart-0.3.6/org/yaml/snakeyaml/parser/Production.class
target/shopcart-0.3.6/org/yaml/snakeyaml/parser/ParserImpl$ParseFlowMappingFirstKey.class
target/shopcart-0.3.6/org/yaml/snakeyaml/Yaml$NodeIterable.class
target/shopcart-0.3.6/org/yaml/snakeyaml/resolver/ResolverTuple.class
target/shopcart-0.3.6/org/yaml/snakeyaml/Yaml$2.class
target/shopcart-0.3.6/org/yaml/snakeyaml/parser/ParserImpl.class
target/shopcart-0.3.6/org/yaml/snakeyaml/resolver/Resolver.class
target/shopcart-0.3.6/org/yaml/snakeyaml/resolver/Resolver$1.class
target/shopcart-0.3.6/org/yaml/snakeyaml/constructor/BaseConstructor$RecursiveTuple.class
target/shopcart-0.3.6/org/yaml/snakeyaml/constructor/SafeConstructor$ConstructYamlFloat.class
target/shopcart-0.3.6/org/yaml/snakeyaml/constructor/Constructor$ConstructYamlObject.class
target/shopcart-0.3.6/org/yaml/snakeyaml/constructor/SafeConstructor$ConstructYamlStr.class
target/shopcart-0.3.6/org/yaml/snakeyaml/TypeDescription.class
target/shopcart-0.3.6/org/yaml/snakeyaml/Yaml.class
target/shopcart-0.3.6/org/yaml/snakeyaml/constructor/ConstructorException.class
target/shopcart-0.3.6/org/yaml/snakeyaml/constructor/AbstractConstruct.class
target/shopcart-0.3.6/org/yaml/snakeyaml/constructor/SafeConstructor$1.class
target/shopcart-0.3.6/org/yaml/snakeyaml/constructor/SafeConstructor$ConstructYamlBinary.class
target/shopcart-0.3.6/org/yaml/snakeyaml/constructor/SafeConstructor$ConstructYamlMap.class
target/shopcart-0.3.6/org/yaml/snakeyaml/constructor/SafeConstructor$ConstructYamlInt.class
target/shopcart-0.3.6/org/yaml/snakeyaml/constructor/Constructor$ConstructSequence.class
target/shopcart-0.3.6/org/yaml/snakeyaml/constructor/SafeConstructor$ConstructYamlPairs.class
target/shopcart-0.3.6/org/yaml/snakeyaml/constructor/SafeConstructor$ConstructUndefined.class
target/shopcart-0.3.6/org/yaml/snakeyaml/constructor/SafeConstructor$ConstructYamlSet.class
target/shopcart-0.3.6/org/yaml/snakeyaml/constructor/SafeConstructor$ConstructYamlNull.class
target/shopcart-0.3.6/org/yaml/snakeyaml/constructor/SafeConstructor$ConstructYamlSeq.class
target/shopcart-0.3.6/org/yaml/snakeyaml/constructor/SafeConstructor$ConstructYamlOmap.class
target/shopcart-0.3.6/org/yaml/snakeyaml/constructor/SafeConstructor$ConstructYamlBool.class
target/shopcart-0.3.6/org/yaml/snakeyaml/constructor/Construct.class
target/shopcart-0.3.6/org/yaml/snakeyaml/constructor/Constructor$ConstructMapping.class
target/shopcart-0.3.6/org/yaml/snakeyaml/constructor/DuplicateKeyException.class
target/shopcart-0.3.6/org/yaml/snakeyaml/constructor/CustomClassLoaderConstructor.class
target/shopcart-0.3.6/org/yaml/snakeyaml/reader/StreamReader.class
target/shopcart-0.3.6/org/yaml/snakeyaml/constructor/Constructor.class
target/shopcart-0.3.6/org/yaml/snakeyaml/reader/UnicodeReader.class
target/shopcart-0.3.6/org/yaml/snakeyaml/reader/ReaderException.class
target/shopcart-0.3.6/org/yaml/snakeyaml/constructor/Constructor$ConstructScalar.class
target/shopcart-0.3.6/org/yaml/snakeyaml/constructor/SafeConstructor$ConstructYamlTimestamp.class
target/shopcart-0.3.6/org/yaml/snakeyaml/constructor/BaseConstructor.class
target/shopcart-0.3.6/org/yaml/snakeyaml/constructor/SafeConstructor.class
target/shopcart-0.3.6/org/yaml/snakeyaml/external/com/google/gdata/util/common/base/Escaper.class
target/shopcart-0.3.6/org/yaml/snakeyaml/external/com/google/gdata/util/common/base/UnicodeEscaper.class
target/shopcart-0.3.6/org/yaml/snakeyaml/external/com/google/gdata/util/common/base/PercentEscaper.class
target/shopcart-0.3.6/org/yaml/snakeyaml/external/com/google/gdata/util/common/base/UnicodeEscaper$2.class
target/shopcart-0.3.6/org/yaml/snakeyaml/composer/ComposerException.class
target/shopcart-0.3.6/org/yaml/snakeyaml/external/biz/base64Coder/Base64Coder.class
target/shopcart-0.3.6/org/yaml/snakeyaml/external/com/google/gdata/util/common/base/UnicodeEscaper$1.class
target/shopcart-0.3.6/org/yaml/snakeyaml/DumperOptions$LineBreak.class
target/shopcart-0.3.6/org/yaml/snakeyaml/DumperOptions$NonPrintableStyle.class
target/shopcart-0.3.6/org/yaml/snakeyaml/extensions/compactnotation/CompactConstructor$ConstructCompactObject.class
target/shopcart-0.3.6/org/yaml/snakeyaml/extensions/compactnotation/CompactData.class
target/shopcart-0.3.6/org/yaml/snakeyaml/composer/Composer.class
target/shopcart-0.3.6/org/yaml/snakeyaml/Yaml$3.class
target/shopcart-0.3.6/org/yaml/snakeyaml/nodes/Node.class
target/shopcart-0.3.6/org/yaml/snakeyaml/extensions/compactnotation/PackageCompactConstructor.class
target/shopcart-0.3.6/org/yaml/snakeyaml/nodes/NodeId.class
target/shopcart-0.3.6/org/yaml/snakeyaml/extensions/compactnotation/CompactConstructor.class
target/shopcart-0.3.6/org/yaml/snakeyaml/nodes/AnchorNode.class
target/shopcart-0.3.6/org/yaml/snakeyaml/nodes/CollectionNode.class
target/shopcart-0.3.6/org/yaml/snakeyaml/nodes/SequenceNode.class
target/shopcart-0.3.6/org/yaml/snakeyaml/emitter/Emitter$ExpectStreamStart.class
target/shopcart-0.3.6/org/yaml/snakeyaml/emitter/ScalarAnalysis.class
target/shopcart-0.3.6/org/yaml/snakeyaml/nodes/NodeTuple.class
target/shopcart-0.3.6/org/yaml/snakeyaml/nodes/ScalarNode.class
target/shopcart-0.3.6/org/yaml/snakeyaml/emitter/Emitter$ExpectNothing.class
target/shopcart-0.3.6/org/yaml/snakeyaml/nodes/MappingNode.class
target/shopcart-0.3.6/org/yaml/snakeyaml/emitter/Emitter$ExpectDocumentEnd.class
target/shopcart-0.3.6/org/yaml/snakeyaml/emitter/Emitter$1.class
target/shopcart-0.3.6/org/yaml/snakeyaml/emitter/Emitter$ExpectFirstFlowSequenceItem.class
target/shopcart-0.3.6/org/yaml/snakeyaml/emitter/Emitter$ExpectFirstFlowMappingKey.class
target/shopcart-0.3.6/org/yaml/snakeyaml/emitter/Emitter$ExpectBlockMappingSimpleValue.class
target/shopcart-0.3.6/org/yaml/snakeyaml/emitter/Emitter$ExpectBlockMappingValue.class
target/shopcart-0.3.6/org/yaml/snakeyaml/emitter/Emitter$ExpectFlowSequenceItem.class
target/shopcart-0.3.6/org/yaml/snakeyaml/emitter/Emitter$ExpectFirstDocumentStart.class
target/shopcart-0.3.6/org/yaml/snakeyaml/emitter/Emitter$ExpectBlockSequenceItem.class
target/shopcart-0.3.6/org/yaml/snakeyaml/emitter/EmitterException.class
target/shopcart-0.3.6/org/yaml/snakeyaml/nodes/Tag.class
target/shopcart-0.3.6/org/yaml/snakeyaml/emitter/Emitter$ExpectFirstBlockSequenceItem.class
target/shopcart-0.3.6/org/yaml/snakeyaml/emitter/EmitterState.class
target/shopcart-0.3.6/org/yaml/snakeyaml/emitter/Emitter$ExpectDocumentRoot.class
target/shopcart-0.3.6/org/yaml/snakeyaml/emitter/Emitter$ExpectFlowMappingSimpleValue.class
target/shopcart-0.3.6/org/yaml/snakeyaml/emitter/Emitter$ExpectFlowMappingKey.class
target/shopcart-0.3.6/org/yaml/snakeyaml/emitter/Emitter$ExpectFirstBlockMappingKey.class
target/shopcart-0.3.6/org/yaml/snakeyaml/emitter/Emitter$ExpectDocumentStart.class
target/shopcart-0.3.6/org/yaml/snakeyaml/emitter/Emitable.class
target/shopcart-0.3.6/org/yaml/snakeyaml/LoaderOptions.class
target/shopcart-0.3.6/org/yaml/snakeyaml/emitter/Emitter$ExpectBlockMappingKey.class
target/shopcart-0.3.6/org/yaml/snakeyaml/emitter/Emitter$ExpectFlowMappingValue.class
target/shopcart-0.3.6/org/yaml/snakeyaml/util/EnumUtils.class
target/shopcart-0.3.6/org/yaml/snakeyaml/util/PlatformFeatureDetector.class
target/shopcart-0.3.6/org/yaml/snakeyaml/util/ArrayStack.class
target/shopcart-0.3.6/org/yaml/snakeyaml/util/ArrayUtils$CompositeUnmodifiableArrayList.class
target/shopcart-0.3.6/org/yaml/snakeyaml/Yaml$EventIterable.class
target/shopcart-0.3.6/org/yaml/snakeyaml/util/UriEncoder.class
target/shopcart-0.3.6/org/yaml/snakeyaml/util/ArrayUtils.class
target/shopcart-0.3.6/org/yaml/snakeyaml/introspector/BeanAccess.class
target/shopcart-0.3.6/org/yaml/snakeyaml/representer/SafeRepresenter$RepresentByteArray.class
target/shopcart-0.3.6/org/yaml/snakeyaml/introspector/PropertyUtils$1.class
target/shopcart-0.3.6/org/yaml/snakeyaml/introspector/MissingProperty.class
target/shopcart-0.3.6/org/yaml/snakeyaml/util/ArrayUtils$UnmodifiableArrayList.class
target/shopcart-0.3.6/org/yaml/snakeyaml/introspector/FieldProperty.class
target/shopcart-0.3.6/org/yaml/snakeyaml/introspector/PropertyUtils.class
target/shopcart-0.3.6/org/yaml/snakeyaml/introspector/PropertySubstitute.class
target/shopcart-0.3.6/org/yaml/snakeyaml/representer/Represent.class
target/shopcart-0.3.6/org/yaml/snakeyaml/introspector/GenericProperty.class
target/shopcart-0.3.6/org/yaml/snakeyaml/introspector/MethodProperty.class
target/shopcart-0.3.6/org/yaml/snakeyaml/representer/SafeRepresenter$RepresentMap.class
target/shopcart-0.3.6/org/yaml/snakeyaml/representer/SafeRepresenter$RepresentBoolean.class
target/shopcart-0.3.6/org/yaml/snakeyaml/introspector/Property.class
target/shopcart-0.3.6/org/yaml/snakeyaml/representer/SafeRepresenter$RepresentList.class
target/shopcart-0.3.6/org/yaml/snakeyaml/representer/SafeRepresenter$RepresentUuid.class
target/shopcart-0.3.6/org/yaml/snakeyaml/representer/SafeRepresenter$RepresentIterator.class
target/shopcart-0.3.6/org/yaml/snakeyaml/representer/SafeRepresenter$RepresentNull.class
target/shopcart-0.3.6/org/yaml/snakeyaml/emitter/Emitter.class
target/shopcart-0.3.6/org/yaml/snakeyaml/representer/SafeRepresenter$RepresentEnum.class
target/shopcart-0.3.6/org/yaml/snakeyaml/representer/SafeRepresenter$RepresentPrimitiveArray.class
target/shopcart-0.3.6/org/yaml/snakeyaml/representer/BaseRepresenter$1.class
target/shopcart-0.3.6/org/yaml/snakeyaml/representer/SafeRepresenter$RepresentNumber.class
target/shopcart-0.3.6/org/yaml/snakeyaml/representer/Representer$RepresentJavaBean.class
target/shopcart-0.3.6/org/yaml/snakeyaml/representer/SafeRepresenter$RepresentString.class
target/shopcart-0.3.6/org/yaml/snakeyaml/representer/SafeRepresenter$RepresentSet.class
target/shopcart-0.3.6/org/yaml/snakeyaml/representer/SafeRepresenter$IteratorWrapper.class
target/shopcart-0.3.6/org/yaml/snakeyaml/representer/SafeRepresenter$RepresentArray.class
target/shopcart-0.3.6/org/yaml/snakeyaml/representer/SafeRepresenter$RepresentDate.class
target/shopcart-0.3.6/org/yaml/snakeyaml/representer/BaseRepresenter.class
target/shopcart-0.3.6/org/yaml/snakeyaml/representer/SafeRepresenter.class
target/shopcart-0.3.6/org/yaml/snakeyaml/events/CommentEvent.class
target/shopcart-0.3.6/org/yaml/snakeyaml/events/ScalarEvent.class
target/shopcart-0.3.6/org/yaml/snakeyaml/DumperOptions$FlowStyle.class
target/shopcart-0.3.6/org/yaml/snakeyaml/events/AliasEvent.class
target/shopcart-0.3.6/org/yaml/snakeyaml/events/SequenceStartEvent.class
target/shopcart-0.3.6/org/yaml/snakeyaml/events/MappingEndEvent.class
target/shopcart-0.3.6/org/yaml/snakeyaml/events/SequenceEndEvent.class
target/shopcart-0.3.6/org/yaml/snakeyaml/representer/Representer.class
target/shopcart-0.3.6/org/yaml/snakeyaml/events/DocumentStartEvent.class
target/shopcart-0.3.6/org/yaml/snakeyaml/events/MappingStartEvent.class
target/shopcart-0.3.6/org/yaml/snakeyaml/events/CollectionEndEvent.class
target/shopcart-0.3.6/org/yaml/snakeyaml/events/ImplicitTuple.class
target/shopcart-0.3.6/org/yaml/snakeyaml/events/CollectionStartEvent.class
target/shopcart-0.3.6/org/yaml/snakeyaml/events/StreamStartEvent.class
target/shopcart-0.3.6/org/yaml/snakeyaml/events/StreamEndEvent.class
target/shopcart-0.3.6/org/yaml/snakeyaml/serializer/AnchorGenerator.class
target/shopcart-0.3.6/org/yaml/snakeyaml/Yaml$1.class
target/shopcart-0.3.6/org/yaml/snakeyaml/events/NodeEvent.class
target/shopcart-0.3.6/org/yaml/snakeyaml/events/DocumentEndEvent.class
target/shopcart-0.3.6/org/yaml/snakeyaml/Yaml$YamlIterable.class
target/shopcart-0.3.6/org/yaml/snakeyaml/events/Event$ID.class
target/shopcart-0.3.6/org/yaml/snakeyaml/DumperOptions$Version.class
target/shopcart-0.3.6/org/yaml/snakeyaml/events/Event.class
target/shopcart-0.3.6/org/yaml/snakeyaml/DumperOptions.class
target/shopcart-0.3.6/org/yaml/snakeyaml/serializer/SerializerException.class
target/shopcart-0.3.6/org/yaml/snakeyaml/serializer/Serializer$1.class
target/shopcart-0.3.6/com/google/errorprone/annotations/Var.class
target/shopcart-0.3.6/com/google/errorprone/annotations/CompileTimeConstant.class
target/shopcart-0.3.6/com/google/errorprone/annotations/NoAllocation.class
target/shopcart-0.3.6/org/yaml/snakeyaml/serializer/NumberAnchorGenerator.class
target/shopcart-0.3.6/com/google/errorprone/annotations/CompatibleWith.class
target/shopcart-0.3.6/com/google/errorprone/annotations/ForOverride.class
target/shopcart-0.3.6/com/google/errorprone/annotations/DoNotMock.class
target/shopcart-0.3.6/org/yaml/snakeyaml/Yaml$SilentEmitter.class
target/shopcart-0.3.6/com/google/errorprone/annotations/SuppressPackageLocation.class
target/shopcart-0.3.6/com/google/errorprone/annotations/MustBeClosed.class
target/shopcart-0.3.6/com/google/errorprone/annotations/FormatString.class
target/shopcart-0.3.6/org/yaml/snakeyaml/serializer/Serializer.class
target/shopcart-0.3.6/org/yaml/snakeyaml/DumperOptions$ScalarStyle.class
target/shopcart-0.3.6/com/google/errorprone/annotations/concurrent/UnlockMethod.class
target/shopcart-0.3.6/com/google/errorprone/annotations/IncompatibleModifiers.class
target/shopcart-0.3.6/com/google/errorprone/annotations/RequiredModifiers.class
target/shopcart-0.3.6/com/google/errorprone/annotations/concurrent/LockMethod.class
target/shopcart-0.3.6/com/google/errorprone/annotations/OverridingMethodsMustInvokeSuper.class
target/shopcart-0.3.6/com/google/errorprone/annotations/DoNotCall.class
target/shopcart-0.3.6/com/google/errorprone/annotations/concurrent/LazyInit.class
target/shopcart-0.3.6/com/google/errorprone/annotations/Immutable.class
target/shopcart-0.3.6/com/google/errorprone/annotations/concurrent/GuardedBy.class
target/shopcart-0.3.6/com/google/errorprone/annotations/CheckReturnValue.class
target/shopcart-0.3.6/com/google/errorprone/annotations/RestrictedApi.class
target/shopcart-0.3.6/com/google/errorprone/annotations/CanIgnoreReturnValue.class
target/shopcart-0.3.6/com/github/benmanes/caffeine/SCQHeader$HeadRef.class
target/shopcart-0.3.6/com/google/errorprone/annotations/FormatMethod.class
target/shopcart-0.3.6/com/github/benmanes/caffeine/SingleConsumerQueue$LinearizableNode.class
target/shopcart-0.3.6/com/github/benmanes/caffeine/SingleConsumerQueue$SerializationProxy.class
target/shopcart-0.3.6/com/github/benmanes/caffeine/SingleConsumerQueue$Node.class
target/shopcart-0.3.6/com/github/benmanes/caffeine/base/UnsafeAccess.class
target/shopcart-0.3.6/com/github/benmanes/caffeine/SCQHeader.class
target/shopcart-0.3.6/com/github/benmanes/caffeine/SCQHeader$PadHeadAndTail.class
target/shopcart-0.3.6/com/github/benmanes/caffeine/cache/SSLAW.class
target/shopcart-0.3.6/com/github/benmanes/caffeine/SCQHeader$PadHead.class
target/shopcart-0.3.6/com/github/benmanes/caffeine/cache/WSLSMSAWR.class
target/shopcart-0.3.6/com/github/benmanes/caffeine/cache/LinkedDeque$PeekingIterator$2.class
target/shopcart-0.3.6/com/github/benmanes/caffeine/cache/WSSMSAWR.class
target/shopcart-0.3.6/com/github/benmanes/caffeine/cache/FW.class
target/shopcart-0.3.6/com/github/benmanes/caffeine/cache/UnboundedLocalCache$KeySetView.class
target/shopcart-0.3.6/com/github/benmanes/caffeine/cache/WSLSMWAWR.class
target/shopcart-0.3.6/com/github/benmanes/caffeine/cache/FDWRMS.class
target/shopcart-0.3.6/com/github/benmanes/caffeine/cache/BoundedLocalCache$BoundedPolicy$BoundedExpireAfterAccess.class
target/shopcart-0.3.6/com/github/benmanes/caffeine/SingleConsumerQueue.class
target/shopcart-0.3.6/com/github/benmanes/caffeine/cache/Policy$Expiration.class
target/shopcart-0.3.6/com/github/benmanes/caffeine/cache/WISMW.class
target/shopcart-0.3.6/com/github/benmanes/caffeine/cache/WISMSAW.class
target/shopcart-0.3.6/com/github/benmanes/caffeine/cache/SILSAWR.class
target/shopcart-0.3.6/com/github/benmanes/caffeine/cache/Expiry.class
target/shopcart-0.3.6/com/github/benmanes/caffeine/cache/SSSWR.class
target/shopcart-0.3.6/com/github/benmanes/caffeine/cache/WIMWWR.class
target/shopcart-0.3.6/com/github/benmanes/caffeine/cache/SISMS.class
target/shopcart-0.3.6/com/github/benmanes/caffeine/cache/PSW.class
target/shopcart-0.3.6/com/github/benmanes/caffeine/cache/Node.class
target/shopcart-0.3.6/com/github/benmanes/caffeine/cache/SIMWR.class
target/shopcart-0.3.6/com/github/benmanes/caffeine/cache/WISMWW.class
target/shopcart-0.3.6/com/github/benmanes/caffeine/cache/SSLSW.class
target/shopcart-0.3.6/com/github/benmanes/caffeine/cache/PWAMS.class
target/shopcart-0.3.6/com/github/benmanes/caffeine/cache/WILSAWR.class
target/shopcart-0.3.6/com/github/benmanes/caffeine/cache/MpscChunkedArrayQueue.class
target/shopcart-0.3.6/com/github/benmanes/caffeine/cache/SS.class
target/shopcart-0.3.6/com/github/benmanes/caffeine/cache/WSLSMWAR.class
target/shopcart-0.3.6/com/github/benmanes/caffeine/cache/SSLW.class
target/shopcart-0.3.6/com/github/benmanes/caffeine/cache/References.class
target/shopcart-0.3.6/com/github/benmanes/caffeine/cache/BoundedLocalCache$EntryIterator.class
target/shopcart-0.3.6/com/github/benmanes/caffeine/cache/BoundedBuffer$RingBuffer.class
target/shopcart-0.3.6/com/github/benmanes/caffeine/cache/RemovalCause$5.class
target/shopcart-0.3.6/com/github/benmanes/caffeine/cache/FSAMS.class
target/shopcart-0.3.6/com/github/benmanes/caffeine/cache/SIAR.class
target/shopcart-0.3.6/com/github/benmanes/caffeine/cache/SILSMWR.class
target/shopcart-0.3.6/com/github/benmanes/caffeine/cache/SSLSMW.class
target/shopcart-0.3.6/com/github/benmanes/caffeine/cache/WSSMSWR.class
target/shopcart-0.3.6/com/github/benmanes/caffeine/cache/SIMWAR.class
target/shopcart-0.3.6/com/github/benmanes/caffeine/cache/SIAW.class
target/shopcart-0.3.6/com/github/benmanes/caffeine/cache/LocalAsyncCache$1.class
target/shopcart-0.3.6/com/github/benmanes/caffeine/cache/SSMSAW.class
target/shopcart-0.3.6/com/github/benmanes/caffeine/cache/FDA.class
target/shopcart-0.3.6/com/github/benmanes/caffeine/cache/WILW.class
target/shopcart-0.3.6/com/github/benmanes/caffeine/cache/WSWR.class
target/shopcart-0.3.6/com/github/benmanes/caffeine/cache/SSSMWAR.class
target/shopcart-0.3.6/com/github/benmanes/caffeine/cache/SILMWA.class
target/shopcart-0.3.6/com/github/benmanes/caffeine/cache/WILWR.class
target/shopcart-0.3.6/com/github/benmanes/caffeine/cache/WSW.class
target/shopcart-0.3.6/com/github/benmanes/caffeine/cache/SISMWA.class
target/shopcart-0.3.6/com/github/benmanes/caffeine/cache/WILSMWAWR.class
target/shopcart-0.3.6/com/github/benmanes/caffeine/cache/PSAWMW.class
target/shopcart-0.3.6/com/github/benmanes/caffeine/cache/SSSAR.class
target/shopcart-0.3.6/com/github/benmanes/caffeine/cache/SSMSR.class
target/shopcart-0.3.6/com/github/benmanes/caffeine/cache/WSSMSAR.class
target/shopcart-0.3.6/com/github/benmanes/caffeine/cache/WIMSWR.class
target/shopcart-0.3.6/com/github/benmanes/caffeine/cache/PS.class
target/shopcart-0.3.6/com/github/benmanes/caffeine/cache/PSRMW.class
target/shopcart-0.3.6/com/github/benmanes/caffeine/cache/WSLMWAWR.class
target/shopcart-0.3.6/com/github/benmanes/caffeine/cache/PWAWRMS.class
target/shopcart-0.3.6/com/github/benmanes/caffeine/cache/FWRMW.class
target/shopcart-0.3.6/com/github/benmanes/caffeine/cache/PDA.class
target/shopcart-0.3.6/com/github/benmanes/caffeine/cache/BBHeader$PadWriteCounter.class
target/shopcart-0.3.6/com/github/benmanes/caffeine/cache/WSLMSA.class
target/shopcart-0.3.6/com/github/benmanes/caffeine/cache/WIMWR.class
target/shopcart-0.3.6/com/github/benmanes/caffeine/cache/PDRMW.class
target/shopcart-0.3.6/com/github/benmanes/caffeine/cache/FWARMS.class
target/shopcart-0.3.6/com/github/benmanes/caffeine/cache/FSMS.class
target/shopcart-0.3.6/com/github/benmanes/caffeine/cache/Policy$VarExpiration.class
target/shopcart-0.3.6/com/github/benmanes/caffeine/cache/WSLAW.class
target/shopcart-0.3.6/com/github/benmanes/caffeine/cache/FDAWMS.class
target/shopcart-0.3.6/com/github/benmanes/caffeine/cache/WSLMWWR.class
target/shopcart-0.3.6/com/github/benmanes/caffeine/cache/StripedBuffer.class
target/shopcart-0.3.6/com/github/benmanes/caffeine/cache/WILSMWAW.class
target/shopcart-0.3.6/com/github/benmanes/caffeine/cache/LocalAsyncCache$AsMapView$EntrySet.class
target/shopcart-0.3.6/com/github/benmanes/caffeine/cache/WSLMW.class
target/shopcart-0.3.6/com/github/benmanes/caffeine/cache/LocalAsyncCache$AsMapView$Values$1.class
target/shopcart-0.3.6/com/github/benmanes/caffeine/cache/WILMWW.class
target/shopcart-0.3.6/com/github/benmanes/caffeine/cache/BoundedLocalCache$RemovalTask.class
target/shopcart-0.3.6/com/github/benmanes/caffeine/cache/WISWR.class
target/shopcart-0.3.6/com/github/benmanes/caffeine/cache/SSLMS.class
target/shopcart-0.3.6/com/github/benmanes/caffeine/cache/WSLSAR.class
target/shopcart-0.3.6/com/github/benmanes/caffeine/cache/WSA.class
target/shopcart-0.3.6/com/github/benmanes/caffeine/cache/WISMSAR.class
target/shopcart-0.3.6/com/github/benmanes/caffeine/cache/SSSMS.class
target/shopcart-0.3.6/com/github/benmanes/caffeine/cache/WriteOrderDeque.class
target/shopcart-0.3.6/com/github/benmanes/caffeine/cache/WSSAW.class
target/shopcart-0.3.6/com/github/benmanes/caffeine/cache/FWRMS.class
target/shopcart-0.3.6/com/github/benmanes/caffeine/cache/FSRMW.class
target/shopcart-0.3.6/com/github/benmanes/caffeine/cache/WSMSAW.class
target/shopcart-0.3.6/com/github/benmanes/caffeine/cache/LinkedDeque$PeekingIterator.class
target/shopcart-0.3.6/com/github/benmanes/caffeine/cache/WILSMSR.class
target/shopcart-0.3.6/com/github/benmanes/caffeine/cache/SIMS.class
target/shopcart-0.3.6/com/github/benmanes/caffeine/cache/WSLAR.class
target/shopcart-0.3.6/com/github/benmanes/caffeine/cache/PSMS.class
target/shopcart-0.3.6/com/github/benmanes/caffeine/cache/SILS.class
target/shopcart-0.3.6/com/github/benmanes/caffeine/cache/PSARMS.class
target/shopcart-0.3.6/com/github/benmanes/caffeine/cache/LocalAsyncCache$AsyncAsMapView.class
target/shopcart-0.3.6/com/github/benmanes/caffeine/cache/WIMWA.class
target/shopcart-0.3.6/com/github/benmanes/caffeine/cache/PWAMW.class
target/shopcart-0.3.6/com/github/benmanes/caffeine/cache/WSSA.class
target/shopcart-0.3.6/com/github/benmanes/caffeine/cache/SILSMWA.class
target/shopcart-0.3.6/com/github/benmanes/caffeine/cache/PWAWR.class
target/shopcart-0.3.6/com/github/benmanes/caffeine/cache/FWAWRMW.class
target/shopcart-0.3.6/com/github/benmanes/caffeine/cache/UnboundedLocalCache$UnboundedLocalAsyncLoadingCache.class
target/shopcart-0.3.6/com/github/benmanes/caffeine/cache/MpscGrowableArrayQueue.class
target/shopcart-0.3.6/com/github/benmanes/caffeine/cache/SSSMSR.class
target/shopcart-0.3.6/com/github/benmanes/caffeine/cache/FDAMS.class
target/shopcart-0.3.6/com/github/benmanes/caffeine/cache/SSLA.class
target/shopcart-0.3.6/com/github/benmanes/caffeine/cache/FDWMS.class
target/shopcart-0.3.6/com/github/benmanes/caffeine/cache/WILAR.class
target/shopcart-0.3.6/com/github/benmanes/caffeine/cache/WILMWAR.class
target/shopcart-0.3.6/com/github/benmanes/caffeine/cache/WILA.class
target/shopcart-0.3.6/com/github/benmanes/caffeine/cache/PDWRMS.class
target/shopcart-0.3.6/com/github/benmanes/caffeine/cache/PDMS.class
target/shopcart-0.3.6/com/github/benmanes/caffeine/cache/FWMW.class
target/shopcart-0.3.6/com/github/benmanes/caffeine/cache/FWAWR.class
target/shopcart-0.3.6/com/github/benmanes/caffeine/cache/WIMSR.class
target/shopcart-0.3.6/com/github/benmanes/caffeine/cache/SSAW.class
target/shopcart-0.3.6/com/github/benmanes/caffeine/cache/WSMSA.class
target/shopcart-0.3.6/com/github/benmanes/caffeine/cache/WISW.class
target/shopcart-0.3.6/com/github/benmanes/caffeine/cache/FWAW.class
target/shopcart-0.3.6/com/github/benmanes/caffeine/cache/SSLSWR.class
target/shopcart-0.3.6/com/github/benmanes/caffeine/cache/WSSW.class
target/shopcart-0.3.6/com/github/benmanes/caffeine/cache/WSMWW.class
target/shopcart-0.3.6/com/github/benmanes/caffeine/cache/WILSW.class
target/shopcart-0.3.6/com/github/benmanes/caffeine/cache/SIR.class
target/shopcart-0.3.6/com/github/benmanes/caffeine/cache/WSLSW.class
target/shopcart-0.3.6/com/github/benmanes/caffeine/cache/WISAW.class
target/shopcart-0.3.6/com/github/benmanes/caffeine/cache/WSSMSAW.class
target/shopcart-0.3.6/com/github/benmanes/caffeine/cache/WIMWAR.class
target/shopcart-0.3.6/com/github/benmanes/caffeine/cache/WSSMS.class
target/shopcart-0.3.6/com/github/benmanes/caffeine/cache/WIMSAR.class
target/shopcart-0.3.6/com/github/benmanes/caffeine/cache/SILMSW.class
target/shopcart-0.3.6/com/github/benmanes/caffeine/cache/WSLSMWA.class
target/shopcart-0.3.6/com/github/benmanes/caffeine/cache/References$WeakKeyReference.class
target/shopcart-0.3.6/com/github/benmanes/caffeine/cache/WISMSAWR.class
target/shopcart-0.3.6/com/github/benmanes/caffeine/cache/PSA.class
target/shopcart-0.3.6/com/github/benmanes/caffeine/cache/WSMWAWR.class
target/shopcart-0.3.6/com/github/benmanes/caffeine/cache/FDR.class
target/shopcart-0.3.6/com/github/benmanes/caffeine/cache/FSARMS.class
target/shopcart-0.3.6/com/github/benmanes/caffeine/cache/PSWMW.class
target/shopcart-0.3.6/com/github/benmanes/caffeine/cache/SSLSMSW.class
target/shopcart-0.3.6/com/github/benmanes/caffeine/cache/FDAWRMS.class
target/shopcart-0.3.6/com/github/benmanes/caffeine/cache/WSLA.class
target/shopcart-0.3.6/com/github/benmanes/caffeine/cache/BoundedBuffer.class
target/shopcart-0.3.6/com/github/benmanes/caffeine/cache/SILSMWAW.class
target/shopcart-0.3.6/com/github/benmanes/caffeine/cache/WSLMSR.class
target/shopcart-0.3.6/com/github/benmanes/caffeine/cache/LocalAsyncCache$CacheView.class
target/shopcart-0.3.6/com/github/benmanes/caffeine/cache/PW.class
target/shopcart-0.3.6/com/github/benmanes/caffeine/cache/PDAWRMS.class
target/shopcart-0.3.6/com/github/benmanes/caffeine/cache/WSLMWA.class
target/shopcart-0.3.6/com/github/benmanes/caffeine/cache/WSSWR.class
target/shopcart-0.3.6/com/github/benmanes/caffeine/cache/SSSAWR.class
target/shopcart-0.3.6/com/github/benmanes/caffeine/cache/WIR.class
target/shopcart-0.3.6/com/github/benmanes/caffeine/cache/UnboundedLocalCache$EntrySpliterator.class
target/shopcart-0.3.6/com/github/benmanes/caffeine/cache/SILMSA.class
target/shopcart-0.3.6/com/github/benmanes/caffeine/cache/WILMWAW.class
target/shopcart-0.3.6/com/github/benmanes/caffeine/cache/FDAWMW.class
target/shopcart-0.3.6/com/github/benmanes/caffeine/cache/WI.class
target/shopcart-0.3.6/com/github/benmanes/caffeine/cache/SSLSMWR.class
target/shopcart-0.3.6/com/github/benmanes/caffeine/cache/SSAWR.class
target/shopcart-0.3.6/com/github/benmanes/caffeine/cache/SIL.class
target/shopcart-0.3.6/com/github/benmanes/caffeine/cache/SSLMWW.class
target/shopcart-0.3.6/com/github/benmanes/caffeine/cache/AbstractLinkedDeque$AbstractLinkedIterator.class
target/shopcart-0.3.6/com/github/benmanes/caffeine/cache/WSMSAWR.class
target/shopcart-0.3.6/com/github/benmanes/caffeine/cache/WIMS.class
target/shopcart-0.3.6/com/github/benmanes/caffeine/cache/WIMWAW.class
target/shopcart-0.3.6/com/github/benmanes/caffeine/cache/SISAR.class
target/shopcart-0.3.6/com/github/benmanes/caffeine/cache/BoundedLocalCache$BoundedLocalAsyncLoadingCache.class
target/shopcart-0.3.6/com/github/benmanes/caffeine/cache/PDR.class
target/shopcart-0.3.6/com/github/benmanes/caffeine/cache/SILSMWWR.class
target/shopcart-0.3.6/com/github/benmanes/caffeine/cache/RemovalCause$4.class
target/shopcart-0.3.6/com/github/benmanes/caffeine/cache/DisabledScheduler.class
target/shopcart-0.3.6/com/github/benmanes/caffeine/cache/SSSW.class
target/shopcart-0.3.6/com/github/benmanes/caffeine/cache/SSMSWR.class
target/shopcart-0.3.6/com/github/benmanes/caffeine/cache/WSMWR.class
target/shopcart-0.3.6/com/github/benmanes/caffeine/cache/WSR.class
target/shopcart-0.3.6/com/github/benmanes/caffeine/cache/SILSA.class
target/shopcart-0.3.6/com/github/benmanes/caffeine/cache/FSR.class
target/shopcart-0.3.6/com/github/benmanes/caffeine/cache/BaseMpscLinkedArrayQueue.class
target/shopcart-0.3.6/com/github/benmanes/caffeine/cache/WISMSA.class
target/shopcart-0.3.6/com/github/benmanes/caffeine/cache/BaseMpscLinkedArrayQueueConsumerFields.class
target/shopcart-0.3.6/com/github/benmanes/caffeine/cache/PWWMW.class
target/shopcart-0.3.6/com/github/benmanes/caffeine/cache/WSLMSW.class
target/shopcart-0.3.6/com/github/benmanes/caffeine/cache/SSLSMSA.class
target/shopcart-0.3.6/com/github/benmanes/caffeine/cache/SILMSAWR.class
target/shopcart-0.3.6/com/github/benmanes/caffeine/cache/SingletonWeigher.class
target/shopcart-0.3.6/com/github/benmanes/caffeine/cache/PWMS.class
target/shopcart-0.3.6/com/github/benmanes/caffeine/cache/SSLSR.class
target/shopcart-0.3.6/com/github/benmanes/caffeine/cache/SILSMS.class
target/shopcart-0.3.6/com/github/benmanes/caffeine/cache/FDARMS.class
target/shopcart-0.3.6/com/github/benmanes/caffeine/cache/PDAR.class
target/shopcart-0.3.6/com/github/benmanes/caffeine/cache/SystemTicker.class
target/shopcart-0.3.6/com/github/benmanes/caffeine/cache/WSLSMSAR.class
target/shopcart-0.3.6/com/github/benmanes/caffeine/cache/BaseMpscLinkedArrayQueueColdProducerFields.class
target/shopcart-0.3.6/com/github/benmanes/caffeine/cache/SSSMSAWR.class
target/shopcart-0.3.6/com/github/benmanes/caffeine/cache/FDAR.class
target/shopcart-0.3.6/com/github/benmanes/caffeine/cache/SSSMSAR.class
target/shopcart-0.3.6/com/github/benmanes/caffeine/cache/SSS.class
target/shopcart-0.3.6/com/github/benmanes/caffeine/cache/WIS.class
target/shopcart-0.3.6/com/github/benmanes/caffeine/cache/UnboundedLocalCache.class
target/shopcart-0.3.6/com/github/benmanes/caffeine/cache/BaseMpscLinkedArrayQueuePad3.class
target/shopcart-0.3.6/com/github/benmanes/caffeine/cache/SSLMW.class
target/shopcart-0.3.6/com/github/benmanes/caffeine/cache/WILMSWR.class
target/shopcart-0.3.6/com/github/benmanes/caffeine/cache/SSSMWAWR.class
target/shopcart-0.3.6/com/github/benmanes/caffeine/cache/SILSMSAW.class
target/shopcart-0.3.6/com/github/benmanes/caffeine/cache/WSMSW.class
target/shopcart-0.3.6/com/github/benmanes/caffeine/cache/SSMWA.class
target/shopcart-0.3.6/com/github/benmanes/caffeine/cache/BoundedLocalCache$BoundedPolicy$BoundedVarExpiration.class
target/shopcart-0.3.6/com/github/benmanes/caffeine/cache/AsyncCacheLoader.class
target/shopcart-0.3.6/com/github/benmanes/caffeine/cache/SSR.class
target/shopcart-0.3.6/com/github/benmanes/caffeine/cache/FDW.class
target/shopcart-0.3.6/com/github/benmanes/caffeine/cache/UnboundedLocalCache$ValuesIterator.class
target/shopcart-0.3.6/com/github/benmanes/caffeine/cache/WISA.class
target/shopcart-0.3.6/com/github/benmanes/caffeine/cache/SSLSMSAWR.class
target/shopcart-0.3.6/com/github/benmanes/caffeine/cache/SILSW.class
target/shopcart-0.3.6/com/github/benmanes/caffeine/cache/SILSR.class
target/shopcart-0.3.6/com/github/benmanes/caffeine/cache/SSMWR.class
target/shopcart-0.3.6/com/github/benmanes/caffeine/cache/FWWRMS.class
target/shopcart-0.3.6/com/github/benmanes/caffeine/cache/BLCHeader$PadDrainStatus.class
target/shopcart-0.3.6/com/github/benmanes/caffeine/cache/SILMWAR.class
target/shopcart-0.3.6/com/github/benmanes/caffeine/cache/SIMWA.class
target/shopcart-0.3.6/com/github/benmanes/caffeine/cache/BoundedLocalCache$PerformCleanupTask.class
target/shopcart-0.3.6/com/github/benmanes/caffeine/cache/FDAMW.class
target/shopcart-0.3.6/com/github/benmanes/caffeine/cache/BLCHeader$DrainStatusRef.class
target/shopcart-0.3.6/com/github/benmanes/caffeine/cache/WISMSR.class
target/shopcart-0.3.6/com/github/benmanes/caffeine/cache/WSL.class
target/shopcart-0.3.6/com/github/benmanes/caffeine/cache/WISMWAWR.class
target/shopcart-0.3.6/com/github/benmanes/caffeine/cache/WSLMSAWR.class
target/shopcart-0.3.6/com/github/benmanes/caffeine/cache/PDAWRMW.class
target/shopcart-0.3.6/com/github/benmanes/caffeine/cache/UnboundedLocalCache$UnboundedLocalAsyncCache.class
target/shopcart-0.3.6/com/github/benmanes/caffeine/cache/SSLMSW.class
target/shopcart-0.3.6/com/github/benmanes/caffeine/cache/Async$AsyncExpiry.class
target/shopcart-0.3.6/com/github/benmanes/caffeine/cache/WILSMWA.class
target/shopcart-0.3.6/com/github/benmanes/caffeine/cache/BoundedLocalCache$BoundedPolicy.class
target/shopcart-0.3.6/com/github/benmanes/caffeine/cache/SSSA.class
target/shopcart-0.3.6/com/github/benmanes/caffeine/cache/WILMW.class
target/shopcart-0.3.6/com/github/benmanes/caffeine/cache/SSSMWA.class
target/shopcart-0.3.6/com/github/benmanes/caffeine/cache/SSLMSA.class
target/shopcart-0.3.6/com/github/benmanes/caffeine/cache/NodeFactory.class
target/shopcart-0.3.6/com/github/benmanes/caffeine/cache/SILSMWW.class
target/shopcart-0.3.6/com/github/benmanes/caffeine/cache/PWWRMS.class
target/shopcart-0.3.6/com/github/benmanes/caffeine/cache/WILSMWWR.class
target/shopcart-0.3.6/com/github/benmanes/caffeine/cache/TimerWheel.class
target/shopcart-0.3.6/com/github/benmanes/caffeine/cache/BoundedLocalCache$BoundedLocalLoadingCache.class
target/shopcart-0.3.6/com/github/benmanes/caffeine/cache/FWAMW.class
target/shopcart-0.3.6/com/github/benmanes/caffeine/cache/WISMSWR.class
target/shopcart-0.3.6/com/github/benmanes/caffeine/cache/SISMWAR.class
target/shopcart-0.3.6/com/github/benmanes/caffeine/cache/WSLMWW.class
target/shopcart-0.3.6/com/github/benmanes/caffeine/cache/WSSAR.class
target/shopcart-0.3.6/com/github/benmanes/caffeine/cache/PWWRMW.class
target/shopcart-0.3.6/com/github/benmanes/caffeine/cache/FSAWMS.class
target/shopcart-0.3.6/com/github/benmanes/caffeine/cache/FSWRMS.class
target/shopcart-0.3.6/com/github/benmanes/caffeine/cache/WIMSAW.class
target/shopcart-0.3.6/com/github/benmanes/caffeine/cache/PWWMS.class
target/shopcart-0.3.6/com/github/benmanes/caffeine/cache/SSLSMWAW.class
target/shopcart-0.3.6/com/github/benmanes/caffeine/cache/SSMSW.class
target/shopcart-0.3.6/com/github/benmanes/caffeine/cache/LocalCache.class
target/shopcart-0.3.6/com/github/benmanes/caffeine/cache/SSLSMSWR.class
target/shopcart-0.3.6/com/github/benmanes/caffeine/cache/SILAWR.class
target/shopcart-0.3.6/com/github/benmanes/caffeine/cache/BBHeader$ReadAndWriteCounterRef.class
target/shopcart-0.3.6/com/github/benmanes/caffeine/cache/SSLAWR.class
target/shopcart-0.3.6/com/github/benmanes/caffeine/cache/FSAWMW.class
target/shopcart-0.3.6/com/github/benmanes/caffeine/cache/FS.class
target/shopcart-0.3.6/com/github/benmanes/caffeine/cache/WSLSAW.class
target/shopcart-0.3.6/com/github/benmanes/caffeine/cache/SILAW.class
target/shopcart-0.3.6/com/github/benmanes/caffeine/cache/FWW.class
target/shopcart-0.3.6/com/github/benmanes/caffeine/cache/BoundedLocalCache$ValueIterator.class
target/shopcart-0.3.6/com/github/benmanes/caffeine/cache/TimerWheel$Sentinel.class
target/shopcart-0.3.6/com/github/benmanes/caffeine/cache/CacheWriter.class
target/shopcart-0.3.6/com/github/benmanes/caffeine/cache/References$InternalReference.class
target/shopcart-0.3.6/com/github/benmanes/caffeine/cache/WSLSMSWR.class
target/shopcart-0.3.6/com/github/benmanes/caffeine/cache/SSLMWAR.class
target/shopcart-0.3.6/com/github/benmanes/caffeine/cache/WSLMWAR.class
target/shopcart-0.3.6/com/github/benmanes/caffeine/cache/SILMWWR.class
target/shopcart-0.3.6/com/github/benmanes/caffeine/cache/BBHeader$PadReadCounter.class
target/shopcart-0.3.6/com/github/benmanes/caffeine/cache/SISAW.class
target/shopcart-0.3.6/com/github/benmanes/caffeine/cache/WILSMSAR.class
target/shopcart-0.3.6/com/github/benmanes/caffeine/cache/PSR.class
target/shopcart-0.3.6/com/github/benmanes/caffeine/cache/WILMSA.class
target/shopcart-0.3.6/com/github/benmanes/caffeine/cache/SSLMSWR.class
target/shopcart-0.3.6/com/github/benmanes/caffeine/cache/FrequencySketch.class
target/shopcart-0.3.6/com/github/benmanes/caffeine/cache/SSLS.class
target/shopcart-0.3.6/com/github/benmanes/caffeine/cache/WILMSAR.class
target/shopcart-0.3.6/com/github/benmanes/caffeine/cache/WSMWAR.class
target/shopcart-0.3.6/com/github/benmanes/caffeine/cache/DisabledBuffer.class
target/shopcart-0.3.6/com/github/benmanes/caffeine/cache/AccessOrderDeque.class
target/shopcart-0.3.6/com/github/benmanes/caffeine/cache/WILSMS.class
target/shopcart-0.3.6/com/github/benmanes/caffeine/cache/SISMWAWR.class
target/shopcart-0.3.6/com/github/benmanes/caffeine/cache/WSLAWR.class
target/shopcart-0.3.6/com/github/benmanes/caffeine/cache/SSLSMWAWR.class
target/shopcart-0.3.6/com/github/benmanes/caffeine/cache/PDARMS.class
target/shopcart-0.3.6/com/github/benmanes/caffeine/cache/SSSMSAW.class
target/shopcart-0.3.6/com/github/benmanes/caffeine/cache/PDAWMW.class
target/shopcart-0.3.6/com/github/benmanes/caffeine/cache/SIMW.class
target/shopcart-0.3.6/com/github/benmanes/caffeine/cache/Policy$Eviction.class
target/shopcart-0.3.6/com/github/benmanes/caffeine/cache/SSMWW.class
target/shopcart-0.3.6/com/github/benmanes/caffeine/cache/PDAMS.class
target/shopcart-0.3.6/com/github/benmanes/caffeine/cache/FWWR.class
target/shopcart-0.3.6/com/github/benmanes/caffeine/cache/SSMS.class
target/shopcart-0.3.6/com/github/benmanes/caffeine/cache/WISAWR.class
target/shopcart-0.3.6/com/github/benmanes/caffeine/cache/LoadingCache.class
target/shopcart-0.3.6/com/github/benmanes/caffeine/cache/FDAWRMW.class
target/shopcart-0.3.6/com/github/benmanes/caffeine/cache/WILSA.class
target/shopcart-0.3.6/com/github/benmanes/caffeine/cache/PDWMW.class
target/shopcart-0.3.6/com/github/benmanes/caffeine/cache/SILMWAW.class
target/shopcart-0.3.6/com/github/benmanes/caffeine/cache/SSSMWAW.class
target/shopcart-0.3.6/com/github/benmanes/caffeine/cache/BoundedLocalCache$KeyIterator.class
target/shopcart-0.3.6/com/github/benmanes/caffeine/cache/SSMWWR.class
target/shopcart-0.3.6/com/github/benmanes/caffeine/cache/SIA.class
target/shopcart-0.3.6/com/github/benmanes/caffeine/cache/UnsafeAccess.class
target/shopcart-0.3.6/com/github/benmanes/caffeine/cache/SSSAW.class
target/shopcart-0.3.6/com/github/benmanes/caffeine/cache/SSLMWWR.class
target/shopcart-0.3.6/com/github/benmanes/caffeine/cache/WILMWR.class
target/shopcart-0.3.6/com/github/benmanes/caffeine/cache/SISMSWR.class
target/shopcart-0.3.6/com/github/benmanes/caffeine/cache/WSMSAR.class
target/shopcart-0.3.6/com/github/benmanes/caffeine/cache/WSLSMWW.class
target/shopcart-0.3.6/com/github/benmanes/caffeine/cache/FDWR.class
target/shopcart-0.3.6/com/github/benmanes/caffeine/cache/LocalAsyncLoadingCache.class
target/shopcart-0.3.6/com/github/benmanes/caffeine/cache/PWAWRMW.class
target/shopcart-0.3.6/com/github/benmanes/caffeine/cache/SystemScheduler.class
target/shopcart-0.3.6/com/github/benmanes/caffeine/cache/SISMSA.class
target/shopcart-0.3.6/com/github/benmanes/caffeine/cache/WILMWA.class
target/shopcart-0.3.6/com/github/benmanes/caffeine/cache/WILAWR.class
target/shopcart-0.3.6/com/github/benmanes/caffeine/cache/UnboundedLocalCache$ValuesView.class
target/shopcart-0.3.6/com/github/benmanes/caffeine/cache/BoundedLocalCache$EntrySpliterator.class
target/shopcart-0.3.6/com/github/benmanes/caffeine/cache/SIMSAW.class
target/shopcart-0.3.6/com/github/benmanes/caffeine/cache/CacheLoader.class
target/shopcart-0.3.6/com/github/benmanes/caffeine/cache/WIA.class
target/shopcart-0.3.6/com/github/benmanes/caffeine/cache/WISMWAW.class
target/shopcart-0.3.6/com/github/benmanes/caffeine/cache/SISWR.class
target/shopcart-0.3.6/com/github/benmanes/caffeine/cache/SILMSAW.class
target/shopcart-0.3.6/com/github/benmanes/caffeine/cache/BBHeader.class
target/shopcart-0.3.6/com/github/benmanes/caffeine/cache/SSLAR.class
target/shopcart-0.3.6/com/github/benmanes/caffeine/cache/BoundedLocalCache.class
target/shopcart-0.3.6/com/github/benmanes/caffeine/cache/WSSMWW.class
target/shopcart-0.3.6/com/github/benmanes/caffeine/cache/WSLW.class
target/shopcart-0.3.6/com/github/benmanes/caffeine/cache/FDRMS.class
target/shopcart-0.3.6/com/github/benmanes/caffeine/cache/SSMWAR.class
target/shopcart-0.3.6/com/github/benmanes/caffeine/cache/PWAWMS.class
target/shopcart-0.3.6/com/github/benmanes/caffeine/cache/SSLMWAWR.class
target/shopcart-0.3.6/com/github/benmanes/caffeine/cache/Weigher.class
target/shopcart-0.3.6/com/github/benmanes/caffeine/cache/PSAMS.class
target/shopcart-0.3.6/com/github/benmanes/caffeine/cache/LinkedDeque.class
target/shopcart-0.3.6/com/github/benmanes/caffeine/cache/WIAWR.class
target/shopcart-0.3.6/com/github/benmanes/caffeine/cache/FWAWMW.class
target/shopcart-0.3.6/com/github/benmanes/caffeine/cache/WILMWWR.class
target/shopcart-0.3.6/com/github/benmanes/caffeine/cache/CaffeineSpec.class
target/shopcart-0.3.6/com/github/benmanes/caffeine/cache/SISAWR.class
target/shopcart-0.3.6/com/github/benmanes/caffeine/cache/WIMWAWR.class
target/shopcart-0.3.6/com/github/benmanes/caffeine/cache/WSSMWAR.class
target/shopcart-0.3.6/com/github/benmanes/caffeine/cache/Buffer.class
target/shopcart-0.3.6/com/github/benmanes/caffeine/cache/WSLMSAR.class
target/shopcart-0.3.6/com/github/benmanes/caffeine/cache/FSAWRMW.class
target/shopcart-0.3.6/com/github/benmanes/caffeine/cache/WSLWR.class
target/shopcart-0.3.6/com/github/benmanes/caffeine/cache/SILSMSA.class
target/shopcart-0.3.6/com/github/benmanes/caffeine/cache/SIS.class
target/shopcart-0.3.6/com/github/benmanes/caffeine/cache/SSSMSWR.class
target/shopcart-0.3.6/com/github/benmanes/caffeine/cache/WIL.class
target/shopcart-0.3.6/com/github/benmanes/caffeine/cache/WSLS.class
target/shopcart-0.3.6/com/github/benmanes/caffeine/cache/SSLMWR.class
target/shopcart-0.3.6/com/github/benmanes/caffeine/cache/SI.class
target/shopcart-0.3.6/com/github/benmanes/caffeine/cache/BoundedLocalCache$KeySetView.class
target/shopcart-0.3.6/com/github/benmanes/caffeine/cache/PWARMW.class
target/shopcart-0.3.6/com/github/benmanes/caffeine/cache/LocalAsyncCache$AsyncBulkCompleter.class
target/shopcart-0.3.6/com/github/benmanes/caffeine/cache/BoundedLocalCache$BoundedPolicy$BoundedEviction.class
target/shopcart-0.3.6/com/github/benmanes/caffeine/cache/LocalAsyncCache.class
target/shopcart-0.3.6/com/github/benmanes/caffeine/cache/PDWR.class
target/shopcart-0.3.6/com/github/benmanes/caffeine/cache/SSLSMWAR.class
target/shopcart-0.3.6/com/github/benmanes/caffeine/cache/SISMW.class
target/shopcart-0.3.6/com/github/benmanes/caffeine/cache/BoundedLocalCache$BoundedLocalAsyncCache.class
target/shopcart-0.3.6/com/github/benmanes/caffeine/cache/SSMSA.class
target/shopcart-0.3.6/com/github/benmanes/caffeine/cache/SISMSAWR.class
target/shopcart-0.3.6/com/github/benmanes/caffeine/cache/FSAMW.class
target/shopcart-0.3.6/com/github/benmanes/caffeine/cache/WILSMSAWR.class
target/shopcart-0.3.6/com/github/benmanes/caffeine/cache/Policy.class
target/shopcart-0.3.6/com/github/benmanes/caffeine/cache/FWARMW.class
target/shopcart-0.3.6/com/github/benmanes/caffeine/cache/WILMS.class
target/shopcart-0.3.6/com/github/benmanes/caffeine/cache/WSLMSWR.class
target/shopcart-0.3.6/com/github/benmanes/caffeine/cache/LocalAsyncLoadingCache$LoadingCacheView.class
target/shopcart-0.3.6/com/github/benmanes/caffeine/cache/SISMWW.class
target/shopcart-0.3.6/com/github/benmanes/caffeine/cache/SSSMWR.class
target/shopcart-0.3.6/com/github/benmanes/caffeine/cache/WSMS.class
target/shopcart-0.3.6/com/github/benmanes/caffeine/cache/WISR.class
target/shopcart-0.3.6/com/github/benmanes/caffeine/cache/FDWMW.class
target/shopcart-0.3.6/com/github/benmanes/caffeine/cache/FWWRMW.class
target/shopcart-0.3.6/com/github/benmanes/caffeine/cache/PDMW.class
target/shopcart-0.3.6/com/github/benmanes/caffeine/cache/FSAWRMS.class
target/shopcart-0.3.6/com/github/benmanes/caffeine/cache/WSLSMSR.class
target/shopcart-0.3.6/com/github/benmanes/caffeine/cache/FSAWR.class
target/shopcart-0.3.6/com/github/benmanes/caffeine/cache/WSS.class
target/shopcart-0.3.6/com/github/benmanes/caffeine/cache/UnboundedLocalCache$UnboundedLocalLoadingCache.class
target/shopcart-0.3.6/com/github/benmanes/caffeine/cache/PSAWRMW.class
target/shopcart-0.3.6/com/github/benmanes/caffeine/cache/WSLR.class
target/shopcart-0.3.6/com/github/benmanes/caffeine/cache/SSLSAWR.class
target/shopcart-0.3.6/com/github/benmanes/caffeine/cache/WISMWA.class
target/shopcart-0.3.6/com/github/benmanes/caffeine/cache/FSARMW.class
target/shopcart-0.3.6/com/github/benmanes/caffeine/cache/WSSR.class
target/shopcart-0.3.6/com/github/benmanes/caffeine/cache/RemovalCause$2.class
target/shopcart-0.3.6/com/github/benmanes/caffeine/cache/WILMSAW.class
target/shopcart-0.3.6/com/github/benmanes/caffeine/cache/SILMSR.class
target/shopcart-0.3.6/com/github/benmanes/caffeine/cache/SILMWAWR.class
target/shopcart-0.3.6/com/github/benmanes/caffeine/cache/WSLSA.class
target/shopcart-0.3.6/com/github/benmanes/caffeine/cache/UnboundedLocalCache$KeyIterator.class
target/shopcart-0.3.6/com/github/benmanes/caffeine/cache/PDAW.class
target/shopcart-0.3.6/com/github/benmanes/caffeine/cache/WSLSMWAW.class
target/shopcart-0.3.6/com/github/benmanes/caffeine/cache/WSMSR.class
target/shopcart-0.3.6/com/github/benmanes/caffeine/cache/SILSAW.class
target/shopcart-0.3.6/com/github/benmanes/caffeine/cache/WILMSAWR.class
target/shopcart-0.3.6/com/github/benmanes/caffeine/cache/WSLSMSAW.class
target/shopcart-0.3.6/com/github/benmanes/caffeine/cache/PWRMW.class
target/shopcart-0.3.6/com/github/benmanes/caffeine/cache/PWWR.class
target/shopcart-0.3.6/com/github/benmanes/caffeine/cache/SILSMSAWR.class
target/shopcart-0.3.6/com/github/benmanes/caffeine/cache/PWARMS.class
target/shopcart-0.3.6/com/github/benmanes/caffeine/cache/SSLMSAR.class
target/shopcart-0.3.6/com/github/benmanes/caffeine/cache/WIMSAWR.class
target/shopcart-0.3.6/com/github/benmanes/caffeine/cache/WIMSA.class
target/shopcart-0.3.6/com/github/benmanes/caffeine/cache/PDARMW.class
target/shopcart-0.3.6/com/github/benmanes/caffeine/cache/PSMW.class
target/shopcart-0.3.6/com/github/benmanes/caffeine/cache/SSLMWA.class
target/shopcart-0.3.6/com/github/benmanes/caffeine/cache/SSMSAWR.class
target/shopcart-0.3.6/com/github/benmanes/caffeine/cache/FSMW.class
target/shopcart-0.3.6/com/github/benmanes/caffeine/cache/WSSMSA.class
target/shopcart-0.3.6/com/github/benmanes/caffeine/cache/ExecutorServiceScheduler.class
target/shopcart-0.3.6/com/github/benmanes/caffeine/cache/SILA.class
target/shopcart-0.3.6/com/github/benmanes/caffeine/cache/WS.class
target/shopcart-0.3.6/com/github/benmanes/caffeine/cache/FSW.class
target/shopcart-0.3.6/com/github/benmanes/caffeine/cache/PSRMS.class
target/shopcart-0.3.6/com/github/benmanes/caffeine/cache/SISMWR.class
target/shopcart-0.3.6/com/github/benmanes/caffeine/cache/SIMSW.class
target/shopcart-0.3.6/com/github/benmanes/caffeine/cache/BoundedLocalCache$BoundedPolicy$BoundedVarExpiration$1.class
target/shopcart-0.3.6/com/github/benmanes/caffeine/cache/SSSMWWR.class
target/shopcart-0.3.6/com/github/benmanes/caffeine/cache/WSLSMSW.class
target/shopcart-0.3.6/com/github/benmanes/caffeine/cache/SILSMSW.class
target/shopcart-0.3.6/com/github/benmanes/caffeine/cache/FSRMS.class
target/shopcart-0.3.6/com/github/benmanes/caffeine/cache/LinkedDeque$PeekingIterator$1.class
target/shopcart-0.3.6/com/github/benmanes/caffeine/cache/FDMS.class
target/shopcart-0.3.6/com/github/benmanes/caffeine/cache/PWA.class
target/shopcart-0.3.6/com/github/benmanes/caffeine/cache/PDW.class
target/shopcart-0.3.6/com/github/benmanes/caffeine/cache/AbstractLinkedDeque$2.class
target/shopcart-0.3.6/com/github/benmanes/caffeine/cache/FWA.class
target/shopcart-0.3.6/com/github/benmanes/caffeine/cache/SSLSA.class
target/shopcart-0.3.6/com/github/benmanes/caffeine/cache/SSSR.class
target/shopcart-0.3.6/com/github/benmanes/caffeine/cache/WILSMSWR.class
target/shopcart-0.3.6/com/github/benmanes/caffeine/cache/PSAWMS.class
target/shopcart-0.3.6/com/github/benmanes/caffeine/cache/WIAW.class
target/shopcart-0.3.6/com/github/benmanes/caffeine/cache/References$WeakValueReference.class
target/shopcart-0.3.6/com/github/benmanes/caffeine/cache/PDAWR.class
target/shopcart-0.3.6/com/github/benmanes/caffeine/cache/FDARMW.class
target/shopcart-0.3.6/com/github/benmanes/caffeine/cache/SISMSW.class
target/shopcart-0.3.6/com/github/benmanes/caffeine/cache/SIMWAW.class
target/shopcart-0.3.6/com/github/benmanes/caffeine/cache/SIMSAWR.class
target/shopcart-0.3.6/com/github/benmanes/caffeine/cache/WSLMSAW.class
target/shopcart-0.3.6/com/github/benmanes/caffeine/cache/Caffeine$CacheWriterAdapter.class
target/shopcart-0.3.6/com/github/benmanes/caffeine/cache/Caffeine$Strength.class
target/shopcart-0.3.6/com/github/benmanes/caffeine/cache/UnboundedLocalCache$UnboundedPolicy.class
target/shopcart-0.3.6/com/github/benmanes/caffeine/cache/SISW.class
target/shopcart-0.3.6/com/github/benmanes/caffeine/cache/PWMW.class
target/shopcart-0.3.6/com/github/benmanes/caffeine/cache/SISMSAR.class
target/shopcart-0.3.6/com/github/benmanes/caffeine/cache/AsyncLoadingCache.class
target/shopcart-0.3.6/com/github/benmanes/caffeine/cache/SILSAR.class
target/shopcart-0.3.6/com/github/benmanes/caffeine/cache/WILSAR.class
target/shopcart-0.3.6/com/github/benmanes/caffeine/cache/PSAR.class
target/shopcart-0.3.6/com/github/benmanes/caffeine/cache/WILSR.class
target/shopcart-0.3.6/com/github/benmanes/caffeine/cache/WSMSWR.class
target/shopcart-0.3.6/com/github/benmanes/caffeine/cache/SSMWAW.class
target/shopcart-0.3.6/com/github/benmanes/caffeine/cache/WSLMWAW.class
target/shopcart-0.3.6/com/github/benmanes/caffeine/cache/FSWR.class
target/shopcart-0.3.6/com/github/benmanes/caffeine/cache/LocalAsyncCache$AsMapView$Values.class
target/shopcart-0.3.6/com/github/benmanes/caffeine/cache/References$LookupKeyReference.class
target/shopcart-0.3.6/com/github/benmanes/caffeine/cache/SIMSA.class
target/shopcart-0.3.6/com/github/benmanes/caffeine/cache/UnboundedLocalCache$EntrySetView.class
target/shopcart-0.3.6/com/github/benmanes/caffeine/cache/SILSMSWR.class
target/shopcart-0.3.6/com/github/benmanes/caffeine/cache/SSLSMSAW.class
target/shopcart-0.3.6/com/github/benmanes/caffeine/cache/SILR.class
target/shopcart-0.3.6/com/github/benmanes/caffeine/cache/WISMWAR.class
target/shopcart-0.3.6/com/github/benmanes/caffeine/cache/LocalAsyncCache$AbstractCacheView.class
target/shopcart-0.3.6/com/github/benmanes/caffeine/cache/BoundedWeigher.class
target/shopcart-0.3.6/com/github/benmanes/caffeine/cache/stats/DisabledStatsCounter.class
target/shopcart-0.3.6/com/github/benmanes/caffeine/cache/SSLSMWW.class
target/shopcart-0.3.6/com/github/benmanes/caffeine/cache/SSLMWAW.class
target/shopcart-0.3.6/com/github/benmanes/caffeine/cache/stats/ConcurrentStatsCounter.class
target/shopcart-0.3.6/com/github/benmanes/caffeine/cache/BoundedLocalCache$ValueSpliterator.class
target/shopcart-0.3.6/com/github/benmanes/caffeine/cache/stats/StatsCounter.class
target/shopcart-0.3.6/com/github/benmanes/caffeine/cache/RemovalCause$1.class
target/shopcart-0.3.6/com/github/benmanes/caffeine/cache/WSLSMWWR.class
target/shopcart-0.3.6/com/github/benmanes/caffeine/cache/stats/GuardedStatsCounter.class
target/shopcart-0.3.6/com/github/benmanes/caffeine/cache/PDRMS.class
target/shopcart-0.3.6/com/github/benmanes/caffeine/cache/WSLSMW.class
target/shopcart-0.3.6/com/github/benmanes/caffeine/cache/WIAR.class
target/shopcart-0.3.6/com/github/benmanes/caffeine/cache/stats/CacheStats.class
target/shopcart-0.3.6/com/github/benmanes/caffeine/cache/SILSMWAR.class
target/shopcart-0.3.6/com/github/benmanes/caffeine/cache/PDAMW.class
target/shopcart-0.3.6/com/github/benmanes/caffeine/cache/PWR.class
target/shopcart-0.3.6/com/github/benmanes/caffeine/cache/PSAWR.class
target/shopcart-0.3.6/com/github/benmanes/caffeine/cache/FWWMS.class
target/shopcart-0.3.6/com/github/benmanes/caffeine/cache/RemovalCause$3.class
target/shopcart-0.3.6/com/github/benmanes/caffeine/cache/PSWR.class
target/shopcart-0.3.6/com/github/benmanes/caffeine/cache/SSMW.class
target/shopcart-0.3.6/com/github/benmanes/caffeine/cache/WIMWW.class
target/shopcart-0.3.6/com/github/benmanes/caffeine/cache/WILSMWAR.class
target/shopcart-0.3.6/com/github/benmanes/caffeine/cache/WSLMWR.class
target/shopcart-0.3.6/com/github/benmanes/caffeine/cache/WSLSMS.class
target/shopcart-0.3.6/com/github/benmanes/caffeine/cache/SSLSMS.class
target/shopcart-0.3.6/com/github/benmanes/caffeine/cache/FDRMW.class
target/shopcart-0.3.6/com/github/benmanes/caffeine/cache/BoundedLocalCache$BoundedPolicy$BoundedExpireAfterWrite.class
target/shopcart-0.3.6/com/github/benmanes/caffeine/cache/WILSMWR.class
target/shopcart-0.3.6/com/github/benmanes/caffeine/cache/SSLSAW.class
target/shopcart-0.3.6/com/github/benmanes/caffeine/cache/WSSMW.class
target/shopcart-0.3.6/com/github/benmanes/caffeine/cache/SILMW.class
target/shopcart-0.3.6/com/github/benmanes/caffeine/cache/AbstractLinkedDeque.class
target/shopcart-0.3.6/com/github/benmanes/caffeine/cache/SSLMSR.class
target/shopcart-0.3.6/com/github/benmanes/caffeine/cache/PWAR.class
target/shopcart-0.3.6/com/github/benmanes/caffeine/cache/WSMWWR.class
target/shopcart-0.3.6/com/github/benmanes/caffeine/cache/LocalManualCache.class
target/shopcart-0.3.6/com/github/benmanes/caffeine/cache/FWMS.class
target/shopcart-0.3.6/com/github/benmanes/caffeine/cache/SSLMSAW.class
target/shopcart-0.3.6/com/github/benmanes/caffeine/cache/Async$AsyncRemovalListener.class
target/shopcart-0.3.6/com/github/benmanes/caffeine/cache/SILMWW.class
target/shopcart-0.3.6/com/github/benmanes/caffeine/cache/WIMSW.class
target/shopcart-0.3.6/com/github/benmanes/caffeine/cache/BoundedLocalCache$KeySpliterator.class
target/shopcart-0.3.6/com/github/benmanes/caffeine/cache/SILMWR.class
target/shopcart-0.3.6/com/github/benmanes/caffeine/cache/PSWRMS.class
target/shopcart-0.3.6/com/github/benmanes/caffeine/cache/WSSMSR.class
target/shopcart-0.3.6/com/github/benmanes/caffeine/cache/PDWMS.class
target/shopcart-0.3.6/com/github/benmanes/caffeine/cache/FWAR.class
target/shopcart-0.3.6/com/github/benmanes/caffeine/cache/SSMSAR.class
target/shopcart-0.3.6/com/github/benmanes/caffeine/cache/SILSMW.class
target/shopcart-0.3.6/com/github/benmanes/caffeine/cache/UnboundedLocalCache$UnboundedLocalManualCache.class
target/shopcart-0.3.6/com/github/benmanes/caffeine/cache/SIMSWR.class
target/shopcart-0.3.6/com/github/benmanes/caffeine/cache/WSSMWAW.class
target/shopcart-0.3.6/com/github/benmanes/caffeine/cache/SSLSMWA.class
target/shopcart-0.3.6/com/github/benmanes/caffeine/cache/FDMW.class
target/shopcart-0.3.6/com/github/benmanes/caffeine/cache/SSLSMSAR.class
target/shopcart-0.3.6/com/github/benmanes/caffeine/cache/Cache.class
target/shopcart-0.3.6/com/github/benmanes/caffeine/cache/SSMWAWR.class
target/shopcart-0.3.6/com/github/benmanes/caffeine/cache/SILSWR.class
target/shopcart-0.3.6/com/github/benmanes/caffeine/cache/SSSMSW.class
target/shopcart-0.3.6/com/github/benmanes/caffeine/cache/SILW.class
target/shopcart-0.3.6/com/github/benmanes/caffeine/cache/WSSMWWR.class
target/shopcart-0.3.6/com/github/benmanes/caffeine/cache/Scheduler.class
target/shopcart-0.3.6/com/github/benmanes/caffeine/cache/WILAW.class
target/shopcart-0.3.6/com/github/benmanes/caffeine/cache/WriteThroughEntry.class
target/shopcart-0.3.6/com/github/benmanes/caffeine/cache/SISMSAW.class
target/shopcart-0.3.6/com/github/benmanes/caffeine/cache/PDAWMS.class
target/shopcart-0.3.6/com/github/benmanes/caffeine/cache/GuardedScheduler.class
target/shopcart-0.3.6/com/github/benmanes/caffeine/cache/SSSMW.class
target/shopcart-0.3.6/com/github/benmanes/caffeine/cache/SSA.class
target/shopcart-0.3.6/com/github/benmanes/caffeine/cache/PWRMS.class
target/shopcart-0.3.6/com/github/benmanes/caffeine/cache/WSLSWR.class
target/shopcart-0.3.6/com/github/benmanes/caffeine/cache/SILSMWAWR.class
target/shopcart-0.3.6/com/github/benmanes/caffeine/cache/BaseMpscLinkedArrayQueueProducerFields.class
target/shopcart-0.3.6/com/github/benmanes/caffeine/cache/PWAWMW.class
target/shopcart-0.3.6/com/github/benmanes/caffeine/cache/WSAR.class
target/shopcart-0.3.6/com/github/benmanes/caffeine/cache/WSLMS.class
target/shopcart-0.3.6/com/github/benmanes/caffeine/cache/BoundedLocalCache$EntrySetView.class
target/shopcart-0.3.6/com/github/benmanes/caffeine/cache/WIWR.class
target/shopcart-0.3.6/com/github/benmanes/caffeine/cache/Pacer.class
target/shopcart-0.3.6/com/github/benmanes/caffeine/cache/WILMWAWR.class
target/shopcart-0.3.6/com/github/benmanes/caffeine/cache/SILMS.class
target/shopcart-0.3.6/com/github/benmanes/caffeine/cache/BoundedLocalCache$AddTask.class
target/shopcart-0.3.6/com/github/benmanes/caffeine/cache/WILSMSAW.class
target/shopcart-0.3.6/com/github/benmanes/caffeine/cache/WSMWAW.class
target/shopcart-0.3.6/com/github/benmanes/caffeine/cache/DisabledFuture.class
target/shopcart-0.3.6/com/github/benmanes/caffeine/cache/WILSMWW.class
target/shopcart-0.3.6/com/github/benmanes/caffeine/cache/SerializationProxy.class
target/shopcart-0.3.6/com/github/benmanes/caffeine/cache/WILS.class
target/shopcart-0.3.6/com/github/benmanes/caffeine/cache/WSSMWAWR.class
target/shopcart-0.3.6/com/github/benmanes/caffeine/cache/SSLMSAWR.class
target/shopcart-0.3.6/com/github/benmanes/caffeine/cache/SSLSMSR.class
target/shopcart-0.3.6/com/github/benmanes/caffeine/cache/DisabledWriter.class
target/shopcart-0.3.6/com/github/benmanes/caffeine/cache/PSWRMW.class
target/shopcart-0.3.6/com/github/benmanes/caffeine/cache/FWAWMS.class
target/shopcart-0.3.6/com/github/benmanes/caffeine/cache/SISMSR.class
target/shopcart-0.3.6/com/github/benmanes/caffeine/cache/PSARMW.class
target/shopcart-0.3.6/com/github/benmanes/caffeine/cache/RemovalCause.class
target/shopcart-0.3.6/com/github/benmanes/caffeine/cache/PSAWRMS.class
target/shopcart-0.3.6/com/github/benmanes/caffeine/cache/WSLSMSA.class
target/shopcart-0.3.6/com/github/benmanes/caffeine/cache/SSSMWW.class
target/shopcart-0.3.6/com/github/benmanes/caffeine/cache/LocalCacheFactory.class
target/shopcart-0.3.6/com/github/benmanes/caffeine/cache/WIMW.class
target/shopcart-0.3.6/com/github/benmanes/caffeine/cache/AsyncCache.class
target/shopcart-0.3.6/com/github/benmanes/caffeine/cache/FSAR.class
target/shopcart-0.3.6/com/github/benmanes/caffeine/cache/SIMWWR.class
target/shopcart-0.3.6/com/github/benmanes/caffeine/cache/BaseMpscLinkedArrayQueuePad2.class
target/shopcart-0.3.6/com/github/benmanes/caffeine/cache/LocalAsyncCache$AsMapView$EntrySet$1.class
target/shopcart-0.3.6/com/github/benmanes/caffeine/cache/SSLR.class
target/shopcart-0.3.6/com/github/benmanes/caffeine/cache/WSSMWR.class
target/shopcart-0.3.6/com/github/benmanes/caffeine/cache/LocalLoadingCache.class
target/shopcart-0.3.6/com/github/benmanes/caffeine/cache/SIMSR.class
target/shopcart-0.3.6/com/github/benmanes/caffeine/cache/WSAWR.class
target/shopcart-0.3.6/com/github/benmanes/caffeine/cache/FSAW.class
target/shopcart-0.3.6/com/github/benmanes/caffeine/cache/UnboundedLocalCache$EntryIterator.class
target/shopcart-0.3.6/com/github/benmanes/caffeine/cache/DisabledTicker.class
target/shopcart-0.3.6/com/github/benmanes/caffeine/cache/SILMSWR.class
target/shopcart-0.3.6/com/github/benmanes/caffeine/cache/WISMSW.class
target/shopcart-0.3.6/com/github/benmanes/caffeine/cache/BoundedLocalCache$BoundedPolicy$BoundedRefreshAfterWrite.class
target/shopcart-0.3.6/com/github/benmanes/caffeine/cache/WILSAW.class
target/shopcart-0.3.6/com/github/benmanes/caffeine/cache/SIMWAWR.class
target/shopcart-0.3.6/com/github/benmanes/caffeine/cache/WISAR.class
target/shopcart-0.3.6/com/github/benmanes/caffeine/cache/FWAMS.class
target/shopcart-0.3.6/com/github/benmanes/caffeine/cache/SISMWAW.class
target/shopcart-0.3.6/com/github/benmanes/caffeine/cache/FSWMS.class
target/shopcart-0.3.6/com/github/benmanes/caffeine/cache/MpscChunkedArrayQueueColdProducerFields.class
target/shopcart-0.3.6/com/github/benmanes/caffeine/cache/WISMWWR.class
target/shopcart-0.3.6/com/github/benmanes/caffeine/cache/PDWRMW.class
target/shopcart-0.3.6/com/github/benmanes/caffeine/cache/WISMS.class
target/shopcart-0.3.6/com/github/benmanes/caffeine/cache/SSLWR.class
target/shopcart-0.3.6/com/github/benmanes/caffeine/cache/SILMSAR.class
target/shopcart-0.3.6/com/github/benmanes/caffeine/cache/PWW.class
target/shopcart-0.3.6/com/github/benmanes/caffeine/cache/SSLSMWWR.class
target/shopcart-0.3.6/com/github/benmanes/caffeine/cache/WriteOrderDeque$WriteOrder.class
target/shopcart-0.3.6/com/github/benmanes/caffeine/cache/BoundedLocalCache$BoundedLocalManualCache.class
target/shopcart-0.3.6/com/github/benmanes/caffeine/cache/SIW.class
target/shopcart-0.3.6/com/github/benmanes/caffeine/cache/BoundedLocalCache$BoundedLocalAsyncLoadingCache$AsyncLoader.class
target/shopcart-0.3.6/com/github/benmanes/caffeine/cache/FDAWR.class
target/shopcart-0.3.6/com/github/benmanes/caffeine/cache/BBHeader$ReadCounterRef.class
target/shopcart-0.3.6/com/github/benmanes/caffeine/cache/SISR.class
target/shopcart-0.3.6/com/github/benmanes/caffeine/cache/PSAMW.class
target/shopcart-0.3.6/com/github/benmanes/caffeine/cache/Caffeine.class
target/shopcart-0.3.6/com/github/benmanes/caffeine/cache/Ticker.class
target/shopcart-0.3.6/com/github/benmanes/caffeine/cache/RemovalListener.class
target/shopcart-0.3.6/com/github/benmanes/caffeine/cache/SILSMSR.class
target/shopcart-0.3.6/com/github/benmanes/caffeine/cache/BoundedLocalCache$UpdateTask.class
target/shopcart-0.3.6/com/github/benmanes/caffeine/cache/PSAW.class
target/shopcart-0.3.6/com/github/benmanes/caffeine/cache/WILMSR.class
target/shopcart-0.3.6/com/github/benmanes/caffeine/cache/SIMSAR.class
target/shopcart-0.3.6/com/github/benmanes/caffeine/cache/WILSMW.class
target/shopcart-0.3.6/com/github/benmanes/caffeine/cache/BaseMpscLinkedArrayQueuePad1.class
target/shopcart-0.3.6/com/github/benmanes/caffeine/cache/SILSMSAR.class
target/shopcart-0.3.6/com/github/benmanes/caffeine/cache/WISMWR.class
target/shopcart-0.3.6/com/github/benmanes/caffeine/cache/SIMWW.class
target/shopcart-0.3.6/com/github/benmanes/caffeine/cache/LocalAsyncCache$AsMapView.class
target/shopcart-0.3.6/com/github/benmanes/caffeine/cache/WSAW.class
target/shopcart-0.3.6/com/github/benmanes/caffeine/cache/SSLSAR.class
target/shopcart-0.3.6/com/github/benmanes/caffeine/cache/SISMWWR.class
target/shopcart-0.3.6/com/github/benmanes/caffeine/cache/AbstractLinkedDeque$1.class
target/shopcart-0.3.6/com/github/benmanes/caffeine/cache/SSSMSA.class
target/shopcart-0.3.6/com/github/benmanes/caffeine/cache/Async$AsyncWeigher.class
target/shopcart-0.3.6/com/github/benmanes/caffeine/cache/SILAR.class
target/shopcart-0.3.6/com/github/benmanes/caffeine/cache/AccessOrderDeque$AccessOrder.class
target/shopcart-0.3.6/com/github/benmanes/caffeine/cache/UnsafeRefArrayAccess.class
target/shopcart-0.3.6/com/github/benmanes/caffeine/cache/WSSMWA.class
target/shopcart-0.3.6/com/github/benmanes/caffeine/cache/WSSMSW.class
target/shopcart-0.3.6/com/github/benmanes/caffeine/cache/WILMSW.class
target/shopcart-0.3.6/com/github/benmanes/caffeine/cache/WSMWA.class
target/shopcart-0.3.6/com/github/benmanes/caffeine/cache/WSLSAWR.class
target/shopcart-0.3.6/com/github/benmanes/caffeine/cache/Async.class
target/shopcart-0.3.6/com/github/benmanes/caffeine/cache/FSWMW.class
target/shopcart-0.3.6/com/github/benmanes/caffeine/cache/FWAWRMS.class
target/shopcart-0.3.6/com/github/benmanes/caffeine/cache/SSL.class
target/shopcart-0.3.6/com/github/benmanes/caffeine/cache/FWR.class
target/shopcart-0.3.6/com/github/benmanes/caffeine/cache/WILSMSW.class
target/shopcart-0.3.6/com/github/benmanes/caffeine/cache/PD.class
target/shopcart-0.3.6/com/github/benmanes/caffeine/cache/FD.class
target/shopcart-0.3.6/com/github/benmanes/caffeine/cache/SIWR.class
target/shopcart-0.3.6/com/github/benmanes/caffeine/cache/WSSAWR.class
target/shopcart-0.3.6/com/github/benmanes/caffeine/cache/FDAW.class
target/shopcart-0.3.6/com/github/benmanes/caffeine/cache/LocalAsyncCache$AsyncBulkCompleter$NullMapCompletionException.class
target/shopcart-0.3.6/com/github/benmanes/caffeine/cache/References$SoftValueReference.class
target/shopcart-0.3.6/com/github/benmanes/caffeine/cache/WSLSMWR.class
target/shopcart-0.3.6/com/github/benmanes/caffeine/cache/WIW.class
target/shopcart-0.3.6/com/github/benmanes/caffeine/cache/PSWMS.class
target/shopcart-0.3.6/com/github/benmanes/caffeine/cache/BoundedLocalCache$ValuesView.class
target/shopcart-0.3.6/com/github/benmanes/caffeine/cache/WILR.class
target/shopcart-0.3.6/com/github/benmanes/caffeine/cache/SSWR.class
target/shopcart-0.3.6/com/github/benmanes/caffeine/cache/BLCHeader.class
target/shopcart-0.3.6/com/github/benmanes/caffeine/cache/SIAWR.class
target/shopcart-0.3.6/com/github/benmanes/caffeine/cache/WSLSR.class
target/shopcart-0.3.6/com/github/benmanes/caffeine/cache/PWAW.class
target/shopcart-0.3.6/com/github/benmanes/caffeine/cache/SSW.class
target/shopcart-0.3.6/com/github/benmanes/caffeine/cache/WILSMSA.class
target/shopcart-0.3.6/com/github/benmanes/caffeine/cache/FSA.class
target/shopcart-0.3.6/com/github/benmanes/caffeine/cache/SILWR.class
target/shopcart-0.3.6/com/github/benmanes/caffeine/cache/WILSWR.class
target/shopcart-0.3.6/com/github/benmanes/caffeine/cache/FWWMW.class
target/shopcart-0.3.6/com/github/benmanes/caffeine/cache/SSAR.class
target/shopcart-0.3.6/com/github/benmanes/caffeine/cache/FDWRMW.class
target/shopcart-0.3.6/com/github/benmanes/caffeine/cache/WSMW.class
target/shopcart-0.3.6/com/github/benmanes/caffeine/cache/FSWRMW.class
target/shopcart-0.3.6/com/fasterxml/jackson/core/Base64Variants.class
target/shopcart-0.3.6/com/github/benmanes/caffeine/cache/SISA.class
target/shopcart-0.3.6/com/github/benmanes/caffeine/SingleConsumerQueue$1.class
target/shopcart-0.3.6/com/github/benmanes/caffeine/SCQHeader$HeadAndTailRef.class
target/shopcart-0.3.6/com/fasterxml/jackson/core/JsonParser$NumberType.class
target/shopcart-0.3.6/com/fasterxml/jackson/core/io/CharTypes.class
target/shopcart-0.3.6/com/fasterxml/jackson/core/io/CharacterEscapes.class
target/shopcart-0.3.6/com/fasterxml/jackson/core/base/GeneratorBase.class
target/shopcart-0.3.6/com/fasterxml/jackson/core/io/UTF8Writer.class
target/shopcart-0.3.6/com/fasterxml/jackson/core/io/IOContext.class
target/shopcart-0.3.6/com/fasterxml/jackson/core/io/CharTypes$AltEscapes.class
target/shopcart-0.3.6/com/fasterxml/jackson/core/base/ParserMinimalBase.class
target/shopcart-0.3.6/com/fasterxml/jackson/core/io/NumberInput.class
target/shopcart-0.3.6/com/fasterxml/jackson/core/io/JsonEOFException.class
target/shopcart-0.3.6/com/fasterxml/jackson/core/io/DataOutputAsStream.class
target/shopcart-0.3.6/com/fasterxml/jackson/core/io/SerializedString.class
target/shopcart-0.3.6/com/fasterxml/jackson/core/io/SegmentedStringWriter.class
target/shopcart-0.3.6/com/fasterxml/jackson/core/io/InputDecorator.class
target/shopcart-0.3.6/com/fasterxml/jackson/core/io/OutputDecorator.class
target/shopcart-0.3.6/com/fasterxml/jackson/core/ObjectCodec.class
target/shopcart-0.3.6/com/fasterxml/jackson/core/JsonFactory$Feature.class
target/shopcart-0.3.6/com/fasterxml/jackson/core/io/MergedStream.class
target/shopcart-0.3.6/com/fasterxml/jackson/core/TreeNode.class
target/shopcart-0.3.6/com/fasterxml/jackson/core/base/ParserBase.class
target/shopcart-0.3.6/com/fasterxml/jackson/core/Base64Variant$PaddingReadBehaviour.class
target/shopcart-0.3.6/com/fasterxml/jackson/core/StreamReadCapability.class
target/shopcart-0.3.6/com/fasterxml/jackson/core/JsonFactoryBuilder.class
target/shopcart-0.3.6/com/fasterxml/jackson/core/StreamWriteCapability.class
target/shopcart-0.3.6/com/fasterxml/jackson/core/type/WritableTypeId.class
target/shopcart-0.3.6/com/fasterxml/jackson/core/io/NumberOutput.class
target/shopcart-0.3.6/com/fasterxml/jackson/core/io/JsonStringEncoder.class
target/shopcart-0.3.6/com/fasterxml/jackson/core/JsonGenerator$Feature.class
target/shopcart-0.3.6/com/fasterxml/jackson/core/type/TypeReference.class
target/shopcart-0.3.6/com/fasterxml/jackson/core/io/UTF32Reader.class
target/shopcart-0.3.6/com/fasterxml/jackson/core/JsonEncoding.class
target/shopcart-0.3.6/com/fasterxml/jackson/core/Base64Variant.class
target/shopcart-0.3.6/com/fasterxml/jackson/core/type/WritableTypeId$Inclusion.class
target/shopcart-0.3.6/com/fasterxml/jackson/core/type/ResolvedType.class
target/shopcart-0.3.6/com/fasterxml/jackson/core/TSFBuilder.class
target/shopcart-0.3.6/com/fasterxml/jackson/core/JsonLocation.class
target/shopcart-0.3.6/com/fasterxml/jackson/core/StreamReadFeature.class
target/shopcart-0.3.6/com/fasterxml/jackson/core/JsonGenerationException.class
target/shopcart-0.3.6/com/fasterxml/jackson/core/TreeCodec.class
target/shopcart-0.3.6/com/fasterxml/jackson/core/JsonToken.class
target/shopcart-0.3.6/com/fasterxml/jackson/core/async/ByteBufferFeeder.class
target/shopcart-0.3.6/com/fasterxml/jackson/core/async/ByteArrayFeeder.class
target/shopcart-0.3.6/com/fasterxml/jackson/core/async/NonBlockingInputFeeder.class
target/shopcart-0.3.6/com/fasterxml/jackson/core/json/DupDetector.class
target/shopcart-0.3.6/com/fasterxml/jackson/core/Version.class
target/shopcart-0.3.6/com/fasterxml/jackson/core/JsonFactory.class
target/shopcart-0.3.6/com/fasterxml/jackson/core/JsonParser$Feature.class
target/shopcart-0.3.6/com/fasterxml/jackson/core/JsonProcessingException.class
target/shopcart-0.3.6/com/fasterxml/jackson/core/json/JsonReadContext.class
target/shopcart-0.3.6/com/fasterxml/jackson/core/json/PackageVersion.class
target/shopcart-0.3.6/com/fasterxml/jackson/core/json/ByteSourceJsonBootstrapper.class
target/shopcart-0.3.6/com/fasterxml/jackson/core/util/Instantiatable.class
target/shopcart-0.3.6/com/fasterxml/jackson/core/JsonGenerator.class
target/shopcart-0.3.6/com/fasterxml/jackson/core/json/JsonWriteContext.class
target/shopcart-0.3.6/com/fasterxml/jackson/core/json/JsonReadFeature.class
target/shopcart-0.3.6/com/fasterxml/jackson/core/util/DefaultPrettyPrinter$Indenter.class
target/shopcart-0.3.6/com/fasterxml/jackson/core/util/DefaultPrettyPrinter$NopIndenter.class
target/shopcart-0.3.6/com/fasterxml/jackson/core/json/JsonWriteFeature.class
target/shopcart-0.3.6/com/fasterxml/jackson/core/json/JsonGeneratorImpl.class
target/shopcart-0.3.6/com/fasterxml/jackson/core/util/BufferRecyclers.class
target/shopcart-0.3.6/com/fasterxml/jackson/core/util/JacksonFeatureSet.class
target/shopcart-0.3.6/com/fasterxml/jackson/core/util/JacksonFeature.class
target/shopcart-0.3.6/com/fasterxml/jackson/core/util/BufferRecycler.class
target/shopcart-0.3.6/com/fasterxml/jackson/core/util/VersionUtil.class
target/shopcart-0.3.6/com/fasterxml/jackson/core/util/ThreadLocalBufferManager$ThreadLocalBufferManagerHolder.class
target/shopcart-0.3.6/com/fasterxml/jackson/core/json/async/NonBlockingJsonParserBase.class
target/shopcart-0.3.6/com/fasterxml/jackson/core/util/InternCache.class
target/shopcart-0.3.6/com/fasterxml/jackson/core/util/JsonParserSequence.class
target/shopcart-0.3.6/com/fasterxml/jackson/core/util/MinimalPrettyPrinter.class
target/shopcart-0.3.6/com/fasterxml/jackson/core/util/DefaultIndenter.class
target/shopcart-0.3.6/com/fasterxml/jackson/core/util/JsonGeneratorDelegate.class
target/shopcart-0.3.6/com/fasterxml/jackson/core/util/RequestPayload.class
target/shopcart-0.3.6/com/fasterxml/jackson/core/format/InputAccessor.class
target/shopcart-0.3.6/com/fasterxml/jackson/core/util/ByteArrayBuilder.class
target/shopcart-0.3.6/com/fasterxml/jackson/core/json/WriterBasedJsonGenerator.class
target/shopcart-0.3.6/com/fasterxml/jackson/core/util/Separators.class
target/shopcart-0.3.6/com/fasterxml/jackson/core/util/ThreadLocalBufferManager.class
target/shopcart-0.3.6/com/fasterxml/jackson/core/util/DefaultPrettyPrinter$FixedSpaceIndenter.class
target/shopcart-0.3.6/com/fasterxml/jackson/core/util/JsonParserDelegate.class
target/shopcart-0.3.6/com/fasterxml/jackson/core/json/UTF8JsonGenerator.class
target/shopcart-0.3.6/com/fasterxml/jackson/core/format/MatchStrength.class
target/shopcart-0.3.6/com/fasterxml/jackson/core/util/DefaultPrettyPrinter.class
target/shopcart-0.3.6/com/fasterxml/jackson/core/Versioned.class
target/shopcart-0.3.6/com/fasterxml/jackson/core/util/TextBuffer.class
target/shopcart-0.3.6/com/fasterxml/jackson/core/PrettyPrinter.class
target/shopcart-0.3.6/com/fasterxml/jackson/core/format/DataFormatDetector.class
target/shopcart-0.3.6/com/fasterxml/jackson/core/JsonStreamContext.class
target/shopcart-0.3.6/com/fasterxml/jackson/core/format/DataFormatMatcher.class
target/shopcart-0.3.6/com/fasterxml/jackson/core/SerializableString.class
target/shopcart-0.3.6/com/fasterxml/jackson/core/format/InputAccessor$Std.class
target/shopcart-0.3.6/com/fasterxml/jackson/core/JsonTokenId.class
target/shopcart-0.3.6/com/fasterxml/jackson/core/JsonGenerator$1.class
target/shopcart-0.3.6/com/fasterxml/jackson/core/json/UTF8DataInputJsonParser.class
target/shopcart-0.3.6/com/fasterxml/jackson/core/TokenStreamFactory.class
target/shopcart-0.3.6/com/fasterxml/jackson/core/FormatSchema.class
target/shopcart-0.3.6/com/fasterxml/jackson/core/FormatFeature.class
target/shopcart-0.3.6/com/fasterxml/jackson/core/json/async/NonBlockingJsonParser.class
target/shopcart-0.3.6/com/fasterxml/jackson/core/StreamWriteFeature.class
target/shopcart-0.3.6/com/fasterxml/jackson/core/exc/InputCoercionException.class
target/shopcart-0.3.6/com/fasterxml/jackson/core/sym/CharsToNameCanonicalizer$TableInfo.class
target/shopcart-0.3.6/com/fasterxml/jackson/core/sym/ByteQuadsCanonicalizer$TableInfo.class
target/shopcart-0.3.6/com/fasterxml/jackson/core/json/ReaderBasedJsonParser.class
target/shopcart-0.3.6/com/fasterxml/jackson/core/sym/Name1.class
target/shopcart-0.3.6/com/fasterxml/jackson/core/exc/StreamReadException.class
target/shopcart-0.3.6/com/fasterxml/jackson/core/json/UTF8StreamJsonParser.class
target/shopcart-0.3.6/com/fasterxml/jackson/core/JsonPointer.class
target/shopcart-0.3.6/com/fasterxml/jackson/core/sym/Name2.class
target/shopcart-0.3.6/com/fasterxml/jackson/core/sym/CharsToNameCanonicalizer$Bucket.class
target/shopcart-0.3.6/com/fasterxml/jackson/core/sym/Name3.class
target/shopcart-0.3.6/com/fasterxml/jackson/core/sym/Name.class
target/shopcart-0.3.6/com/fasterxml/jackson/core/JsonParser.class
target/shopcart-0.3.6/com/fasterxml/jackson/core/sym/CharsToNameCanonicalizer.class
target/shopcart-0.3.6/com/fasterxml/jackson/core/sym/NameN.class
target/shopcart-0.3.6/com/fasterxml/jackson/core/JacksonException.class
target/shopcart-0.3.6/com/fasterxml/jackson/core/filter/JsonPointerBasedFilter.class
target/shopcart-0.3.6/com/fasterxml/jackson/core/JsonpCharacterEscapes.class
target/shopcart-0.3.6/com/fasterxml/jackson/core/sym/ByteQuadsCanonicalizer.class
target/shopcart-0.3.6/com/fasterxml/jackson/annotation/JsonFormat$Feature.class
target/shopcart-0.3.6/com/fasterxml/jackson/core/filter/TokenFilter$Inclusion.class
target/shopcart-0.3.6/com/fasterxml/jackson/annotation/JsonClassDescription.class
target/shopcart-0.3.6/com/fasterxml/jackson/core/filter/TokenFilter.class
target/shopcart-0.3.6/com/fasterxml/jackson/core/JsonParseException.class
target/shopcart-0.3.6/com/fasterxml/jackson/annotation/JsonBackReference.class
target/shopcart-0.3.6/com/fasterxml/jackson/annotation/JsonUnwrapped.class
target/shopcart-0.3.6/com/fasterxml/jackson/annotation/ObjectIdResolver.class
target/shopcart-0.3.6/com/fasterxml/jackson/core/filter/FilteringParserDelegate.class
target/shopcart-0.3.6/com/fasterxml/jackson/core/filter/TokenFilterContext.class
target/shopcart-0.3.6/com/fasterxml/jackson/annotation/JsonProperty.class
target/shopcart-0.3.6/com/fasterxml/jackson/annotation/JsonFormat.class
target/shopcart-0.3.6/com/fasterxml/jackson/annotation/ObjectIdGenerators$PropertyGenerator.class
target/shopcart-0.3.6/com/fasterxml/jackson/annotation/JsonEnumDefaultValue.class
target/shopcart-0.3.6/com/fasterxml/jackson/annotation/JsonTypeInfo$As.class
target/shopcart-0.3.6/com/fasterxml/jackson/annotation/JsonTypeInfo$Id.class
target/shopcart-0.3.6/com/fasterxml/jackson/annotation/JsonManagedReference.class
target/shopcart-0.3.6/com/fasterxml/jackson/annotation/JsonIgnoreProperties.class
target/shopcart-0.3.6/com/fasterxml/jackson/annotation/JsonInclude$Include.class
target/shopcart-0.3.6/com/fasterxml/jackson/annotation/JsonRootName.class
target/shopcart-0.3.6/com/fasterxml/jackson/annotation/JsonAnySetter.class
target/shopcart-0.3.6/com/fasterxml/jackson/core/filter/FilteringGeneratorDelegate.class
target/shopcart-0.3.6/com/fasterxml/jackson/annotation/JsonProperty$Access.class
target/shopcart-0.3.6/com/fasterxml/jackson/annotation/JacksonAnnotationValue.class
target/shopcart-0.3.6/com/fasterxml/jackson/annotation/SimpleObjectIdResolver.class
target/shopcart-0.3.6/com/fasterxml/jackson/annotation/JsonPropertyOrder.class
target/shopcart-0.3.6/com/fasterxml/jackson/annotation/JsonInclude.class
target/shopcart-0.3.6/com/fasterxml/jackson/annotation/JsonAutoDetect$Visibility.class
target/shopcart-0.3.6/com/fasterxml/jackson/annotation/JsonAlias.class
target/shopcart-0.3.6/com/fasterxml/jackson/annotation/ObjectIdGenerator.class
target/shopcart-0.3.6/com/fasterxml/jackson/annotation/JsonFormat$Value.class
target/shopcart-0.3.6/com/fasterxml/jackson/annotation/JsonMerge.class
target/shopcart-0.3.6/com/fasterxml/jackson/annotation/JsonView.class
target/shopcart-0.3.6/com/fasterxml/jackson/annotation/JacksonInject$Value.class
target/shopcart-0.3.6/com/fasterxml/jackson/annotation/JacksonInject.class
target/shopcart-0.3.6/com/fasterxml/jackson/annotation/JsonIgnoreProperties$Value.class
target/shopcart-0.3.6/com/fasterxml/jackson/annotation/JsonTypeName.class
target/shopcart-0.3.6/com/fasterxml/jackson/annotation/JsonIdentityInfo.class
target/shopcart-0.3.6/com/fasterxml/jackson/annotation/JsonAutoDetect$1.class
target/shopcart-0.3.6/com/fasterxml/jackson/annotation/OptBoolean.class
target/shopcart-0.3.6/com/fasterxml/jackson/annotation/JsonSubTypes.class
target/shopcart-0.3.6/com/fasterxml/jackson/annotation/PropertyAccessor.class
target/shopcart-0.3.6/com/fasterxml/jackson/annotation/JsonCreator.class
target/shopcart-0.3.6/com/fasterxml/jackson/annotation/ObjectIdGenerators.class
target/shopcart-0.3.6/com/fasterxml/jackson/annotation/JsonKey.class
target/shopcart-0.3.6/com/fasterxml/jackson/annotation/JsonTypeId.class
target/shopcart-0.3.6/com/fasterxml/jackson/annotation/JsonSetter.class
target/shopcart-0.3.6/com/fasterxml/jackson/annotation/JsonGetter.class
target/shopcart-0.3.6/com/fasterxml/jackson/annotation/JsonRawValue.class
target/shopcart-0.3.6/com/fasterxml/jackson/annotation/JsonIdentityReference.class
target/shopcart-0.3.6/com/fasterxml/jackson/annotation/JsonCreator$Mode.class
target/shopcart-0.3.6/com/fasterxml/jackson/annotation/JsonIgnoreType.class
target/shopcart-0.3.6/com/fasterxml/jackson/annotation/JsonSetter$Value.class
target/shopcart-0.3.6/com/fasterxml/jackson/annotation/ObjectIdGenerators$UUIDGenerator.class
target/shopcart-0.3.6/com/fasterxml/jackson/annotation/ObjectIdGenerators$None.class
target/shopcart-0.3.6/com/fasterxml/jackson/annotation/JsonIncludeProperties$Value.class
target/shopcart-0.3.6/com/fasterxml/jackson/annotation/JacksonAnnotationsInside.class
target/shopcart-0.3.6/com/fasterxml/jackson/annotation/JsonAutoDetect.class
target/shopcart-0.3.6/com/fasterxml/jackson/annotation/JsonIgnore.class
target/shopcart-0.3.6/com/fasterxml/jackson/annotation/ObjectIdGenerators$Base.class
target/shopcart-0.3.6/com/fasterxml/jackson/annotation/ObjectIdGenerators$StringIdGenerator.class
target/shopcart-0.3.6/com/fasterxml/jackson/annotation/JsonInclude$Value.class
target/shopcart-0.3.6/com/fasterxml/jackson/annotation/JsonPropertyDescription.class
target/shopcart-0.3.6/com/fasterxml/jackson/annotation/Nulls.class
target/shopcart-0.3.6/com/fasterxml/jackson/annotation/ObjectIdGenerator$IdKey.class
target/shopcart-0.3.6/com/fasterxml/jackson/annotation/ObjectIdGenerators$IntSequenceGenerator.class
target/shopcart-0.3.6/com/fasterxml/jackson/annotation/JsonTypeInfo.class
target/shopcart-0.3.6/com/fasterxml/jackson/annotation/JsonSubTypes$Type.class
target/shopcart-0.3.6/com/fasterxml/jackson/annotation/JsonFormat$Features.class
target/shopcart-0.3.6/com/fasterxml/jackson/annotation/JsonFilter.class
target/shopcart-0.3.6/com/fasterxml/jackson/annotation/JsonTypeInfo$None.class
target/shopcart-0.3.6/com/fasterxml/jackson/annotation/JsonAnyGetter.class
target/shopcart-0.3.6/com/fasterxml/jackson/annotation/JsonFormat$Shape.class
target/shopcart-0.3.6/com/fasterxml/jackson/annotation/JacksonAnnotation.class
target/shopcart-0.3.6/com/fasterxml/jackson/annotation/JsonIncludeProperties.class
target/shopcart-0.3.6/com/fasterxml/jackson/annotation/JsonValue.class
target/shopcart-0.3.6/com/fasterxml/jackson/datatype/jsr310/ser/ZonedDateTimeWithZoneIdSerializer.class
target/shopcart-0.3.6/com/fasterxml/jackson/datatype/jsr310/ser/key/Jsr310NullKeySerializer.class
target/shopcart-0.3.6/com/fasterxml/jackson/datatype/jsr310/ser/JSR310SerializerBase.class
target/shopcart-0.3.6/com/fasterxml/jackson/datatype/jsr310/ser/InstantSerializer.class
target/shopcart-0.3.6/com/fasterxml/jackson/datatype/jsr310/ser/LocalDateSerializer.class
target/shopcart-0.3.6/com/fasterxml/jackson/datatype/jsr310/ser/LocalDateTimeSerializer.class
target/shopcart-0.3.6/com/fasterxml/jackson/datatype/jsr310/ser/LocalDateSerializer$1.class
target/shopcart-0.3.6/com/fasterxml/jackson/datatype/jsr310/ser/YearSerializer.class
target/shopcart-0.3.6/com/fasterxml/jackson/datatype/jsr310/ser/OffsetTimeSerializer.class
target/shopcart-0.3.6/com/fasterxml/jackson/datatype/jsr310/ser/YearMonthSerializer.class
target/shopcart-0.3.6/com/fasterxml/jackson/annotation/JsonAutoDetect$Value.class
target/shopcart-0.3.6/com/fasterxml/jackson/datatype/jsr310/ser/key/ZonedDateTimeKeySerializer.class
target/shopcart-0.3.6/com/fasterxml/jackson/datatype/jsr310/ser/InstantSerializerBase.class
target/shopcart-0.3.6/com/fasterxml/jackson/datatype/jsr310/ser/OffsetDateTimeSerializer.class
target/shopcart-0.3.6/com/fasterxml/jackson/datatype/jsr310/ser/DurationSerializer.class
target/shopcart-0.3.6/com/fasterxml/jackson/datatype/jsr310/ser/LocalTimeSerializer.class
target/shopcart-0.3.6/com/fasterxml/jackson/datatype/jsr310/ser/ZoneIdSerializer.class
target/shopcart-0.3.6/com/fasterxml/jackson/datatype/jsr310/PackageVersion.class
target/shopcart-0.3.6/com/fasterxml/jackson/datatype/jsr310/util/DurationUnitConverter$DurationSerialization.class
target/shopcart-0.3.6/com/fasterxml/jackson/datatype/jsr310/ser/MonthDaySerializer.class
target/shopcart-0.3.6/com/fasterxml/jackson/datatype/jsr310/JavaTimeModule$1.class
target/shopcart-0.3.6/com/fasterxml/jackson/datatype/jsr310/JSR310Module$1.class
target/shopcart-0.3.6/com/fasterxml/jackson/datatype/jsr310/ser/JSR310FormattedSerializerBase.class
target/shopcart-0.3.6/com/fasterxml/jackson/datatype/jsr310/ser/ZonedDateTimeSerializer.class
target/shopcart-0.3.6/com/fasterxml/jackson/datatype/jsr310/deser/DurationDeserializer.class
target/shopcart-0.3.6/com/fasterxml/jackson/datatype/jsr310/util/DurationUnitConverter.class
target/shopcart-0.3.6/com/fasterxml/jackson/datatype/jsr310/deser/InstantDeserializer$FromIntegerArguments.class
target/shopcart-0.3.6/com/fasterxml/jackson/datatype/jsr310/deser/InstantDeserializer$FromDecimalArguments.class
target/shopcart-0.3.6/com/fasterxml/jackson/datatype/jsr310/JavaTimeModule.class
target/shopcart-0.3.6/com/fasterxml/jackson/datatype/jsr310/deser/key/DurationKeyDeserializer.class
target/shopcart-0.3.6/com/fasterxml/jackson/datatype/jsr310/DecimalUtils.class
target/shopcart-0.3.6/com/fasterxml/jackson/datatype/jsr310/JSR310Module.class
target/shopcart-0.3.6/com/fasterxml/jackson/datatype/jsr310/deser/key/ZoneOffsetKeyDeserializer.class
target/shopcart-0.3.6/com/fasterxml/jackson/datatype/jsr310/deser/MonthDayDeserializer.class
target/shopcart-0.3.6/com/fasterxml/jackson/datatype/jsr310/deser/key/LocalDateKeyDeserializer.class
target/shopcart-0.3.6/com/fasterxml/jackson/datatype/jsr310/deser/key/OffsetTimeKeyDeserializer.class
target/shopcart-0.3.6/com/fasterxml/jackson/datatype/jsr310/deser/JSR310DeserializerBase.class
target/shopcart-0.3.6/com/fasterxml/jackson/datatype/jsr310/deser/key/OffsetDateTimeKeyDeserializer.class
target/shopcart-0.3.6/com/fasterxml/jackson/datatype/jsr310/deser/key/YearKeyDeserializer.class
target/shopcart-0.3.6/com/fasterxml/jackson/datatype/jsr310/deser/InstantDeserializer.class
target/shopcart-0.3.6/com/fasterxml/jackson/datatype/jsr310/deser/key/YearMothKeyDeserializer.class
target/shopcart-0.3.6/com/fasterxml/jackson/datatype/jsr310/deser/key/MonthDayKeyDeserializer.class
target/shopcart-0.3.6/com/fasterxml/jackson/datatype/jsr310/deser/key/ZoneIdKeyDeserializer.class
target/shopcart-0.3.6/com/fasterxml/jackson/datatype/jsr310/deser/key/ZonedDateTimeKeyDeserializer.class
target/shopcart-0.3.6/com/fasterxml/jackson/datatype/jsr310/deser/key/YearMonthKeyDeserializer.class
target/shopcart-0.3.6/com/fasterxml/jackson/datatype/jsr310/deser/key/LocalTimeKeyDeserializer.class
target/shopcart-0.3.6/com/fasterxml/jackson/datatype/jsr310/deser/key/PeriodKeyDeserializer.class
target/shopcart-0.3.6/com/fasterxml/jackson/datatype/jsr310/deser/key/InstantKeyDeserializer.class
target/shopcart-0.3.6/com/fasterxml/jackson/datatype/jsr310/deser/key/Jsr310KeyDeserializer.class
target/shopcart-0.3.6/com/fasterxml/jackson/datatype/jsr310/deser/key/LocalDateTimeKeyDeserializer.class
target/shopcart-0.3.6/com/fasterxml/jackson/datatype/jsr310/deser/JSR310DeserializerBase$1.class
target/shopcart-0.3.6/com/fasterxml/jackson/datatype/jsr310/deser/LocalTimeDeserializer.class
target/shopcart-0.3.6/com/fasterxml/jackson/datatype/jsr310/deser/JSR310DateTimeDeserializerBase.class
target/shopcart-0.3.6/com/fasterxml/jackson/datatype/jsr310/deser/YearMonthDeserializer.class
target/shopcart-0.3.6/com/fasterxml/jackson/datatype/jsr310/deser/YearDeserializer.class
target/shopcart-0.3.6/com/fasterxml/jackson/datatype/jdk8/BaseScalarOptionalDeserializer.class
target/shopcart-0.3.6/com/fasterxml/jackson/datatype/jdk8/Jdk8BeanSerializerModifier.class
target/shopcart-0.3.6/com/fasterxml/jackson/datatype/jsr310/deser/LocalDateDeserializer.class
target/shopcart-0.3.6/com/fasterxml/jackson/datatype/jdk8/Jdk8Module.class
target/shopcart-0.3.6/com/fasterxml/jackson/datatype/jsr310/deser/OffsetTimeDeserializer.class
target/shopcart-0.3.6/com/fasterxml/jackson/datatype/jdk8/Jdk8TypeModifier.class
target/shopcart-0.3.6/com/fasterxml/jackson/datatype/jdk8/WrappedIOException.class
target/shopcart-0.3.6/com/fasterxml/jackson/datatype/jdk8/OptionalIntSerializer.class
target/shopcart-0.3.6/com/fasterxml/jackson/datatype/jdk8/Jdk8OptionalBeanPropertyWriter.class
target/shopcart-0.3.6/com/fasterxml/jackson/datatype/jsr310/deser/JSR310StringParsableDeserializer.class
target/shopcart-0.3.6/com/fasterxml/jackson/datatype/jsr310/deser/LocalDateTimeDeserializer.class
target/shopcart-0.3.6/com/fasterxml/jackson/datatype/jdk8/OptionalDeserializer.class
target/shopcart-0.3.6/com/fasterxml/jackson/datatype/jdk8/LongStreamSerializer.class
target/shopcart-0.3.6/com/fasterxml/jackson/datatype/jdk8/OptionalDoubleDeserializer.class
target/shopcart-0.3.6/com/fasterxml/jackson/datatype/jdk8/OptionalSerializer.class
target/shopcart-0.3.6/com/fasterxml/jackson/datatype/jdk8/OptionalLongSerializer.class
target/shopcart-0.3.6/com/fasterxml/jackson/datatype/jdk8/PackageVersion.class
target/shopcart-0.3.6/com/fasterxml/jackson/datatype/jdk8/Jdk8UnwrappingOptionalBeanPropertyWriter.class
target/shopcart-0.3.6/com/fasterxml/jackson/datatype/jdk8/DoubleStreamSerializer.class
target/shopcart-0.3.6/com/fasterxml/jackson/datatype/jdk8/OptionalDoubleSerializer.class
target/shopcart-0.3.6/com/fasterxml/jackson/datatype/jdk8/OptionalIntDeserializer.class
target/shopcart-0.3.6/com/fasterxml/jackson/datatype/jdk8/IntStreamSerializer.class
target/shopcart-0.3.6/com/fasterxml/jackson/datatype/jdk8/Jdk8Serializers.class
target/shopcart-0.3.6/com/fasterxml/jackson/datatype/jdk8/Jdk8Deserializers.class
target/shopcart-0.3.6/com/fasterxml/jackson/databind/annotation/JsonAppend.class
target/shopcart-0.3.6/com/fasterxml/jackson/datatype/jdk8/StreamSerializer.class
target/shopcart-0.3.6/com/fasterxml/jackson/databind/annotation/JsonNaming.class
target/shopcart-0.3.6/com/fasterxml/jackson/datatype/jdk8/OptionalLongDeserializer.class
target/shopcart-0.3.6/com/fasterxml/jackson/databind/annotation/JsonSerialize$Typing.class
target/shopcart-0.3.6/com/fasterxml/jackson/databind/annotation/NoClass.class
target/shopcart-0.3.6/com/fasterxml/jackson/databind/annotation/JsonPOJOBuilder$Value.class
target/shopcart-0.3.6/com/fasterxml/jackson/databind/annotation/JsonPOJOBuilder.class
target/shopcart-0.3.6/com/fasterxml/jackson/databind/annotation/JsonSerialize$Inclusion.class
target/shopcart-0.3.6/com/fasterxml/jackson/databind/annotation/JsonTypeIdResolver.class
target/shopcart-0.3.6/com/fasterxml/jackson/databind/annotation/JsonSerialize.class
target/shopcart-0.3.6/com/fasterxml/jackson/databind/annotation/JsonValueInstantiator.class
target/shopcart-0.3.6/com/fasterxml/jackson/databind/annotation/JsonTypeResolver.class
target/shopcart-0.3.6/com/fasterxml/jackson/databind/annotation/JsonAppend$Prop.class
target/shopcart-0.3.6/com/fasterxml/jackson/databind/annotation/JsonDeserialize.class
target/shopcart-0.3.6/com/fasterxml/jackson/databind/annotation/JacksonStdImpl.class
target/shopcart-0.3.6/com/fasterxml/jackson/databind/ObjectWriter$GeneratorSettings.class
target/shopcart-0.3.6/com/fasterxml/jackson/databind/annotation/JsonAppend$Attr.class
target/shopcart-0.3.6/com/fasterxml/jackson/databind/jsonschema/SchemaAware.class
target/shopcart-0.3.6/com/fasterxml/jackson/databind/PropertyNamingStrategy$LowerDotCaseStrategy.class
target/shopcart-0.3.6/com/fasterxml/jackson/databind/jsonschema/JsonSerializableSchema.class
target/shopcart-0.3.6/com/fasterxml/jackson/databind/cfg/MapperBuilder$1.class
target/shopcart-0.3.6/com/fasterxml/jackson/databind/jsonschema/JsonSchema.class
target/shopcart-0.3.6/com/fasterxml/jackson/databind/JsonDeserializer$None.class
target/shopcart-0.3.6/com/fasterxml/jackson/databind/cfg/CoercionAction.class
target/shopcart-0.3.6/com/fasterxml/jackson/databind/PropertyMetadata.class
target/shopcart-0.3.6/com/fasterxml/jackson/databind/cfg/MutableCoercionConfig.class
target/shopcart-0.3.6/com/fasterxml/jackson/databind/ObjectMapper$DefaultTyping.class
target/shopcart-0.3.6/com/fasterxml/jackson/databind/JsonSerializable$Base.class
target/shopcart-0.3.6/com/fasterxml/jackson/databind/cfg/CoercionConfigs$1.class
target/shopcart-0.3.6/com/fasterxml/jackson/databind/cfg/ConstructorDetector$SingleArgConstructor.class
target/shopcart-0.3.6/com/fasterxml/jackson/databind/cfg/CoercionInputShape.class
target/shopcart-0.3.6/com/fasterxml/jackson/databind/cfg/ConfigOverride.class
target/shopcart-0.3.6/com/fasterxml/jackson/databind/cfg/HandlerInstantiator.class
target/shopcart-0.3.6/com/fasterxml/jackson/databind/cfg/ContextAttributes.class
target/shopcart-0.3.6/com/fasterxml/jackson/databind/cfg/ContextAttributes$Impl.class
target/shopcart-0.3.6/com/fasterxml/jackson/databind/cfg/ConfigFeature.class
target/shopcart-0.3.6/com/fasterxml/jackson/databind/cfg/CoercionConfig.class
target/shopcart-0.3.6/com/fasterxml/jackson/databind/cfg/PackageVersion.class
target/shopcart-0.3.6/com/fasterxml/jackson/databind/cfg/ConstructorDetector.class
target/shopcart-0.3.6/com/fasterxml/jackson/databind/cfg/MapperConfig.class
target/shopcart-0.3.6/com/fasterxml/jackson/databind/ser/Serializers.class
target/shopcart-0.3.6/com/fasterxml/jackson/databind/cfg/ConfigOverrides.class
target/shopcart-0.3.6/com/fasterxml/jackson/databind/cfg/ConfigOverride$Empty.class
target/shopcart-0.3.6/com/fasterxml/jackson/databind/cfg/CoercionConfigs.class
target/shopcart-0.3.6/com/fasterxml/jackson/databind/cfg/MapperConfigBase.class
target/shopcart-0.3.6/com/fasterxml/jackson/databind/ObjectReader.class
target/shopcart-0.3.6/com/fasterxml/jackson/databind/cfg/BaseSettings.class
target/shopcart-0.3.6/com/fasterxml/jackson/databind/cfg/MutableConfigOverride.class
target/shopcart-0.3.6/com/fasterxml/jackson/databind/cfg/SerializerFactoryConfig.class
target/shopcart-0.3.6/com/fasterxml/jackson/databind/ser/BeanSerializerModifier.class
target/shopcart-0.3.6/com/fasterxml/jackson/databind/ser/DefaultSerializerProvider$Impl.class
target/shopcart-0.3.6/com/fasterxml/jackson/databind/ser/BeanPropertyFilter.class
target/shopcart-0.3.6/com/fasterxml/jackson/databind/ser/AnyGetterWriter.class
target/shopcart-0.3.6/com/fasterxml/jackson/databind/ser/ResolvableSerializer.class
target/shopcart-0.3.6/com/fasterxml/jackson/databind/cfg/MapperBuilder.class
target/shopcart-0.3.6/com/fasterxml/jackson/databind/ser/ContextualSerializer.class
target/shopcart-0.3.6/com/fasterxml/jackson/databind/cfg/DeserializerFactoryConfig.class
target/shopcart-0.3.6/com/fasterxml/jackson/databind/ser/SerializerFactory.class
target/shopcart-0.3.6/com/fasterxml/jackson/databind/ser/PropertyBuilder$1.class
target/shopcart-0.3.6/com/fasterxml/jackson/databind/ser/BeanSerializer.class
target/shopcart-0.3.6/com/fasterxml/jackson/databind/ser/PropertyWriter.class
target/shopcart-0.3.6/com/fasterxml/jackson/databind/ser/BasicSerializerFactory$1.class
target/shopcart-0.3.6/com/fasterxml/jackson/databind/ser/SerializerCache.class
target/shopcart-0.3.6/com/fasterxml/jackson/databind/ser/std/InetAddressSerializer.class
target/shopcart-0.3.6/com/fasterxml/jackson/databind/ser/std/NumberSerializers$FloatSerializer.class
target/shopcart-0.3.6/com/fasterxml/jackson/databind/ser/std/StdJdkSerializers$AtomicBooleanSerializer.class
target/shopcart-0.3.6/com/fasterxml/jackson/databind/ser/std/NumberSerializers$IntLikeSerializer.class
target/shopcart-0.3.6/com/fasterxml/jackson/databind/ser/std/NonTypedScalarSerializerBase.class
target/shopcart-0.3.6/com/fasterxml/jackson/databind/ser/PropertyBuilder.class
target/shopcart-0.3.6/com/fasterxml/jackson/databind/ser/ContainerSerializer.class
target/shopcart-0.3.6/com/fasterxml/jackson/databind/ser/std/StaticListSerializerBase.class
target/shopcart-0.3.6/com/fasterxml/jackson/databind/ser/std/BeanSerializerBase$1.class
target/shopcart-0.3.6/com/fasterxml/jackson/databind/ser/std/FileSerializer.class
target/shopcart-0.3.6/com/fasterxml/jackson/databind/ser/std/NumberSerializers$1.class
target/shopcart-0.3.6/com/fasterxml/jackson/databind/ser/std/NumberSerializer.class
target/shopcart-0.3.6/com/fasterxml/jackson/databind/ser/std/TokenBufferSerializer.class
target/shopcart-0.3.6/com/fasterxml/jackson/databind/ser/std/ObjectArraySerializer.class
target/shopcart-0.3.6/com/fasterxml/jackson/databind/ser/std/JsonValueSerializer$TypeSerializerRerouter.class
target/shopcart-0.3.6/com/fasterxml/jackson/databind/ser/std/SqlDateSerializer.class
target/shopcart-0.3.6/com/fasterxml/jackson/databind/ser/std/StdJdkSerializers.class
target/shopcart-0.3.6/com/fasterxml/jackson/databind/ser/std/ClassSerializer.class
target/shopcart-0.3.6/com/fasterxml/jackson/databind/ser/std/StdArraySerializers$LongArraySerializer.class
target/shopcart-0.3.6/com/fasterxml/jackson/databind/ser/std/StdKeySerializers$StringKeySerializer.class
target/shopcart-0.3.6/com/fasterxml/jackson/databind/ser/std/StdSerializer.class
target/shopcart-0.3.6/com/fasterxml/jackson/databind/ser/std/StdKeySerializers$Default.class
target/shopcart-0.3.6/com/fasterxml/jackson/databind/ser/std/JsonValueSerializer.class
target/shopcart-0.3.6/com/fasterxml/jackson/databind/ser/std/StdArraySerializers$FloatArraySerializer.class
target/shopcart-0.3.6/com/fasterxml/jackson/databind/ser/std/CollectionSerializer.class
target/shopcart-0.3.6/com/fasterxml/jackson/databind/ser/std/StdKeySerializers$Dynamic.class
target/shopcart-0.3.6/com/fasterxml/jackson/databind/ser/BasicSerializerFactory.class
target/shopcart-0.3.6/com/fasterxml/jackson/databind/ser/std/StdArraySerializers$IntArraySerializer.class
target/shopcart-0.3.6/com/fasterxml/jackson/databind/ser/std/NumberSerializers$DoubleSerializer.class
target/shopcart-0.3.6/com/fasterxml/jackson/databind/ser/std/DateSerializer.class
target/shopcart-0.3.6/com/fasterxml/jackson/databind/ser/std/StdJdkSerializers$AtomicLongSerializer.class
target/shopcart-0.3.6/com/fasterxml/jackson/databind/ser/std/ArraySerializerBase.class
target/shopcart-0.3.6/com/fasterxml/jackson/databind/ser/std/EnumSerializer.class
target/shopcart-0.3.6/com/fasterxml/jackson/databind/ser/std/StdArraySerializers$BooleanArraySerializer.class
target/shopcart-0.3.6/com/fasterxml/jackson/databind/ser/std/StdJdkSerializers$AtomicIntegerSerializer.class
target/shopcart-0.3.6/com/fasterxml/jackson/databind/ser/std/BooleanSerializer$AsNumber.class
target/shopcart-0.3.6/com/fasterxml/jackson/databind/ser/std/StdArraySerializers.class
target/shopcart-0.3.6/com/fasterxml/jackson/databind/ser/std/RawSerializer.class
target/shopcart-0.3.6/com/fasterxml/jackson/databind/ser/std/ReferenceTypeSerializer.class
target/shopcart-0.3.6/com/fasterxml/jackson/databind/ser/std/StdArraySerializers$ShortArraySerializer.class
target/shopcart-0.3.6/com/fasterxml/jackson/databind/ser/std/NumberSerializers$IntegerSerializer.class
target/shopcart-0.3.6/com/fasterxml/jackson/databind/ser/std/UUIDSerializer.class
target/shopcart-0.3.6/com/fasterxml/jackson/databind/ser/std/CalendarSerializer.class
target/shopcart-0.3.6/com/fasterxml/jackson/databind/ser/std/BooleanSerializer.class
target/shopcart-0.3.6/com/fasterxml/jackson/databind/ser/std/StdArraySerializers$CharArraySerializer.class
target/shopcart-0.3.6/com/fasterxml/jackson/databind/ser/std/NumberSerializers$LongSerializer.class
target/shopcart-0.3.6/com/fasterxml/jackson/databind/ser/std/ByteArraySerializer.class
target/shopcart-0.3.6/com/fasterxml/jackson/databind/ser/std/BeanSerializerBase.class
target/shopcart-0.3.6/com/fasterxml/jackson/databind/ser/std/ReferenceTypeSerializer$1.class
target/shopcart-0.3.6/com/fasterxml/jackson/databind/ser/std/SerializableSerializer.class
target/shopcart-0.3.6/com/fasterxml/jackson/databind/ser/std/ToStringSerializer.class
target/shopcart-0.3.6/com/fasterxml/jackson/databind/ser/std/NumberSerializers$Base.class
target/shopcart-0.3.6/com/fasterxml/jackson/databind/ser/std/EnumSetSerializer.class
target/shopcart-0.3.6/com/fasterxml/jackson/databind/ser/std/NumberSerializers.class
target/shopcart-0.3.6/com/fasterxml/jackson/databind/ser/std/DateTimeSerializerBase.class
target/shopcart-0.3.6/com/fasterxml/jackson/databind/ser/std/StdKeySerializer.class
target/shopcart-0.3.6/com/fasterxml/jackson/databind/ser/std/StdDelegatingSerializer.class
target/shopcart-0.3.6/com/fasterxml/jackson/databind/ser/std/NumberSerializer$BigDecimalAsStringSerializer.class
target/shopcart-0.3.6/com/fasterxml/jackson/databind/ser/std/StdArraySerializers$TypedPrimitiveArraySerializer.class
target/shopcart-0.3.6/com/fasterxml/jackson/databind/ser/std/InetSocketAddressSerializer.class
target/shopcart-0.3.6/com/fasterxml/jackson/databind/ser/std/NumberSerializer$1.class
target/shopcart-0.3.6/com/fasterxml/jackson/databind/ser/std/MapSerializer$1.class
target/shopcart-0.3.6/com/fasterxml/jackson/databind/ser/std/StdKeySerializers$EnumKeySerializer.class
target/shopcart-0.3.6/com/fasterxml/jackson/databind/ser/std/StringSerializer.class
target/shopcart-0.3.6/com/fasterxml/jackson/databind/ser/std/AtomicReferenceSerializer.class
target/shopcart-0.3.6/com/fasterxml/jackson/databind/ser/std/StdKeySerializers.class
target/shopcart-0.3.6/com/fasterxml/jackson/databind/ser/std/MapProperty.class
target/shopcart-0.3.6/com/fasterxml/jackson/databind/ser/std/AsArraySerializerBase.class
target/shopcart-0.3.6/com/fasterxml/jackson/databind/ser/std/TimeZoneSerializer.class
target/shopcart-0.3.6/com/fasterxml/jackson/databind/ser/std/NumberSerializers$ShortSerializer.class
target/shopcart-0.3.6/com/fasterxml/jackson/databind/ser/std/ToStringSerializerBase.class
target/shopcart-0.3.6/com/fasterxml/jackson/databind/ser/std/NullSerializer.class
target/shopcart-0.3.6/com/fasterxml/jackson/databind/ser/std/StdScalarSerializer.class
target/shopcart-0.3.6/com/fasterxml/jackson/databind/ser/std/ByteBufferSerializer.class
target/shopcart-0.3.6/com/fasterxml/jackson/databind/ser/std/SqlTimeSerializer.class
target/shopcart-0.3.6/com/fasterxml/jackson/databind/ser/std/IterableSerializer.class
target/shopcart-0.3.6/com/fasterxml/jackson/databind/ser/std/StdArraySerializers$DoubleArraySerializer.class
target/shopcart-0.3.6/com/fasterxml/jackson/databind/ser/impl/SimpleBeanPropertyFilter$SerializeExceptFilter.class
target/shopcart-0.3.6/com/fasterxml/jackson/databind/ser/impl/PropertySerializerMap$Single.class
target/shopcart-0.3.6/com/fasterxml/jackson/databind/ser/impl/UnwrappingBeanPropertyWriter$1.class
target/shopcart-0.3.6/com/fasterxml/jackson/databind/ser/impl/AttributePropertyWriter.class
target/shopcart-0.3.6/com/fasterxml/jackson/databind/ser/impl/PropertySerializerMap$TypeAndSerializer.class
target/shopcart-0.3.6/com/fasterxml/jackson/databind/ser/impl/FilteredBeanPropertyWriter.class
target/shopcart-0.3.6/com/fasterxml/jackson/databind/ser/std/MapSerializer.class
target/shopcart-0.3.6/com/fasterxml/jackson/databind/ser/impl/TypeWrappedSerializer.class
target/shopcart-0.3.6/com/fasterxml/jackson/databind/ser/impl/PropertySerializerMap$SerializerAndMapResult.class
target/shopcart-0.3.6/com/fasterxml/jackson/databind/ser/impl/WritableObjectId.class
target/shopcart-0.3.6/com/fasterxml/jackson/databind/ser/impl/IteratorSerializer.class
target/shopcart-0.3.6/com/fasterxml/jackson/databind/ser/impl/SimpleBeanPropertyFilter$1.class
target/shopcart-0.3.6/com/fasterxml/jackson/databind/ser/impl/UnwrappingBeanSerializer.class
target/shopcart-0.3.6/com/fasterxml/jackson/databind/ser/impl/UnknownSerializer.class
target/shopcart-0.3.6/com/fasterxml/jackson/databind/ser/impl/PropertySerializerMap$Double.class
target/shopcart-0.3.6/com/fasterxml/jackson/databind/ser/impl/ObjectIdWriter.class
target/shopcart-0.3.6/com/fasterxml/jackson/databind/ser/impl/FilteredBeanPropertyWriter$MultiView.class
target/shopcart-0.3.6/com/fasterxml/jackson/databind/ser/DefaultSerializerProvider.class
target/shopcart-0.3.6/com/fasterxml/jackson/databind/ser/impl/SimpleBeanPropertyFilter.class
target/shopcart-0.3.6/com/fasterxml/jackson/databind/ser/impl/SimpleFilterProvider.class
target/shopcart-0.3.6/com/fasterxml/jackson/databind/ser/impl/StringCollectionSerializer.class
target/shopcart-0.3.6/com/fasterxml/jackson/databind/ser/impl/SimpleBeanPropertyFilter$FilterExceptFilter.class
target/shopcart-0.3.6/com/fasterxml/jackson/databind/ser/impl/UnsupportedTypeSerializer.class
target/shopcart-0.3.6/com/fasterxml/jackson/databind/ser/impl/PropertySerializerMap.class
target/shopcart-0.3.6/com/fasterxml/jackson/databind/ser/impl/FailingSerializer.class
target/shopcart-0.3.6/com/fasterxml/jackson/databind/ser/impl/PropertySerializerMap$Empty.class
target/shopcart-0.3.6/com/fasterxml/jackson/databind/ser/impl/PropertyBasedObjectIdGenerator.class
target/shopcart-0.3.6/com/fasterxml/jackson/databind/ser/impl/ReadOnlyClassToSerializerMap$Bucket.class
target/shopcart-0.3.6/com/fasterxml/jackson/databind/ser/impl/BeanAsArraySerializer.class
target/shopcart-0.3.6/com/fasterxml/jackson/databind/ser/Serializers$Base.class
target/shopcart-0.3.6/com/fasterxml/jackson/databind/ser/impl/MapEntrySerializer$1.class
target/shopcart-0.3.6/com/fasterxml/jackson/databind/ser/impl/FilteredBeanPropertyWriter$SingleView.class
target/shopcart-0.3.6/com/fasterxml/jackson/databind/ser/impl/IndexedListSerializer.class
target/shopcart-0.3.6/com/fasterxml/jackson/databind/ser/impl/IndexedStringListSerializer.class
target/shopcart-0.3.6/com/fasterxml/jackson/databind/ser/impl/UnwrappingBeanPropertyWriter.class
target/shopcart-0.3.6/com/fasterxml/jackson/databind/ser/PropertyFilter.class
target/shopcart-0.3.6/com/fasterxml/jackson/databind/ser/impl/PropertySerializerMap$Multi.class
target/shopcart-0.3.6/com/fasterxml/jackson/databind/ser/impl/MapEntrySerializer.class
target/shopcart-0.3.6/com/fasterxml/jackson/databind/ser/impl/ReadOnlyClassToSerializerMap.class
target/shopcart-0.3.6/com/fasterxml/jackson/databind/ser/impl/StringArraySerializer.class
target/shopcart-0.3.6/com/fasterxml/jackson/databind/AbstractTypeResolver.class
target/shopcart-0.3.6/com/fasterxml/jackson/databind/ser/FilterProvider.class
target/shopcart-0.3.6/com/fasterxml/jackson/databind/ser/VirtualBeanPropertyWriter.class
target/shopcart-0.3.6/com/fasterxml/jackson/databind/PropertyMetadata$MergeInfo.class
target/shopcart-0.3.6/com/fasterxml/jackson/databind/MappingIterator.class
target/shopcart-0.3.6/com/fasterxml/jackson/databind/ser/BeanSerializerBuilder.class
target/shopcart-0.3.6/com/fasterxml/jackson/databind/PropertyNamingStrategies$NamingBase.class
target/shopcart-0.3.6/com/fasterxml/jackson/databind/JsonMappingException$Reference.class
target/shopcart-0.3.6/com/fasterxml/jackson/databind/type/TypeModifier.class
target/shopcart-0.3.6/com/fasterxml/jackson/databind/PropertyNamingStrategy$SnakeCaseStrategy.class
target/shopcart-0.3.6/com/fasterxml/jackson/databind/type/TypeParser.class
target/shopcart-0.3.6/com/fasterxml/jackson/databind/PropertyNamingStrategies$LowerDotCaseStrategy.class
target/shopcart-0.3.6/com/fasterxml/jackson/databind/type/ClassStack.class
target/shopcart-0.3.6/com/fasterxml/jackson/databind/ser/BeanSerializerFactory.class
target/shopcart-0.3.6/com/fasterxml/jackson/databind/type/TypeBindings$AsKey.class
target/shopcart-0.3.6/com/fasterxml/jackson/databind/ser/BeanPropertyWriter.class
target/shopcart-0.3.6/com/fasterxml/jackson/databind/type/TypeBase.class
target/shopcart-0.3.6/com/fasterxml/jackson/databind/type/SimpleType.class
target/shopcart-0.3.6/com/fasterxml/jackson/databind/type/CollectionType.class
target/shopcart-0.3.6/com/fasterxml/jackson/databind/SerializerProvider.class
target/shopcart-0.3.6/com/fasterxml/jackson/databind/type/PlaceholderForType.class
target/shopcart-0.3.6/com/fasterxml/jackson/databind/type/CollectionLikeType.class
target/shopcart-0.3.6/com/fasterxml/jackson/databind/type/TypeBindings$TypeParamStash.class
target/shopcart-0.3.6/com/fasterxml/jackson/databind/JsonSerializer$None.class
target/shopcart-0.3.6/com/fasterxml/jackson/databind/type/MapType.class
target/shopcart-0.3.6/com/fasterxml/jackson/databind/type/ResolvedRecursiveType.class
target/shopcart-0.3.6/com/fasterxml/jackson/databind/type/MapLikeType.class
target/shopcart-0.3.6/com/fasterxml/jackson/databind/type/ClassKey.class
target/shopcart-0.3.6/com/fasterxml/jackson/databind/type/TypeParser$MyTokenizer.class
target/shopcart-0.3.6/com/fasterxml/jackson/databind/BeanDescription.class
target/shopcart-0.3.6/com/fasterxml/jackson/databind/type/LogicalType.class
target/shopcart-0.3.6/com/fasterxml/jackson/databind/type/ArrayType.class
target/shopcart-0.3.6/com/fasterxml/jackson/databind/BeanProperty.class
target/shopcart-0.3.6/com/fasterxml/jackson/databind/type/ReferenceType.class
target/shopcart-0.3.6/com/fasterxml/jackson/databind/type/TypeFactory.class
target/shopcart-0.3.6/com/fasterxml/jackson/databind/Module$SetupContext.class
target/shopcart-0.3.6/com/fasterxml/jackson/databind/InjectableValues.class
target/shopcart-0.3.6/com/fasterxml/jackson/databind/ObjectMapper$3.class
target/shopcart-0.3.6/com/fasterxml/jackson/databind/AnnotationIntrospector.class
target/shopcart-0.3.6/com/fasterxml/jackson/databind/ObjectWriter$Prefetch.class
target/shopcart-0.3.6/com/fasterxml/jackson/databind/type/TypeBindings.class
target/shopcart-0.3.6/com/fasterxml/jackson/databind/DatabindContext.class
target/shopcart-0.3.6/com/fasterxml/jackson/databind/node/TextNode.class
target/shopcart-0.3.6/com/fasterxml/jackson/databind/node/ValueNode.class
target/shopcart-0.3.6/com/fasterxml/jackson/databind/node/JsonNodeFactory.class
target/shopcart-0.3.6/com/fasterxml/jackson/databind/node/NumericNode.class
target/shopcart-0.3.6/com/fasterxml/jackson/databind/node/NodeCursor$ObjectCursor.class
target/shopcart-0.3.6/com/fasterxml/jackson/databind/node/JsonNodeType.class
target/shopcart-0.3.6/com/fasterxml/jackson/databind/node/MissingNode.class
target/shopcart-0.3.6/com/fasterxml/jackson/databind/node/NullNode.class
target/shopcart-0.3.6/com/fasterxml/jackson/databind/node/NodeCursor$RootCursor.class
target/shopcart-0.3.6/com/fasterxml/jackson/databind/node/ContainerNode.class
target/shopcart-0.3.6/com/fasterxml/jackson/databind/node/NodeCursor.class
target/shopcart-0.3.6/com/fasterxml/jackson/databind/node/BinaryNode.class
target/shopcart-0.3.6/com/fasterxml/jackson/databind/node/InternalNodeMapper.class
target/shopcart-0.3.6/com/fasterxml/jackson/databind/node/NodeCursor$ArrayCursor.class
target/shopcart-0.3.6/com/fasterxml/jackson/databind/node/ShortNode.class
target/shopcart-0.3.6/com/fasterxml/jackson/databind/node/JsonNodeCreator.class
target/shopcart-0.3.6/com/fasterxml/jackson/databind/node/TreeTraversingParser$1.class
target/shopcart-0.3.6/com/fasterxml/jackson/databind/node/LongNode.class
target/shopcart-0.3.6/com/fasterxml/jackson/databind/KeyDeserializer$None.class
target/shopcart-0.3.6/com/fasterxml/jackson/databind/InjectableValues$Std.class
target/shopcart-0.3.6/com/fasterxml/jackson/databind/node/DoubleNode.class
target/shopcart-0.3.6/com/fasterxml/jackson/databind/node/NodeSerialization.class
target/shopcart-0.3.6/com/fasterxml/jackson/databind/node/POJONode.class
target/shopcart-0.3.6/com/fasterxml/jackson/databind/node/BaseJsonNode.class
target/shopcart-0.3.6/com/fasterxml/jackson/databind/node/TreeTraversingParser.class
target/shopcart-0.3.6/com/fasterxml/jackson/databind/node/DecimalNode.class
target/shopcart-0.3.6/com/fasterxml/jackson/databind/node/ArrayNode.class
target/shopcart-0.3.6/com/fasterxml/jackson/databind/node/FloatNode.class
target/shopcart-0.3.6/com/fasterxml/jackson/databind/node/BigIntegerNode.class
target/shopcart-0.3.6/com/fasterxml/jackson/databind/node/BooleanNode.class
target/shopcart-0.3.6/com/fasterxml/jackson/databind/node/IntNode.class
target/shopcart-0.3.6/com/fasterxml/jackson/databind/PropertyNamingStrategy$PascalCaseStrategy.class
target/shopcart-0.3.6/com/fasterxml/jackson/databind/PropertyNamingStrategies$SnakeCaseStrategy.class
target/shopcart-0.3.6/com/fasterxml/jackson/databind/PropertyNamingStrategy$KebabCaseStrategy.class
target/shopcart-0.3.6/com/fasterxml/jackson/databind/ext/DOMDeserializer$DocumentDeserializer.class
target/shopcart-0.3.6/com/fasterxml/jackson/databind/ext/CoreXMLDeserializers.class
target/shopcart-0.3.6/com/fasterxml/jackson/databind/node/ObjectNode.class
target/shopcart-0.3.6/com/fasterxml/jackson/databind/ext/OptionalHandlerFactory.class
target/shopcart-0.3.6/com/fasterxml/jackson/databind/ext/Java7SupportImpl.class
target/shopcart-0.3.6/com/fasterxml/jackson/databind/ext/DOMDeserializer.class
target/shopcart-0.3.6/com/fasterxml/jackson/databind/ext/NioPathSerializer.class
target/shopcart-0.3.6/com/fasterxml/jackson/databind/ext/DOMSerializer.class
target/shopcart-0.3.6/com/fasterxml/jackson/databind/ext/Java7Support.class
target/shopcart-0.3.6/com/fasterxml/jackson/databind/ext/DOMDeserializer$NodeDeserializer.class
target/shopcart-0.3.6/com/fasterxml/jackson/databind/ext/Java7HandlersImpl.class
target/shopcart-0.3.6/com/fasterxml/jackson/databind/ext/NioPathDeserializer.class
target/shopcart-0.3.6/com/fasterxml/jackson/databind/ext/CoreXMLDeserializers$Std.class
target/shopcart-0.3.6/com/fasterxml/jackson/databind/ext/Java7Handlers.class
target/shopcart-0.3.6/com/fasterxml/jackson/databind/ext/SqlBlobSerializer.class
target/shopcart-0.3.6/com/fasterxml/jackson/databind/ext/CoreXMLSerializers.class
target/shopcart-0.3.6/com/fasterxml/jackson/databind/ext/CoreXMLSerializers$XMLGregorianCalendarSerializer.class
target/shopcart-0.3.6/com/fasterxml/jackson/databind/JsonSerializer.class
target/shopcart-0.3.6/com/fasterxml/jackson/databind/JsonSerializable.class
target/shopcart-0.3.6/com/fasterxml/jackson/databind/JsonNode$1.class
target/shopcart-0.3.6/com/fasterxml/jackson/databind/PropertyNamingStrategy$UpperCamelCaseStrategy.class
target/shopcart-0.3.6/com/fasterxml/jackson/databind/PropertyNamingStrategy$LowerCaseWithUnderscoresStrategy.class
target/shopcart-0.3.6/com/fasterxml/jackson/databind/MapperFeature.class
target/shopcart-0.3.6/com/fasterxml/jackson/databind/jsontype/BasicPolymorphicTypeValidator$Builder$7.class
target/shopcart-0.3.6/com/fasterxml/jackson/databind/jsontype/BasicPolymorphicTypeValidator$Builder$6.class
target/shopcart-0.3.6/com/fasterxml/jackson/databind/JsonMappingException.class
target/shopcart-0.3.6/com/fasterxml/jackson/databind/jsontype/BasicPolymorphicTypeValidator$Builder$1.class
target/shopcart-0.3.6/com/fasterxml/jackson/databind/jsontype/PolymorphicTypeValidator$Base.class
target/shopcart-0.3.6/com/fasterxml/jackson/databind/jsontype/TypeSerializer$1.class
target/shopcart-0.3.6/com/fasterxml/jackson/databind/jsontype/DefaultBaseTypeLimitingValidator$UnsafeBaseTypes.class
target/shopcart-0.3.6/com/fasterxml/jackson/databind/BeanProperty$Std.class
target/shopcart-0.3.6/com/fasterxml/jackson/databind/jsontype/BasicPolymorphicTypeValidator$Builder$5.class
target/shopcart-0.3.6/com/fasterxml/jackson/databind/jsontype/PolymorphicTypeValidator$Validity.class
target/shopcart-0.3.6/com/fasterxml/jackson/databind/SerializationFeature.class
target/shopcart-0.3.6/com/fasterxml/jackson/databind/jsontype/BasicPolymorphicTypeValidator$Builder$2.class
target/shopcart-0.3.6/com/fasterxml/jackson/databind/jsontype/TypeResolverBuilder.class
target/shopcart-0.3.6/com/fasterxml/jackson/databind/jsontype/TypeIdResolver.class
target/shopcart-0.3.6/com/fasterxml/jackson/databind/jsontype/TypeSerializer.class
target/shopcart-0.3.6/com/fasterxml/jackson/databind/jsontype/SubtypeResolver.class
target/shopcart-0.3.6/com/fasterxml/jackson/databind/SequenceWriter.class
target/shopcart-0.3.6/com/fasterxml/jackson/databind/jsontype/impl/AsPropertyTypeSerializer.class
target/shopcart-0.3.6/com/fasterxml/jackson/databind/jsontype/BasicPolymorphicTypeValidator$Builder.class
target/shopcart-0.3.6/com/fasterxml/jackson/databind/jsontype/PolymorphicTypeValidator.class
target/shopcart-0.3.6/com/fasterxml/jackson/databind/jsontype/BasicPolymorphicTypeValidator$Builder$4.class
target/shopcart-0.3.6/com/fasterxml/jackson/databind/jsontype/impl/TypeIdResolverBase.class
target/shopcart-0.3.6/com/fasterxml/jackson/databind/jsontype/impl/ClassNameIdResolver.class
target/shopcart-0.3.6/com/fasterxml/jackson/databind/jsontype/TypeDeserializer$1.class
target/shopcart-0.3.6/com/fasterxml/jackson/databind/jsontype/impl/AsExternalTypeDeserializer.class
target/shopcart-0.3.6/com/fasterxml/jackson/databind/jsontype/impl/StdTypeResolverBuilder$1.class
target/shopcart-0.3.6/com/fasterxml/jackson/databind/jsontype/impl/AsArrayTypeDeserializer.class
target/shopcart-0.3.6/com/fasterxml/jackson/databind/jsontype/impl/AsWrapperTypeSerializer.class
target/shopcart-0.3.6/com/fasterxml/jackson/databind/jsontype/impl/LaissezFaireSubTypeValidator.class
target/shopcart-0.3.6/com/fasterxml/jackson/databind/jsontype/impl/TypeNameIdResolver.class
target/shopcart-0.3.6/com/fasterxml/jackson/databind/jsontype/impl/AsPropertyTypeDeserializer.class
target/shopcart-0.3.6/com/fasterxml/jackson/databind/jsontype/impl/AsArrayTypeSerializer.class
target/shopcart-0.3.6/com/fasterxml/jackson/databind/jsontype/impl/SubTypeValidator.class
target/shopcart-0.3.6/com/fasterxml/jackson/databind/jsontype/impl/TypeDeserializerBase.class
target/shopcart-0.3.6/com/fasterxml/jackson/databind/jsontype/impl/AsExistingPropertyTypeSerializer.class
target/shopcart-0.3.6/com/fasterxml/jackson/databind/jsontype/impl/StdSubtypeResolver.class
target/shopcart-0.3.6/com/fasterxml/jackson/databind/jsontype/impl/MinimalClassNameIdResolver.class
target/shopcart-0.3.6/com/fasterxml/jackson/databind/jsontype/impl/AsExternalTypeSerializer.class
target/shopcart-0.3.6/com/fasterxml/jackson/databind/jsontype/impl/TypeSerializerBase.class
target/shopcart-0.3.6/com/fasterxml/jackson/databind/util/Annotations.class
target/shopcart-0.3.6/com/fasterxml/jackson/databind/jsontype/BasicPolymorphicTypeValidator$NameMatcher.class
target/shopcart-0.3.6/com/fasterxml/jackson/databind/jsontype/BasicPolymorphicTypeValidator.class
target/shopcart-0.3.6/com/fasterxml/jackson/databind/jsontype/DefaultBaseTypeLimitingValidator.class
target/shopcart-0.3.6/com/fasterxml/jackson/databind/jsontype/impl/AsWrapperTypeDeserializer.class
target/shopcart-0.3.6/com/fasterxml/jackson/databind/json/JsonMapper.class
target/shopcart-0.3.6/com/fasterxml/jackson/databind/jsontype/impl/AsDeductionTypeDeserializer.class
target/shopcart-0.3.6/com/fasterxml/jackson/databind/jsontype/BasicPolymorphicTypeValidator$TypeMatcher.class
target/shopcart-0.3.6/com/fasterxml/jackson/databind/jsontype/TypeDeserializer.class
target/shopcart-0.3.6/com/fasterxml/jackson/databind/jsontype/NamedType.class
target/shopcart-0.3.6/com/fasterxml/jackson/databind/jsontype/BasicPolymorphicTypeValidator$Builder$3.class
target/shopcart-0.3.6/com/fasterxml/jackson/databind/json/JsonMapper$Builder.class
target/shopcart-0.3.6/com/fasterxml/jackson/databind/jsontype/impl/StdTypeResolverBuilder.class
target/shopcart-0.3.6/com/fasterxml/jackson/databind/util/TokenBuffer$1.class
target/shopcart-0.3.6/com/fasterxml/jackson/databind/util/BeanUtil.class
target/shopcart-0.3.6/com/fasterxml/jackson/databind/util/EnumValues.class
target/shopcart-0.3.6/com/fasterxml/jackson/databind/util/ClassUtil$Ctor.class
target/shopcart-0.3.6/com/fasterxml/jackson/databind/util/ArrayBuilders$FloatBuilder.class
target/shopcart-0.3.6/com/fasterxml/jackson/databind/util/NameTransformer$NopTransformer.class
target/shopcart-0.3.6/com/fasterxml/jackson/databind/util/ArrayBuilders$ByteBuilder.class
target/shopcart-0.3.6/com/fasterxml/jackson/databind/util/ArrayBuilders$ShortBuilder.class
target/shopcart-0.3.6/com/fasterxml/jackson/databind/util/NameTransformer$Chained.class
target/shopcart-0.3.6/com/fasterxml/jackson/databind/util/TokenBuffer$Parser.class
target/shopcart-0.3.6/com/fasterxml/jackson/databind/util/ISO8601Utils.class
target/shopcart-0.3.6/com/fasterxml/jackson/databind/util/EnumResolver.class
target/shopcart-0.3.6/com/fasterxml/jackson/databind/util/CompactStringObjectMap.class
target/shopcart-0.3.6/com/fasterxml/jackson/databind/util/ArrayBuilders$DoubleBuilder.class
target/shopcart-0.3.6/com/fasterxml/jackson/databind/util/ByteBufferBackedInputStream.class
target/shopcart-0.3.6/com/fasterxml/jackson/databind/util/NameTransformer$1.class
target/shopcart-0.3.6/com/fasterxml/jackson/databind/util/Converter.class
target/shopcart-0.3.6/com/fasterxml/jackson/databind/util/ViewMatcher$Multi.class
target/shopcart-0.3.6/com/fasterxml/jackson/databind/util/PrimitiveArrayBuilder$Node.class
target/shopcart-0.3.6/com/fasterxml/jackson/databind/util/ViewMatcher$Single.class
target/shopcart-0.3.6/com/fasterxml/jackson/databind/util/ArrayBuilders$1.class
target/shopcart-0.3.6/com/fasterxml/jackson/databind/util/ArrayIterator.class
target/shopcart-0.3.6/com/fasterxml/jackson/databind/util/LinkedNode.class
target/shopcart-0.3.6/com/fasterxml/jackson/databind/util/RootNameLookup.class
target/shopcart-0.3.6/com/fasterxml/jackson/databind/util/TokenBufferReadContext.class
target/shopcart-0.3.6/com/fasterxml/jackson/databind/util/ArrayBuilders$IntBuilder.class
target/shopcart-0.3.6/com/fasterxml/jackson/databind/util/Named.class
target/shopcart-0.3.6/com/fasterxml/jackson/databind/util/TokenBuffer$Segment.class
target/shopcart-0.3.6/com/fasterxml/jackson/databind/util/ArrayBuilders$BooleanBuilder.class
target/shopcart-0.3.6/com/fasterxml/jackson/databind/util/NameTransformer.class
target/shopcart-0.3.6/com/fasterxml/jackson/databind/util/LRUMap.class
target/shopcart-0.3.6/com/fasterxml/jackson/databind/util/TypeKey.class
target/shopcart-0.3.6/com/fasterxml/jackson/databind/util/PrimitiveArrayBuilder.class
target/shopcart-0.3.6/com/fasterxml/jackson/databind/util/ArrayBuilders$LongBuilder.class
target/shopcart-0.3.6/com/fasterxml/jackson/databind/util/NameTransformer$2.class
target/shopcart-0.3.6/com/fasterxml/jackson/databind/util/NameTransformer$3.class
target/shopcart-0.3.6/com/fasterxml/jackson/databind/util/ViewMatcher.class
target/shopcart-0.3.6/com/fasterxml/jackson/databind/util/ISO8601DateFormat.class
target/shopcart-0.3.6/com/fasterxml/jackson/databind/util/IgnorePropertiesUtil.class
target/shopcart-0.3.6/com/fasterxml/jackson/databind/util/JSONPObject.class
target/shopcart-0.3.6/com/fasterxml/jackson/databind/util/SimpleBeanPropertyDefinition.class
target/shopcart-0.3.6/com/fasterxml/jackson/databind/util/StdConverter.class
target/shopcart-0.3.6/com/fasterxml/jackson/databind/util/ClassUtil.class
target/shopcart-0.3.6/com/fasterxml/jackson/databind/util/LookupCache.class
target/shopcart-0.3.6/com/fasterxml/jackson/databind/util/ArrayBuilders.class
target/shopcart-0.3.6/com/fasterxml/jackson/databind/util/IgnorePropertiesUtil$Checker.class
target/shopcart-0.3.6/com/fasterxml/jackson/databind/util/ObjectBuffer.class
target/shopcart-0.3.6/com/fasterxml/jackson/databind/util/ByteBufferBackedOutputStream.class
target/shopcart-0.3.6/com/fasterxml/jackson/databind/util/ClassUtil$EnumTypeLocator.class
target/shopcart-0.3.6/com/fasterxml/jackson/databind/util/RawValue.class
target/shopcart-0.3.6/com/fasterxml/jackson/databind/util/Converter$None.class
target/shopcart-0.3.6/com/fasterxml/jackson/databind/util/AccessPattern.class
target/shopcart-0.3.6/com/fasterxml/jackson/databind/introspect/JacksonAnnotationIntrospector$1.class
target/shopcart-0.3.6/com/fasterxml/jackson/databind/util/JSONWrappedObject.class
target/shopcart-0.3.6/com/fasterxml/jackson/databind/introspect/AnnotationCollector$EmptyCollector.class
target/shopcart-0.3.6/com/fasterxml/jackson/databind/util/TokenBuffer.class
target/shopcart-0.3.6/com/fasterxml/jackson/databind/introspect/AnnotatedFieldCollector.class
target/shopcart-0.3.6/com/fasterxml/jackson/databind/introspect/AnnotationCollector$OneCollector.class
target/shopcart-0.3.6/com/fasterxml/jackson/databind/introspect/POJOPropertyBuilder$6.class
target/shopcart-0.3.6/com/fasterxml/jackson/databind/introspect/AnnotatedWithParams.class
target/shopcart-0.3.6/com/fasterxml/jackson/databind/util/StdDateFormat.class
target/shopcart-0.3.6/com/fasterxml/jackson/databind/introspect/POJOPropertyBuilder$2.class
target/shopcart-0.3.6/com/fasterxml/jackson/databind/introspect/VirtualAnnotatedMember.class
target/shopcart-0.3.6/com/fasterxml/jackson/databind/introspect/POJOPropertyBuilder$4.class
target/shopcart-0.3.6/com/fasterxml/jackson/databind/JsonDeserializer.class
target/shopcart-0.3.6/com/fasterxml/jackson/databind/introspect/AnnotatedField.class
target/shopcart-0.3.6/com/fasterxml/jackson/databind/introspect/AnnotatedMethodCollector$MethodBuilder.class
target/shopcart-0.3.6/com/fasterxml/jackson/databind/introspect/AccessorNamingStrategy$Base.class
target/shopcart-0.3.6/com/fasterxml/jackson/databind/introspect/ConcreteBeanPropertyBase.class
target/shopcart-0.3.6/com/fasterxml/jackson/databind/introspect/WithMember.class
target/shopcart-0.3.6/com/fasterxml/jackson/databind/introspect/CollectorBase.class
target/shopcart-0.3.6/com/fasterxml/jackson/databind/introspect/AnnotatedConstructor.class
target/shopcart-0.3.6/com/fasterxml/jackson/databind/introspect/POJOPropertyBuilder$Linked.class
target/shopcart-0.3.6/com/fasterxml/jackson/databind/introspect/POJOPropertyBuilder$1.class
target/shopcart-0.3.6/com/fasterxml/jackson/databind/introspect/AccessorNamingStrategy.class
target/shopcart-0.3.6/com/fasterxml/jackson/databind/introspect/AnnotationCollector$OneAnnotation.class
target/shopcart-0.3.6/com/fasterxml/jackson/databind/introspect/DefaultAccessorNamingStrategy$Provider.class
target/shopcart-0.3.6/com/fasterxml/jackson/databind/introspect/AnnotatedClass.class
target/shopcart-0.3.6/com/fasterxml/jackson/databind/introspect/AnnotatedMethod$Serialization.class
target/shopcart-0.3.6/com/fasterxml/jackson/databind/introspect/ObjectIdInfo.class
target/shopcart-0.3.6/com/fasterxml/jackson/databind/introspect/AnnotatedField$Serialization.class
target/shopcart-0.3.6/com/fasterxml/jackson/databind/introspect/ClassIntrospector$MixInResolver.class
target/shopcart-0.3.6/com/fasterxml/jackson/databind/introspect/ClassIntrospector.class
target/shopcart-0.3.6/com/fasterxml/jackson/databind/introspect/POJOPropertiesCollector.class
target/shopcart-0.3.6/com/fasterxml/jackson/databind/introspect/AnnotationCollector$NCollector.class
target/shopcart-0.3.6/com/fasterxml/jackson/databind/introspect/AnnotatedConstructor$Serialization.class
target/shopcart-0.3.6/com/fasterxml/jackson/databind/introspect/POJOPropertyBuilder$WithMember.class
target/shopcart-0.3.6/com/fasterxml/jackson/databind/introspect/DefaultAccessorNamingStrategy$FirstCharBasedValidator.class
target/shopcart-0.3.6/com/fasterxml/jackson/databind/introspect/AnnotatedMethod.class
target/shopcart-0.3.6/com/fasterxml/jackson/databind/introspect/AnnotatedParameter.class
target/shopcart-0.3.6/com/fasterxml/jackson/databind/introspect/Annotated.class
target/shopcart-0.3.6/com/fasterxml/jackson/databind/introspect/SimpleMixInResolver.class
target/shopcart-0.3.6/com/fasterxml/jackson/databind/introspect/DefaultAccessorNamingStrategy.class
target/shopcart-0.3.6/com/fasterxml/jackson/databind/introspect/NopAnnotationIntrospector.class
target/shopcart-0.3.6/com/fasterxml/jackson/databind/introspect/AnnotationCollector$NoAnnotations.class
target/shopcart-0.3.6/com/fasterxml/jackson/databind/introspect/POJOPropertyBuilder.class
target/shopcart-0.3.6/com/fasterxml/jackson/databind/introspect/VisibilityChecker$1.class
target/shopcart-0.3.6/com/fasterxml/jackson/databind/introspect/DefaultAccessorNamingStrategy$BaseNameValidator.class
target/shopcart-0.3.6/com/fasterxml/jackson/databind/introspect/POJOPropertyBuilder$5.class
target/shopcart-0.3.6/com/fasterxml/jackson/databind/introspect/VisibilityChecker.class
target/shopcart-0.3.6/com/fasterxml/jackson/databind/introspect/TypeResolutionContext.class
target/shopcart-0.3.6/com/fasterxml/jackson/databind/introspect/TypeResolutionContext$Empty.class
target/shopcart-0.3.6/com/fasterxml/jackson/databind/introspect/TypeResolutionContext$Basic.class
target/shopcart-0.3.6/com/fasterxml/jackson/databind/introspect/AnnotatedClass$Creators.class
target/shopcart-0.3.6/com/fasterxml/jackson/databind/introspect/AnnotatedMethodMap.class
target/shopcart-0.3.6/com/fasterxml/jackson/databind/introspect/NopAnnotationIntrospector$1.class
target/shopcart-0.3.6/com/fasterxml/jackson/databind/introspect/AnnotatedCreatorCollector.class
target/shopcart-0.3.6/com/fasterxml/jackson/databind/introspect/BasicClassIntrospector.class
target/shopcart-0.3.6/com/fasterxml/jackson/databind/introspect/MemberKey.class
target/shopcart-0.3.6/com/fasterxml/jackson/databind/introspect/AnnotationMap.class
target/shopcart-0.3.6/com/fasterxml/jackson/databind/introspect/AnnotatedMember.class
target/shopcart-0.3.6/com/fasterxml/jackson/databind/introspect/POJOPropertyBuilder$MemberIterator.class
target/shopcart-0.3.6/com/fasterxml/jackson/databind/introspect/POJOPropertyBuilder$3.class
target/shopcart-0.3.6/com/fasterxml/jackson/databind/introspect/VisibilityChecker$Std.class
target/shopcart-0.3.6/com/fasterxml/jackson/databind/introspect/AnnotatedFieldCollector$FieldBuilder.class
target/shopcart-0.3.6/com/fasterxml/jackson/databind/introspect/BeanPropertyDefinition.class
target/shopcart-0.3.6/com/fasterxml/jackson/databind/introspect/DefaultAccessorNamingStrategy$RecordNaming.class
target/shopcart-0.3.6/com/fasterxml/jackson/databind/introspect/AccessorNamingStrategy$Provider.class
target/shopcart-0.3.6/com/fasterxml/jackson/databind/introspect/AnnotationCollector$TwoAnnotations.class
target/shopcart-0.3.6/com/fasterxml/jackson/databind/introspect/AnnotatedClassResolver.class
target/shopcart-0.3.6/com/fasterxml/jackson/databind/introspect/AnnotationCollector.class
target/shopcart-0.3.6/com/fasterxml/jackson/databind/jsonFormatVisitors/JsonNullFormatVisitor$Base.class
target/shopcart-0.3.6/com/fasterxml/jackson/databind/jsonFormatVisitors/JsonBooleanFormatVisitor.class
target/shopcart-0.3.6/com/fasterxml/jackson/databind/jsonFormatVisitors/JsonAnyFormatVisitor.class
target/shopcart-0.3.6/com/fasterxml/jackson/databind/jsonFormatVisitors/JsonMapFormatVisitor$Base.class
target/shopcart-0.3.6/com/fasterxml/jackson/databind/introspect/MethodGenericTypeResolver.class
target/shopcart-0.3.6/com/fasterxml/jackson/databind/jsonFormatVisitors/JsonNumberFormatVisitor.class
target/shopcart-0.3.6/com/fasterxml/jackson/databind/jsonFormatVisitors/JsonIntegerFormatVisitor.class
target/shopcart-0.3.6/com/fasterxml/jackson/databind/jsonFormatVisitors/JsonFormatVisitorWrapper.class
target/shopcart-0.3.6/com/fasterxml/jackson/databind/jsonFormatVisitors/JsonIntegerFormatVisitor$Base.class
target/shopcart-0.3.6/com/fasterxml/jackson/databind/jsonFormatVisitors/JsonObjectFormatVisitor.class
target/shopcart-0.3.6/com/fasterxml/jackson/databind/jsonFormatVisitors/JsonFormatVisitorWithSerializerProvider.class
target/shopcart-0.3.6/com/fasterxml/jackson/databind/introspect/AnnotatedMethodCollector.class
target/shopcart-0.3.6/com/fasterxml/jackson/databind/jsonFormatVisitors/JsonStringFormatVisitor$Base.class
target/shopcart-0.3.6/com/fasterxml/jackson/databind/introspect/BasicBeanDescription.class
target/shopcart-0.3.6/com/fasterxml/jackson/databind/jsonFormatVisitors/JsonMapFormatVisitor.class
target/shopcart-0.3.6/com/fasterxml/jackson/databind/introspect/AnnotationIntrospectorPair.class
target/shopcart-0.3.6/com/fasterxml/jackson/databind/jsonFormatVisitors/JsonNullFormatVisitor.class
target/shopcart-0.3.6/com/fasterxml/jackson/databind/jsonFormatVisitors/JsonArrayFormatVisitor$Base.class
target/shopcart-0.3.6/com/fasterxml/jackson/databind/jsonFormatVisitors/JsonNumberFormatVisitor$Base.class
target/shopcart-0.3.6/com/fasterxml/jackson/databind/jsonFormatVisitors/JsonFormatTypes.class
target/shopcart-0.3.6/com/fasterxml/jackson/databind/jsonFormatVisitors/JsonFormatVisitable.class
target/shopcart-0.3.6/com/fasterxml/jackson/databind/jsonFormatVisitors/JsonFormatVisitorWrapper$Base.class
target/shopcart-0.3.6/com/fasterxml/jackson/databind/jsonFormatVisitors/JsonStringFormatVisitor.class
target/shopcart-0.3.6/com/fasterxml/jackson/databind/jsonFormatVisitors/JsonArrayFormatVisitor.class
target/shopcart-0.3.6/com/fasterxml/jackson/databind/jsonFormatVisitors/JsonBooleanFormatVisitor$Base.class
target/shopcart-0.3.6/com/fasterxml/jackson/databind/jsonFormatVisitors/JsonValueFormat.class
target/shopcart-0.3.6/com/fasterxml/jackson/databind/jsonFormatVisitors/JsonAnyFormatVisitor$Base.class
target/shopcart-0.3.6/com/fasterxml/jackson/databind/jsonFormatVisitors/JsonValueFormatVisitor.class
target/shopcart-0.3.6/com/fasterxml/jackson/databind/jsonFormatVisitors/JsonValueFormatVisitor$Base.class
target/shopcart-0.3.6/com/fasterxml/jackson/databind/PropertyNamingStrategies$LowerCaseStrategy.class
target/shopcart-0.3.6/com/fasterxml/jackson/databind/introspect/JacksonAnnotationIntrospector.class
target/shopcart-0.3.6/com/fasterxml/jackson/databind/PropertyNamingStrategy$PropertyNamingStrategyBase.class
target/shopcart-0.3.6/com/fasterxml/jackson/databind/jsonFormatVisitors/JsonObjectFormatVisitor$Base.class
target/shopcart-0.3.6/com/fasterxml/jackson/databind/DeserializationConfig.class
target/shopcart-0.3.6/com/fasterxml/jackson/databind/ObjectMapper$1.class
target/shopcart-0.3.6/com/fasterxml/jackson/databind/BeanProperty$Bogus.class
target/shopcart-0.3.6/com/fasterxml/jackson/databind/MappingJsonFactory.class
target/shopcart-0.3.6/com/fasterxml/jackson/databind/PropertyNamingStrategies$KebabCaseStrategy.class
target/shopcart-0.3.6/com/fasterxml/jackson/databind/JavaType.class
target/shopcart-0.3.6/com/fasterxml/jackson/databind/PropertyNamingStrategy.class
target/shopcart-0.3.6/com/fasterxml/jackson/databind/exc/ValueInstantiationException.class
target/shopcart-0.3.6/com/fasterxml/jackson/databind/exc/MismatchedInputException.class
target/shopcart-0.3.6/com/fasterxml/jackson/databind/PropertyNamingStrategies.class
target/shopcart-0.3.6/com/fasterxml/jackson/databind/AnnotationIntrospector$ReferenceProperty.class
target/shopcart-0.3.6/com/fasterxml/jackson/databind/exc/IgnoredPropertyException.class
target/shopcart-0.3.6/com/fasterxml/jackson/databind/exc/InvalidFormatException.class
target/shopcart-0.3.6/com/fasterxml/jackson/databind/exc/UnrecognizedPropertyException.class
target/shopcart-0.3.6/com/fasterxml/jackson/databind/exc/InvalidTypeIdException.class
target/shopcart-0.3.6/com/fasterxml/jackson/databind/exc/PropertyBindingException.class
target/shopcart-0.3.6/com/fasterxml/jackson/databind/exc/InvalidNullException.class
target/shopcart-0.3.6/com/fasterxml/jackson/databind/module/SimpleAbstractTypeResolver.class
target/shopcart-0.3.6/com/fasterxml/jackson/databind/exc/InvalidDefinitionException.class
target/shopcart-0.3.6/com/fasterxml/jackson/databind/module/SimpleValueInstantiators.class
target/shopcart-0.3.6/com/fasterxml/jackson/databind/module/SimpleKeyDeserializers.class
target/shopcart-0.3.6/com/fasterxml/jackson/databind/jdk14/JDK14Util.class
target/shopcart-0.3.6/com/fasterxml/jackson/databind/KeyDeserializer.class
target/shopcart-0.3.6/com/fasterxml/jackson/databind/PropertyNamingStrategies$UpperCamelCaseStrategy.class
target/shopcart-0.3.6/com/fasterxml/jackson/databind/jdk14/JDK14Util$RecordAccessor.class
target/shopcart-0.3.6/com/fasterxml/jackson/databind/module/SimpleDeserializers.class
target/shopcart-0.3.6/com/fasterxml/jackson/databind/jdk14/JDK14Util$RawTypeName.class
target/shopcart-0.3.6/com/fasterxml/jackson/databind/SerializationConfig.class
target/shopcart-0.3.6/com/fasterxml/jackson/databind/ObjectMapper$2.class
target/shopcart-0.3.6/com/fasterxml/jackson/databind/ObjectMapper$DefaultTypeResolverBuilder.class
target/shopcart-0.3.6/com/fasterxml/jackson/databind/module/SimpleSerializers.class
target/shopcart-0.3.6/com/fasterxml/jackson/databind/jdk14/JDK14Util$CreatorLocator.class
target/shopcart-0.3.6/com/fasterxml/jackson/databind/Module.class
target/shopcart-0.3.6/com/fasterxml/jackson/databind/AnnotationIntrospector$ReferenceProperty$Type.class
target/shopcart-0.3.6/com/fasterxml/jackson/databind/DeserializationContext.class
target/shopcart-0.3.6/com/fasterxml/jackson/databind/DeserializationContext$1.class
target/shopcart-0.3.6/com/fasterxml/jackson/databind/module/SimpleModule.class
target/shopcart-0.3.6/com/fasterxml/jackson/databind/DeserializationFeature.class
target/shopcart-0.3.6/com/fasterxml/jackson/databind/PropertyNamingStrategy$LowerCaseStrategy.class
target/shopcart-0.3.6/com/fasterxml/jackson/databind/deser/BasicDeserializerFactory$1.class
target/shopcart-0.3.6/com/fasterxml/jackson/databind/RuntimeJsonMappingException.class
target/shopcart-0.3.6/com/fasterxml/jackson/databind/deser/SettableAnyProperty.class
target/shopcart-0.3.6/com/fasterxml/jackson/databind/JsonNode.class
target/shopcart-0.3.6/com/fasterxml/jackson/databind/deser/ContextualKeyDeserializer.class
target/shopcart-0.3.6/com/fasterxml/jackson/databind/deser/ResolvableDeserializer.class
target/shopcart-0.3.6/com/fasterxml/jackson/databind/ObjectWriter.class
target/shopcart-0.3.6/com/fasterxml/jackson/databind/deser/DefaultDeserializationContext.class
target/shopcart-0.3.6/com/fasterxml/jackson/databind/deser/DefaultDeserializationContext$Impl.class
target/shopcart-0.3.6/com/fasterxml/jackson/databind/deser/BuilderBasedDeserializer$1.class
target/shopcart-0.3.6/com/fasterxml/jackson/databind/deser/BasicDeserializerFactory$CreatorCollectionState.class
target/shopcart-0.3.6/com/fasterxml/jackson/databind/deser/SettableBeanProperty$Delegating.class
target/shopcart-0.3.6/com/fasterxml/jackson/databind/deser/DeserializerFactory.class
target/shopcart-0.3.6/com/fasterxml/jackson/databind/deser/ValueInstantiators.class
target/shopcart-0.3.6/com/fasterxml/jackson/databind/deser/SettableAnyProperty$AnySetterReferring.class
target/shopcart-0.3.6/com/fasterxml/jackson/databind/deser/DeserializationProblemHandler.class
target/shopcart-0.3.6/com/fasterxml/jackson/databind/deser/ValueInstantiator$Delegating.class
target/shopcart-0.3.6/com/fasterxml/jackson/databind/deser/BeanDeserializer$BeanReferring.class
target/shopcart-0.3.6/com/fasterxml/jackson/databind/deser/ValueInstantiators$Base.class
target/shopcart-0.3.6/com/fasterxml/jackson/databind/deser/BeanDeserializerModifier.class
target/shopcart-0.3.6/com/fasterxml/jackson/databind/deser/NullValueProvider.class
target/shopcart-0.3.6/com/fasterxml/jackson/databind/deser/AbstractDeserializer.class
target/shopcart-0.3.6/com/fasterxml/jackson/databind/deser/UnresolvedId.class
target/shopcart-0.3.6/com/fasterxml/jackson/databind/deser/BasicDeserializerFactory$ContainerDefaultMappings.class
target/shopcart-0.3.6/com/fasterxml/jackson/databind/deser/ContextualDeserializer.class
target/shopcart-0.3.6/com/fasterxml/jackson/databind/deser/DeserializerCache.class
target/shopcart-0.3.6/com/fasterxml/jackson/databind/deser/KeyDeserializers.class
target/shopcart-0.3.6/com/fasterxml/jackson/databind/deser/Deserializers$Base.class
target/shopcart-0.3.6/com/fasterxml/jackson/databind/deser/DataFormatReaders$Match.class
target/shopcart-0.3.6/com/fasterxml/jackson/databind/deser/BeanDeserializerFactory.class
target/shopcart-0.3.6/com/fasterxml/jackson/databind/deser/ValueInstantiator$Gettable.class
target/shopcart-0.3.6/com/fasterxml/jackson/databind/deser/BeanDeserializer$1.class
target/shopcart-0.3.6/com/fasterxml/jackson/databind/deser/CreatorProperty.class
target/shopcart-0.3.6/com/fasterxml/jackson/databind/deser/DataFormatReaders.class
target/shopcart-0.3.6/com/fasterxml/jackson/databind/deser/SettableBeanProperty.class
target/shopcart-0.3.6/com/fasterxml/jackson/databind/deser/ValueInstantiator.class
target/shopcart-0.3.6/com/fasterxml/jackson/databind/deser/std/StackTraceElementDeserializer.class
target/shopcart-0.3.6/com/fasterxml/jackson/databind/deser/std/ByteBufferDeserializer.class
target/shopcart-0.3.6/com/fasterxml/jackson/databind/deser/std/CollectionDeserializer$CollectionReferring.class
target/shopcart-0.3.6/com/fasterxml/jackson/databind/deser/std/FromStringDeserializer$StringBuilderDeserializer.class
target/shopcart-0.3.6/com/fasterxml/jackson/databind/deser/std/MapDeserializer$MapReferringAccumulator.class
target/shopcart-0.3.6/com/fasterxml/jackson/databind/deser/std/EnumDeserializer$1.class
target/shopcart-0.3.6/com/fasterxml/jackson/databind/deser/std/StdKeyDeserializer$StringFactoryKeyDeserializer.class
target/shopcart-0.3.6/com/fasterxml/jackson/databind/ObjectMapper.class
target/shopcart-0.3.6/com/fasterxml/jackson/databind/deser/std/StdDeserializer$1.class
target/shopcart-0.3.6/com/fasterxml/jackson/databind/deser/std/StdKeyDeserializer$DelegatingKD.class
target/shopcart-0.3.6/com/fasterxml/jackson/databind/deser/BeanDeserializer.class
target/shopcart-0.3.6/com/fasterxml/jackson/databind/deser/std/UUIDDeserializer.class
target/shopcart-0.3.6/com/fasterxml/jackson/databind/deser/std/NumberDeserializers$BigIntegerDeserializer.class
target/shopcart-0.3.6/com/fasterxml/jackson/databind/deser/std/NumberDeserializers$BooleanDeserializer.class
target/shopcart-0.3.6/com/fasterxml/jackson/databind/deser/std/AtomicIntegerDeserializer.class
target/shopcart-0.3.6/com/fasterxml/jackson/databind/deser/std/EnumDeserializer.class
target/shopcart-0.3.6/com/fasterxml/jackson/databind/deser/BeanDeserializerBase.class
target/shopcart-0.3.6/com/fasterxml/jackson/databind/deser/std/PrimitiveArrayDeserializers$FloatDeser.class
target/shopcart-0.3.6/com/fasterxml/jackson/databind/deser/BasicDeserializerFactory.class
target/shopcart-0.3.6/com/fasterxml/jackson/databind/deser/std/TokenBufferDeserializer.class
target/shopcart-0.3.6/com/fasterxml/jackson/databind/deser/std/StdDelegatingDeserializer.class
target/shopcart-0.3.6/com/fasterxml/jackson/databind/deser/std/MapEntryDeserializer.class
target/shopcart-0.3.6/com/fasterxml/jackson/databind/deser/std/JdkDeserializers.class
target/shopcart-0.3.6/com/fasterxml/jackson/databind/deser/std/JsonNodeDeserializer$ArrayDeserializer.class
target/shopcart-0.3.6/com/fasterxml/jackson/databind/deser/std/DateDeserializers$TimestampDeserializer.class
target/shopcart-0.3.6/com/fasterxml/jackson/databind/deser/std/JsonNodeDeserializer$ObjectDeserializer.class
target/shopcart-0.3.6/com/fasterxml/jackson/databind/deser/std/BaseNodeDeserializer.class
target/shopcart-0.3.6/com/fasterxml/jackson/databind/deser/std/NumberDeserializers$1.class
target/shopcart-0.3.6/com/fasterxml/jackson/databind/deser/std/NumberDeserializers$CharacterDeserializer.class
target/shopcart-0.3.6/com/fasterxml/jackson/databind/deser/std/JsonLocationInstantiator.class
target/shopcart-0.3.6/com/fasterxml/jackson/databind/deser/std/FromStringDeserializer$Std.class
target/shopcart-0.3.6/com/fasterxml/jackson/databind/deser/std/PrimitiveArrayDeserializers$DoubleDeser.class
target/shopcart-0.3.6/com/fasterxml/jackson/databind/deser/std/NullifyingDeserializer.class
target/shopcart-0.3.6/com/fasterxml/jackson/databind/deser/std/DateDeserializers.class
target/shopcart-0.3.6/com/fasterxml/jackson/databind/deser/std/CollectionDeserializer$CollectionReferringAccumulator.class
target/shopcart-0.3.6/com/fasterxml/jackson/databind/deser/std/PrimitiveArrayDeserializers.class
target/shopcart-0.3.6/com/fasterxml/jackson/databind/deser/std/FromStringDeserializer.class
target/shopcart-0.3.6/com/fasterxml/jackson/databind/deser/std/ObjectArrayDeserializer.class
target/shopcart-0.3.6/com/fasterxml/jackson/databind/deser/std/NumberDeserializers$DoubleDeserializer.class
target/shopcart-0.3.6/com/fasterxml/jackson/databind/deser/std/StdKeyDeserializers.class
target/shopcart-0.3.6/com/fasterxml/jackson/databind/deser/std/UntypedObjectDeserializer.class
target/shopcart-0.3.6/com/fasterxml/jackson/databind/deser/std/AtomicReferenceDeserializer.class
target/shopcart-0.3.6/com/fasterxml/jackson/databind/deser/std/StdKeyDeserializer$StringKD.class
target/shopcart-0.3.6/com/fasterxml/jackson/databind/deser/std/AtomicBooleanDeserializer.class
target/shopcart-0.3.6/com/fasterxml/jackson/databind/deser/std/NumberDeserializers.class
target/shopcart-0.3.6/com/fasterxml/jackson/databind/deser/std/JsonNodeDeserializer.class
target/shopcart-0.3.6/com/fasterxml/jackson/databind/deser/std/StdKeyDeserializer$EnumKD.class
target/shopcart-0.3.6/com/fasterxml/jackson/databind/deser/std/ReferenceTypeDeserializer.class
target/shopcart-0.3.6/com/fasterxml/jackson/databind/deser/std/PrimitiveArrayDeserializers$LongDeser.class
target/shopcart-0.3.6/com/fasterxml/jackson/databind/deser/std/EnumMapDeserializer.class
target/shopcart-0.3.6/com/fasterxml/jackson/databind/deser/std/PrimitiveArrayDeserializers$BooleanDeser.class
target/shopcart-0.3.6/com/fasterxml/jackson/databind/deser/std/StringArrayDeserializer.class
target/shopcart-0.3.6/com/fasterxml/jackson/databind/deser/std/NumberDeserializers$ByteDeserializer.class
target/shopcart-0.3.6/com/fasterxml/jackson/databind/deser/std/NumberDeserializers$FloatDeserializer.class
target/shopcart-0.3.6/com/fasterxml/jackson/databind/deser/std/ArrayBlockingQueueDeserializer.class
target/shopcart-0.3.6/com/fasterxml/jackson/databind/deser/std/StdKeyDeserializer.class
target/shopcart-0.3.6/com/fasterxml/jackson/databind/deser/std/DateDeserializers$DateBasedDeserializer.class
target/shopcart-0.3.6/com/fasterxml/jackson/databind/deser/std/StdValueInstantiator.class
target/shopcart-0.3.6/com/fasterxml/jackson/databind/deser/std/FactoryBasedEnumDeserializer.class
target/shopcart-0.3.6/com/fasterxml/jackson/databind/deser/std/MapDeserializer$MapReferring.class
target/shopcart-0.3.6/com/fasterxml/jackson/databind/deser/std/NumberDeserializers$LongDeserializer.class
target/shopcart-0.3.6/com/fasterxml/jackson/databind/deser/std/NumberDeserializers$ShortDeserializer.class
target/shopcart-0.3.6/com/fasterxml/jackson/databind/deser/std/PrimitiveArrayDeserializers$CharDeser.class
target/shopcart-0.3.6/com/fasterxml/jackson/databind/deser/std/NumberDeserializers$PrimitiveOrWrapperDeserializer.class
target/shopcart-0.3.6/com/fasterxml/jackson/databind/deser/std/StdKeyDeserializer$StringCtorKeyDeserializer.class
target/shopcart-0.3.6/com/fasterxml/jackson/databind/deser/std/PrimitiveArrayDeserializers$IntDeser.class
target/shopcart-0.3.6/com/fasterxml/jackson/databind/deser/std/NumberDeserializers$NumberDeserializer.class
target/shopcart-0.3.6/com/fasterxml/jackson/databind/deser/std/StdNodeBasedDeserializer.class
target/shopcart-0.3.6/com/fasterxml/jackson/databind/deser/std/PrimitiveArrayDeserializers$ByteDeser.class
target/shopcart-0.3.6/com/fasterxml/jackson/databind/deser/std/AtomicLongDeserializer.class
target/shopcart-0.3.6/com/fasterxml/jackson/databind/deser/std/DateDeserializers$CalendarDeserializer.class
target/shopcart-0.3.6/com/fasterxml/jackson/databind/deser/std/DelegatingDeserializer.class
target/shopcart-0.3.6/com/fasterxml/jackson/databind/deser/std/DateDeserializers$1.class
target/shopcart-0.3.6/com/fasterxml/jackson/databind/deser/std/NumberDeserializers$BigDecimalDeserializer.class
target/shopcart-0.3.6/com/fasterxml/jackson/databind/deser/std/ThrowableDeserializer.class
target/shopcart-0.3.6/com/fasterxml/jackson/databind/deser/std/DateDeserializers$DateDeserializer.class
target/shopcart-0.3.6/com/fasterxml/jackson/databind/deser/std/NumberDeserializers$IntegerDeserializer.class
target/shopcart-0.3.6/com/fasterxml/jackson/databind/deser/std/StdDeserializer.class
target/shopcart-0.3.6/com/fasterxml/jackson/databind/deser/std/MapDeserializer.class
target/shopcart-0.3.6/com/fasterxml/jackson/databind/deser/std/StringDeserializer.class
target/shopcart-0.3.6/com/fasterxml/jackson/databind/deser/std/CollectionDeserializer.class
target/shopcart-0.3.6/com/fasterxml/jackson/databind/deser/std/ContainerDeserializerBase.class
target/shopcart-0.3.6/com/fasterxml/jackson/databind/deser/impl/PropertyValue.class
target/shopcart-0.3.6/com/fasterxml/jackson/databind/deser/std/UntypedObjectDeserializer$Vanilla.class
target/shopcart-0.3.6/com/fasterxml/jackson/databind/deser/std/EnumSetDeserializer.class
target/shopcart-0.3.6/com/fasterxml/jackson/databind/deser/std/DateDeserializers$SqlDateDeserializer.class
target/shopcart-0.3.6/com/fasterxml/jackson/databind/deser/ValueInstantiator$Base.class
target/shopcart-0.3.6/com/fasterxml/jackson/databind/deser/std/PrimitiveArrayDeserializers$ShortDeser.class
target/shopcart-0.3.6/com/fasterxml/jackson/databind/deser/std/StdScalarDeserializer.class
target/shopcart-0.3.6/com/fasterxml/jackson/databind/deser/std/StringCollectionDeserializer.class
target/shopcart-0.3.6/com/fasterxml/jackson/databind/deser/impl/ValueInjector.class
target/shopcart-0.3.6/com/fasterxml/jackson/databind/deser/impl/PropertyBasedCreator$CaseInsensitiveMap.class
target/shopcart-0.3.6/com/fasterxml/jackson/databind/deser/impl/JDKValueInstantiators$LinkedHashMapInstantiator.class
target/shopcart-0.3.6/com/fasterxml/jackson/databind/deser/impl/JDKValueInstantiators$ArrayListInstantiator.class
target/shopcart-0.3.6/com/fasterxml/jackson/databind/deser/impl/NullsFailProvider.class
target/shopcart-0.3.6/com/fasterxml/jackson/databind/deser/impl/ErrorThrowingDeserializer.class
target/shopcart-0.3.6/com/fasterxml/jackson/databind/deser/impl/JDKValueInstantiators$HashMapInstantiator.class
target/shopcart-0.3.6/com/fasterxml/jackson/databind/deser/impl/PropertyValue$Regular.class
target/shopcart-0.3.6/com/fasterxml/jackson/databind/deser/impl/TypeWrappedDeserializer.class
target/shopcart-0.3.6/com/fasterxml/jackson/databind/deser/impl/ReadableObjectId.class
target/shopcart-0.3.6/com/fasterxml/jackson/databind/deser/impl/NullsConstantProvider.class
target/shopcart-0.3.6/com/fasterxml/jackson/databind/deser/impl/BeanAsArrayBuilderDeserializer.class
target/shopcart-0.3.6/com/fasterxml/jackson/databind/deser/impl/ManagedReferenceProperty.class
target/shopcart-0.3.6/com/fasterxml/jackson/databind/deser/impl/ObjectIdReferenceProperty.class
target/shopcart-0.3.6/com/fasterxml/jackson/databind/deser/impl/JavaUtilCollectionsDeserializers.class
target/shopcart-0.3.6/com/fasterxml/jackson/databind/deser/impl/ObjectIdReferenceProperty$PropertyReferring.class
target/shopcart-0.3.6/com/fasterxml/jackson/databind/deser/impl/ReadableObjectId$Referring.class
target/shopcart-0.3.6/com/fasterxml/jackson/databind/deser/impl/FieldProperty.class
target/shopcart-0.3.6/com/fasterxml/jackson/databind/deser/impl/NullsAsEmptyProvider.class
target/shopcart-0.3.6/com/fasterxml/jackson/databind/deser/impl/InnerClassProperty.class
target/shopcart-0.3.6/com/fasterxml/jackson/databind/deser/impl/FailingDeserializer.class
target/shopcart-0.3.6/com/fasterxml/jackson/databind/deser/impl/JavaUtilCollectionsDeserializers$JavaUtilCollectionsConverter.class
target/shopcart-0.3.6/com/fasterxml/jackson/databind/deser/impl/CreatorCandidate.class
target/shopcart-0.3.6/com/fasterxml/jackson/databind/deser/impl/ExternalTypeHandler$ExtTypedProperty.class
target/shopcart-0.3.6/com/fasterxml/jackson/databind/deser/impl/ExternalTypeHandler$Builder.class
target/shopcart-0.3.6/com/fasterxml/jackson/databind/deser/impl/SetterlessProperty.class
target/shopcart-0.3.6/com/fasterxml/jackson/databind/deser/impl/UnsupportedTypeDeserializer.class
target/shopcart-0.3.6/com/fasterxml/jackson/databind/deser/impl/CreatorCollector.class
target/shopcart-0.3.6/com/fasterxml/jackson/databind/deser/impl/ObjectIdValueProperty.class
target/shopcart-0.3.6/com/fasterxml/jackson/databind/deser/impl/BeanPropertyMap.class
target/shopcart-0.3.6/com/fasterxml/jackson/databind/deser/impl/PropertyValue$Map.class
target/shopcart-0.3.6/com/fasterxml/jackson/databind/deser/impl/PropertyBasedCreator.class
target/shopcart-0.3.6/com/fasterxml/jackson/databind/deser/impl/JDKValueInstantiators$ConstantValueInstantiator.class
target/shopcart-0.3.6/com/fasterxml/jackson/databind/deser/impl/CreatorCandidate$Param.class
target/shopcart-0.3.6/com/fasterxml/jackson/databind/deser/impl/MergingSettableBeanProperty.class
target/shopcart-0.3.6/com/fasterxml/jackson/databind/deser/impl/ExternalTypeHandler.class
target/shopcart-0.3.6/com/fasterxml/jackson/databind/deser/impl/PropertyBasedObjectIdGenerator.class
target/shopcart-0.3.6/com/fasterxml/jackson/databind/deser/impl/PropertyValue$Any.class
target/shopcart-0.3.6/com/fasterxml/jackson/databind/deser/impl/PropertyValueBuffer.class
target/shopcart-0.3.6/com/fasterxml/jackson/databind/deser/impl/UnwrappedPropertyHandler.class
target/shopcart-0.3.6/com/fasterxml/jackson/databind/deser/impl/ObjectIdReader.class
target/shopcart-0.3.6/com/fasterxml/jackson/databind/deser/impl/MethodProperty.class
target/shopcart-0.3.6/com/fasterxml/jackson/databind/deser/Deserializers.class
target/shopcart-0.3.6/com/fasterxml/jackson/databind/deser/impl/BeanAsArrayDeserializer.class
target/shopcart-0.3.6/javax/annotation/PostConstruct.class
target/shopcart-0.3.6/javax/annotation/ManagedBean.class
target/shopcart-0.3.6/com/fasterxml/jackson/databind/deser/DataFormatReaders$AccessorForReader.class
target/shopcart-0.3.6/javax/annotation/sql/DataSourceDefinition.class
target/shopcart-0.3.6/com/fasterxml/jackson/databind/PropertyNamingStrategies$LowerCamelCaseStrategy.class
target/shopcart-0.3.6/javax/annotation/Priority.class
target/shopcart-0.3.6/javax/annotation/PreDestroy.class
target/shopcart-0.3.6/javax/annotation/Resource.class
target/shopcart-0.3.6/javax/annotation/Resources.class
target/shopcart-0.3.6/javax/annotation/sql/DataSourceDefinitions.class
target/shopcart-0.3.6/javax/annotation/security/DenyAll.class
target/shopcart-0.3.6/com/fasterxml/jackson/databind/deser/impl/JDKValueInstantiators.class
target/shopcart-0.3.6/com/fasterxml/jackson/databind/deser/UnresolvedForwardReference.class
target/shopcart-0.3.6/javax/annotation/Generated.class
target/shopcart-0.3.6/com/fasterxml/jackson/databind/PropertyName.class
target/shopcart-0.3.6/com/fasterxml/jackson/databind/deser/BeanDeserializerBuilder.class
target/shopcart-0.3.6/javax/annotation/security/RunAs.class
target/shopcart-0.3.6/javax/annotation/Resource$AuthenticationType.class
target/shopcart-0.3.6/javax/annotation/security/RolesAllowed.class
target/shopcart-0.3.6/javax/annotation/security/PermitAll.class
target/shopcart-0.3.6/javax/validation/ConstraintValidatorContext$ConstraintViolationBuilder$NodeContextBuilder.class
target/shopcart-0.3.6/javax/validation/Path$ReturnValueNode.class
target/shopcart-0.3.6/javax/validation/ParameterNameProvider.class
target/shopcart-0.3.6/javax/validation/Payload.class
target/shopcart-0.3.6/com/fasterxml/jackson/databind/deser/BuilderBasedDeserializer.class
target/shopcart-0.3.6/javax/validation/MessageInterpolator$Context.class
target/shopcart-0.3.6/javax/annotation/security/DeclareRoles.class
target/shopcart-0.3.6/javax/validation/valueextraction/Unwrapping.class
target/shopcart-0.3.6/javax/validation/valueextraction/Unwrapping$Skip.class
target/shopcart-0.3.6/javax/validation/valueextraction/ValueExtractor.class
target/shopcart-0.3.6/javax/validation/valueextraction/ValueExtractorDefinitionException.class
target/shopcart-0.3.6/javax/validation/valueextraction/Unwrapping$Unwrap.class
target/shopcart-0.3.6/javax/validation/valueextraction/UnwrapByDefault.class
target/shopcart-0.3.6/javax/validation/valueextraction/ExtractedValue.class
target/shopcart-0.3.6/javax/validation/valueextraction/ValueExtractor$ValueReceiver.class
target/shopcart-0.3.6/javax/validation/Path$MethodNode.class
target/shopcart-0.3.6/javax/validation/metadata/GroupConversionDescriptor.class
target/shopcart-0.3.6/javax/validation/Valid.class
target/shopcart-0.3.6/javax/validation/metadata/ReturnValueDescriptor.class
target/shopcart-0.3.6/javax/validation/valueextraction/ValueExtractorDeclarationException.class
target/shopcart-0.3.6/javax/validation/metadata/ContainerElementTypeDescriptor.class
target/shopcart-0.3.6/javax/validation/metadata/CrossParameterDescriptor.class
target/shopcart-0.3.6/javax/validation/metadata/ElementDescriptor.class
target/shopcart-0.3.6/javax/validation/metadata/ConstraintDescriptor.class
target/shopcart-0.3.6/javax/validation/metadata/MethodDescriptor.class
target/shopcart-0.3.6/javax/validation/executable/ExecutableValidator.class
target/shopcart-0.3.6/javax/validation/executable/ValidateOnExecution.class
target/shopcart-0.3.6/javax/validation/executable/ExecutableType.class
target/shopcart-0.3.6/javax/validation/metadata/ConstructorDescriptor.class
target/shopcart-0.3.6/javax/validation/metadata/ContainerDescriptor.class
target/shopcart-0.3.6/javax/validation/metadata/ValidateUnwrappedValue.class
target/shopcart-0.3.6/javax/validation/metadata/ParameterDescriptor.class
target/shopcart-0.3.6/javax/validation/metadata/BeanDescriptor.class
target/shopcart-0.3.6/javax/validation/metadata/PropertyDescriptor.class
target/shopcart-0.3.6/javax/validation/metadata/CascadableDescriptor.class
target/shopcart-0.3.6/javax/validation/metadata/MethodType.class
target/shopcart-0.3.6/javax/validation/metadata/ElementDescriptor$ConstraintFinder.class
target/shopcart-0.3.6/javax/validation/metadata/ExecutableDescriptor.class
target/shopcart-0.3.6/javax/validation/groups/ConvertGroup.class
target/shopcart-0.3.6/javax/validation/metadata/Scope.class
target/shopcart-0.3.6/javax/validation/groups/Default.class
target/shopcart-0.3.6/javax/validation/bootstrap/GenericBootstrap.class
target/shopcart-0.3.6/javax/validation/bootstrap/ProviderSpecificBootstrap.class
target/shopcart-0.3.6/javax/validation/ConstraintValidatorContext$ConstraintViolationBuilder$LeafNodeBuilderCustomizableContext.class
target/shopcart-0.3.6/javax/validation/groups/ConvertGroup$List.class
target/shopcart-0.3.6/javax/validation/Path$PropertyNode.class
target/shopcart-0.3.6/javax/validation/Path$ContainerElementNode.class
target/shopcart-0.3.6/javax/validation/NoProviderFoundException.class
target/shopcart-0.3.6/javax/validation/Path$ConstructorNode.class
target/shopcart-0.3.6/javax/validation/ConstraintValidatorContext$ConstraintViolationBuilder$NodeBuilderCustomizableContext.class
target/shopcart-0.3.6/javax/validation/spi/BootstrapState.class
target/shopcart-0.3.6/javax/validation/ConstraintViolationException.class
target/shopcart-0.3.6/javax/validation/spi/ValidationProvider.class
target/shopcart-0.3.6/javax/validation/Validation$GetValidationProviderListAction.class
target/shopcart-0.3.6/javax/validation/ConstraintValidatorContext.class
target/shopcart-0.3.6/javax/validation/UnexpectedTypeException.class
target/shopcart-0.3.6/javax/validation/ConstraintValidatorContext$ConstraintViolationBuilder$ContainerElementNodeContextBuilder.class
target/shopcart-0.3.6/javax/validation/GroupDefinitionException.class
target/shopcart-0.3.6/javax/validation/spi/ConfigurationState.class
target/shopcart-0.3.6/javax/validation/Validator.class
target/shopcart-0.3.6/javax/validation/ValidationProviderResolver.class
target/shopcart-0.3.6/javax/validation/ConstraintValidatorFactory.class
target/shopcart-0.3.6/javax/validation/ConstraintValidatorContext$ConstraintViolationBuilder$ContainerElementNodeBuilderCustomizableContext.class
target/shopcart-0.3.6/javax/validation/constraintvalidation/SupportedValidationTarget.class
target/shopcart-0.3.6/javax/validation/constraintvalidation/ValidationTarget.class
target/shopcart-0.3.6/javax/validation/Path$CrossParameterNode.class
target/shopcart-0.3.6/javax/validation/Constraint.class
target/shopcart-0.3.6/javax/validation/Validation$ProviderSpecificBootstrapImpl.class
target/shopcart-0.3.6/javax/validation/OverridesAttribute$List.class
target/shopcart-0.3.6/javax/validation/Validation.class
target/shopcart-0.3.6/javax/validation/ValidationException.class
target/shopcart-0.3.6/javax/validation/Validation$GenericBootstrapImpl.class
target/shopcart-0.3.6/javax/validation/ConstraintTarget.class
target/shopcart-0.3.6/javax/validation/ConstraintValidatorContext$ConstraintViolationBuilder.class
target/shopcart-0.3.6/javax/validation/ClockProvider.class
target/shopcart-0.3.6/javax/validation/Validation$DefaultValidationProviderResolver.class
target/shopcart-0.3.6/javax/validation/Path$ParameterNode.class
target/shopcart-0.3.6/javax/validation/ConstraintValidatorContext$ConstraintViolationBuilder$LeafNodeBuilderDefinedContext.class
target/shopcart-0.3.6/javax/validation/GroupSequence.class
target/shopcart-0.3.6/javax/validation/Configuration.class
target/shopcart-0.3.6/javax/validation/BootstrapConfiguration.class
target/shopcart-0.3.6/javax/validation/ConstraintValidatorContext$ConstraintViolationBuilder$LeafNodeContextBuilder.class
target/shopcart-0.3.6/javax/validation/ElementKind.class
target/shopcart-0.3.6/javax/validation/ValidatorContext.class
target/shopcart-0.3.6/javax/validation/ReportAsSingleViolation.class
target/shopcart-0.3.6/javax/validation/ConstraintValidatorContext$ConstraintViolationBuilder$NodeBuilderDefinedContext.class
target/shopcart-0.3.6/javax/validation/constraints/Positive$List.class
target/shopcart-0.3.6/javax/validation/constraints/DecimalMax.class
target/shopcart-0.3.6/javax/validation/constraints/Max$List.class
target/shopcart-0.3.6/javax/validation/constraints/AssertFalse.class
target/shopcart-0.3.6/javax/validation/constraints/Null.class
target/shopcart-0.3.6/javax/validation/constraints/Digits.class
target/shopcart-0.3.6/javax/validation/constraints/PastOrPresent.class
target/shopcart-0.3.6/javax/validation/constraints/Positive.class
target/shopcart-0.3.6/javax/validation/constraints/NotNull$List.class
target/shopcart-0.3.6/javax/validation/constraints/AssertTrue.class
target/shopcart-0.3.6/javax/validation/constraints/Email$List.class
target/shopcart-0.3.6/javax/validation/constraints/PositiveOrZero$List.class
target/shopcart-0.3.6/javax/validation/constraints/NotBlank.class
target/shopcart-0.3.6/javax/validation/constraints/Size$List.class
target/shopcart-0.3.6/javax/validation/constraints/Past.class
target/shopcart-0.3.6/javax/validation/constraints/Min$List.class
target/shopcart-0.3.6/javax/validation/constraints/Email.class
target/shopcart-0.3.6/javax/validation/constraints/Digits$List.class
target/shopcart-0.3.6/javax/validation/constraints/AssertFalse$List.class
target/shopcart-0.3.6/javax/validation/constraints/Pattern$List.class
target/shopcart-0.3.6/javax/validation/constraints/Past$List.class
target/shopcart-0.3.6/javax/validation/constraints/NegativeOrZero.class
target/shopcart-0.3.6/javax/validation/constraints/FutureOrPresent$List.class
target/shopcart-0.3.6/javax/validation/constraints/NotNull.class
target/shopcart-0.3.6/javax/validation/constraints/Future$List.class
target/shopcart-0.3.6/javax/validation/constraints/Max.class
target/shopcart-0.3.6/javax/validation/constraints/Min.class
target/shopcart-0.3.6/javax/validation/constraints/Size.class
target/shopcart-0.3.6/javax/validation/constraints/Negative.class
target/shopcart-0.3.6/javax/validation/constraints/NotBlank$List.class
target/shopcart-0.3.6/javax/validation/constraints/FutureOrPresent.class
target/shopcart-0.3.6/javax/validation/constraints/NotEmpty$List.class
target/shopcart-0.3.6/javax/validation/constraints/NotEmpty.class
target/shopcart-0.3.6/javax/validation/constraints/PastOrPresent$List.class
target/shopcart-0.3.6/javax/validation/constraints/DecimalMin$List.class
target/shopcart-0.3.6/javax/validation/constraints/NegativeOrZero$List.class
target/shopcart-0.3.6/javax/validation/constraints/Negative$List.class
target/shopcart-0.3.6/javax/validation/constraints/Pattern$Flag.class
target/shopcart-0.3.6/javax/validation/constraints/AssertTrue$List.class
target/shopcart-0.3.6/javax/validation/constraints/Null$List.class
target/shopcart-0.3.6/javax/validation/constraints/DecimalMax$List.class
target/shopcart-0.3.6/javax/validation/constraints/PositiveOrZero.class
target/shopcart-0.3.6/javax/validation/constraints/DecimalMin.class
target/shopcart-0.3.6/javax/validation/constraints/Pattern.class
target/shopcart-0.3.6/javax/validation/Path.class
target/shopcart-0.3.6/javax/validation/TraversableResolver.class
target/shopcart-0.3.6/javax/validation/Validation$1.class
target/shopcart-0.3.6/javax/validation/constraints/Future.class
target/shopcart-0.3.6/javax/validation/ValidatorFactory.class
target/shopcart-0.3.6/javax/validation/ConstraintViolation.class
target/shopcart-0.3.6/javax/validation/Path$Node.class
target/shopcart-0.3.6/javax/validation/Path$BeanNode.class
target/shopcart-0.3.6/javax/validation/ConstraintValidator.class
target/shopcart-0.3.6/javax/validation/Validation$NewProviderInstance.class
target/shopcart-0.3.6/javax/validation/ConstraintValidatorContext$ConstraintViolationBuilder$ContainerElementNodeBuilderDefinedContext.class
target/shopcart-0.3.6/javax/validation/OverridesAttribute.class
target/shopcart-0.3.6/javax/validation/ConstraintDefinitionException.class
target/shopcart-0.3.6/javax/validation/ConstraintDeclarationException.class
target/shopcart-0.3.6/javax/validation/MessageInterpolator.class
